-- MySQL dump 10.13  Distrib 8.0.19, for Linux (x86_64)
--
-- Host: localhost    Database: WildBerries
-- ------------------------------------------------------
-- Server version	8.0.19

/*!40101 SET @OLD_CHARACTER_SET_CLIENT=@@CHARACTER_SET_CLIENT */;
/*!40101 SET @OLD_CHARACTER_SET_RESULTS=@@CHARACTER_SET_RESULTS */;
/*!40101 SET @OLD_COLLATION_CONNECTION=@@COLLATION_CONNECTION */;
/*!50503 SET NAMES utf8mb4 */;
/*!40103 SET @OLD_TIME_ZONE=@@TIME_ZONE */;
/*!40103 SET TIME_ZONE='+00:00' */;
/*!40014 SET @OLD_UNIQUE_CHECKS=@@UNIQUE_CHECKS, UNIQUE_CHECKS=0 */;
/*!40014 SET @OLD_FOREIGN_KEY_CHECKS=@@FOREIGN_KEY_CHECKS, FOREIGN_KEY_CHECKS=0 */;
/*!40101 SET @OLD_SQL_MODE=@@SQL_MODE, SQL_MODE='NO_AUTO_VALUE_ON_ZERO' */;
/*!40111 SET @OLD_SQL_NOTES=@@SQL_NOTES, SQL_NOTES=0 */;

--
-- Table structure for table `active_sessions`
--

DROP TABLE IF EXISTS `active_sessions`;
/*!40101 SET @saved_cs_client     = @@character_set_client */;
/*!50503 SET character_set_client = utf8mb4 */;
CREATE TABLE `active_sessions` (
  `id` int unsigned NOT NULL AUTO_INCREMENT,
  `user_id` int unsigned NOT NULL,
  `dev_type` varchar(255) NOT NULL COMMENT 'Тип устройства',
  `ip` varchar(15) NOT NULL,
  `location` varchar(255) DEFAULT NULL,
  `created_at` datetime DEFAULT CURRENT_TIMESTAMP,
  PRIMARY KEY (`id`),
  KEY `active_sessions_user_id_fk` (`user_id`),
  CONSTRAINT `active_sessions_user_id_fk` FOREIGN KEY (`user_id`) REFERENCES `users` (`id`) ON DELETE CASCADE
) ENGINE=InnoDB AUTO_INCREMENT=101 DEFAULT CHARSET=utf8mb4 COLLATE=utf8mb4_0900_ai_ci COMMENT='Активные сессии пользователя';
/*!40101 SET character_set_client = @saved_cs_client */;

--
-- Dumping data for table `active_sessions`
--

LOCK TABLES `active_sessions` WRITE;
/*!40000 ALTER TABLE `active_sessions` DISABLE KEYS */;
INSERT INTO `active_sessions` VALUES (1,27,'Mozilla/5.0 (Windows; U; Windows 98) AppleWebKit/531.12.7 (KHTML, like Gecko) Version/4.0.5 Safari/531.12.7','49.123.1.232','9759 Giovanni Knoll Apt. 568\nCheyenneport, SD 38724-7781','2014-01-31 10:22:22'),(2,79,'Mozilla/5.0 (Macintosh; U; Intel Mac OS X 10_6_8) AppleWebKit/5341 (KHTML, like Gecko) Chrome/15.0.820.0 Safari/5341','254.8.252.45','06187 Zachery Harbor\nEast Aftonfort, NJ 04390','2017-08-31 09:36:08'),(3,78,'Mozilla/5.0 (compatible; MSIE 8.0; Windows NT 6.2; Trident/5.1)','115.140.48.141','164 Gerlach Station\nNew Edwardomouth, NH 41999-9046','2019-08-15 18:48:32'),(4,68,'Mozilla/5.0 (X11; Linuxi686; rv:7.0) Gecko/20150511 Firefox/15.0','35.169.38.38','2646 Tremblay Landing Suite 194\nNew Lea, FL 00195-8344','2018-04-20 03:40:52'),(5,2,'Mozilla/5.0 (Macintosh; U; Intel Mac OS X 10_8_3 rv:2.0) Gecko/20110520 Firefox/3.8','140.89.112.144','60742 Laurel Overpass Apt. 872\nPort Abdulfort, SC 58091','2010-05-25 23:48:05'),(6,98,'Mozilla/5.0 (compatible; MSIE 7.0; Windows 98; Win 9x 4.90; Trident/5.1)','186.46.207.130','69905 Kuhic Inlet\nLake Kristyhaven, PA 03638-9541','2012-11-17 12:50:32'),(7,75,'Mozilla/5.0 (Windows CE) AppleWebKit/5332 (KHTML, like Gecko) Chrome/14.0.873.0 Safari/5332','108.214.178.12','1700 Wyman Lakes\nMcKenzieberg, NH 72699-8954','2013-11-28 01:35:07'),(8,56,'Opera/9.77 (X11; Linuxx86_64; en-US) Presto/2.9.169 Version/12.00','153.221.134.8','9299 Treutel Keys Suite 698\nAdrielbury, PA 39119-6426','2012-07-10 03:20:56'),(9,74,'Mozilla/5.0 (Macintosh; U; PPC Mac OS X 10_8_5 rv:2.0; sl-SI) AppleWebKit/533.33.2 (KHTML, like Gecko) Version/4.0.3 Safari/533.33.2','63.110.196.216','07090 Winston River Apt. 069\nLangfort, NE 25002','2011-11-19 01:14:11'),(10,42,'Mozilla/5.0 (compatible; MSIE 5.0; Windows 98; Win 9x 4.90; Trident/3.1)','176.245.146.148','13253 Abshire Brooks\nSouth Edythe, AL 50621','2017-08-11 15:19:01'),(11,12,'Mozilla/5.0 (compatible; MSIE 8.0; Windows NT 6.2; Trident/3.1)','81.233.83.183','31525 Eleanore Alley Suite 263\nLake Newtontown, IL 13582','2010-08-26 10:57:27'),(12,45,'Mozilla/5.0 (Windows CE) AppleWebKit/5321 (KHTML, like Gecko) Chrome/14.0.887.0 Safari/5321','32.89.15.129','54511 O\'Keefe Pike Suite 958\nKilbackfort, WY 62143-9492','2011-04-22 06:18:08'),(13,58,'Mozilla/5.0 (Windows; U; Windows CE) AppleWebKit/535.15.7 (KHTML, like Gecko) Version/4.0.3 Safari/535.15.7','141.20.71.50','13069 Elouise Path\nSouth Emmastad, AK 32241','2014-12-04 06:57:09'),(14,79,'Opera/8.13 (Windows NT 5.2; en-US) Presto/2.9.161 Version/12.00','208.29.58.11','8348 Leffler Lodge\nHirtheborough, MN 28533-0055','2011-08-29 20:49:21'),(15,82,'Mozilla/5.0 (Macintosh; U; Intel Mac OS X 10_6_1 rv:4.0) Gecko/20100618 Firefox/3.8','62.154.224.38','6252 Feest Walks Apt. 283\nNorth Abdiel, NH 79771','2017-01-08 08:09:48'),(16,19,'Mozilla/5.0 (Macintosh; U; PPC Mac OS X 10_5_8 rv:6.0; en-US) AppleWebKit/532.36.3 (KHTML, like Gecko) Version/5.0.4 Safari/532.36.3','241.123.188.171','35824 Weissnat Plains Apt. 150\nAlbertborough, IA 09941','2011-11-16 01:19:49'),(17,20,'Mozilla/5.0 (iPod; U; CPU iPhone OS 4_1 like Mac OS X; sl-SI) AppleWebKit/534.38.3 (KHTML, like Gecko) Version/3.0.5 Mobile/8B118 Safari/6534.38.3','6.140.240.21','1508 Makenna Summit\nLangworthport, NC 24251-4779','2015-02-01 22:01:42'),(18,7,'Mozilla/5.0 (Windows; U; Windows NT 6.1) AppleWebKit/531.21.6 (KHTML, like Gecko) Version/5.0.1 Safari/531.21.6','208.163.33.44','4607 Baumbach Prairie\nEast Joana, MA 38956','2019-10-03 20:35:24'),(19,57,'Mozilla/5.0 (compatible; MSIE 6.0; Windows NT 5.1; Trident/5.1)','73.80.150.84','1367 Schimmel Wall Apt. 970\nKaliview, SD 58670-1745','2012-02-07 08:15:48'),(20,94,'Mozilla/5.0 (compatible; MSIE 9.0; Windows NT 5.1; Trident/3.0)','4.16.63.46','854 Jasen Vista\nCaylahaven, SC 94591-4753','2014-08-19 16:27:34'),(21,22,'Mozilla/5.0 (Macintosh; U; Intel Mac OS X 10_8_1 rv:6.0; en-US) AppleWebKit/535.25.7 (KHTML, like Gecko) Version/5.0.5 Safari/535.25.7','54.168.183.69','966 Mariane Coves\nSouth Eino, NV 63972','2017-02-27 16:28:54'),(22,51,'Mozilla/5.0 (X11; Linuxx86_64) AppleWebKit/5332 (KHTML, like Gecko) Chrome/13.0.893.0 Safari/5332','196.173.93.254','7215 Hessel Spring Apt. 171\nLiachester, AK 66876','2013-06-01 07:12:29'),(23,86,'Mozilla/5.0 (Macintosh; U; Intel Mac OS X 10_7_1) AppleWebKit/5361 (KHTML, like Gecko) Chrome/13.0.827.0 Safari/5361','162.219.204.11','012 Margarete Knolls\nDickinsonmouth, MS 73691','2018-02-08 18:17:58'),(24,82,'Mozilla/5.0 (Macintosh; U; Intel Mac OS X 10_5_2 rv:2.0; sl-SI) AppleWebKit/535.31.2 (KHTML, like Gecko) Version/4.0.5 Safari/535.31.2','65.70.209.237','876 Fahey Heights\nLake Carlie, MS 24858','2017-05-26 01:03:23'),(25,97,'Mozilla/5.0 (compatible; MSIE 8.0; Windows NT 6.0; Trident/4.0)','198.58.194.206','438 Yost Ways\nKarlberg, OR 05799','2013-10-12 00:55:10'),(26,20,'Mozilla/5.0 (iPod; U; CPU iPhone OS 3_0 like Mac OS X; sl-SI) AppleWebKit/533.9.5 (KHTML, like Gecko) Version/3.0.5 Mobile/8B112 Safari/6533.9.5','194.42.165.62','4550 West Loop Apt. 139\nToreybury, NV 57510-2462','2012-02-09 15:51:18'),(27,72,'Opera/8.85 (X11; Linuxx86_64; sl-SI) Presto/2.9.179 Version/10.00','236.189.68.86','814 Misael Inlet\nEast Isabelport, NC 21460','2013-09-05 03:03:37'),(28,23,'Mozilla/5.0 (compatible; MSIE 5.0; Windows 98; Trident/3.0)','205.134.23.106','43564 Shields Fork Suite 971\nFranceshaven, WY 72012','2020-03-15 20:13:28'),(29,44,'Mozilla/5.0 (compatible; MSIE 6.0; Windows 98; Win 9x 4.90; Trident/5.0)','210.143.117.244','9231 Johnston Crescent Apt. 877\nJosefafort, CA 95419','2011-04-20 19:11:18'),(30,34,'Mozilla/5.0 (compatible; MSIE 5.0; Windows NT 6.1; Trident/4.1)','58.30.204.150','179 Shana Fields\nNew Jaren, NJ 89149-4188','2018-02-14 09:11:42'),(31,47,'Opera/9.30 (Windows NT 4.0; en-US) Presto/2.9.168 Version/11.00','8.8.241.110','73522 Howell Spur\nSchneiderton, NH 82134-9317','2013-02-27 08:11:32'),(32,82,'Mozilla/5.0 (compatible; MSIE 7.0; Windows NT 5.0; Trident/5.1)','45.31.178.182','54692 Barton Alley Apt. 889\nEast Betsyshire, ME 15818-3019','2019-09-28 22:07:25'),(33,49,'Mozilla/5.0 (compatible; MSIE 7.0; Windows 98; Win 9x 4.90; Trident/3.1)','33.65.128.108','95689 Kevon Loop Suite 522\nFayborough, SD 63059-5020','2019-04-22 03:58:18'),(34,97,'Mozilla/5.0 (Windows NT 6.1) AppleWebKit/5321 (KHTML, like Gecko) Chrome/13.0.887.0 Safari/5321','183.134.89.6','0371 Donny Circles Apt. 779\nSouth Serenityview, DC 62833','2011-04-21 21:57:44'),(35,85,'Mozilla/5.0 (Macintosh; Intel Mac OS X 10_5_5) AppleWebKit/5330 (KHTML, like Gecko) Chrome/14.0.843.0 Safari/5330','99.172.149.88','3306 Farrell Stream Apt. 451\nWest Danikabury, UT 59272-2540','2016-11-15 23:00:15'),(36,37,'Mozilla/5.0 (compatible; MSIE 6.0; Windows 98; Win 9x 4.90; Trident/3.1)','63.74.61.130','3345 Mohammad Harbors\nNew Jaymeborough, NY 02967-8725','2018-12-01 02:20:46'),(37,13,'Mozilla/5.0 (Macintosh; U; Intel Mac OS X 10_7_1 rv:6.0) Gecko/20180614 Firefox/3.6.14','249.77.138.115','821 Sanford Springs\nEast Rubie, IL 62341-6373','2014-09-26 23:23:00'),(38,86,'Mozilla/5.0 (Windows NT 5.1; en-US; rv:1.9.2.20) Gecko/20140424 Firefox/3.6.2','73.22.148.79','0611 Baron Prairie Suite 956\nEast Maiyaview, WY 73527-3651','2017-03-02 22:37:09'),(39,16,'Mozilla/5.0 (Macintosh; U; Intel Mac OS X 10_6_3 rv:5.0) Gecko/20110728 Firefox/3.8','158.113.141.172','69610 Tessie Expressway\nMartinshire, MA 40336','2018-08-03 12:32:45'),(40,37,'Mozilla/5.0 (X11; Linuxi686; rv:5.0) Gecko/20161028 Firefox/12.0','179.149.187.237','6569 Erdman Junctions Suite 090\nPort Jaidenton, UT 80389','2018-02-11 00:58:45'),(41,39,'Mozilla/5.0 (Windows NT 4.0; sl-SI; rv:1.9.2.20) Gecko/20160409 Firefox/3.8','176.183.72.1','34150 Brown Park Suite 914\nWest Anibalmouth, LA 98961-9210','2015-03-26 18:41:50'),(42,12,'Mozilla/5.0 (compatible; MSIE 9.0; Windows CE; Trident/5.1)','43.70.148.46','30285 Ariane Valleys\nEast Raegan, LA 47716','2011-03-25 12:49:09'),(43,35,'Opera/9.54 (X11; Linuxx86_64; en-US) Presto/2.9.167 Version/11.00','26.95.231.235','180 Gutkowski Forge Suite 797\nSauerfort, MA 67546-4975','2014-11-02 00:26:52'),(44,51,'Mozilla/5.0 (Windows 98; Win 9x 4.90) AppleWebKit/5321 (KHTML, like Gecko) Chrome/14.0.876.0 Safari/5321','188.108.92.48','766 Spinka Valleys Suite 710\nNorth Janyshire, AL 73895','2010-05-28 04:30:57'),(45,10,'Mozilla/5.0 (Macintosh; Intel Mac OS X 10_8_1 rv:4.0) Gecko/20150502 Firefox/3.8','87.160.113.142','393 Blick Path\nSouth Anahi, ME 54935-8231','2017-10-22 02:20:26'),(46,61,'Mozilla/5.0 (Windows NT 5.0; sl-SI; rv:1.9.1.20) Gecko/20170130 Firefox/8.0','212.138.180.130','223 Elroy Ford Apt. 451\nNorth Kaitlinland, KY 66301','2020-03-25 16:40:29'),(47,70,'Mozilla/5.0 (Macintosh; U; PPC Mac OS X 10_7_8 rv:3.0; en-US) AppleWebKit/533.19.3 (KHTML, like Gecko) Version/5.0.1 Safari/533.19.3','33.174.94.206','8378 King Crossroad\nElenorport, MI 13980-1935','2011-12-25 14:53:20'),(48,76,'Mozilla/5.0 (Macintosh; U; Intel Mac OS X 10_7_4) AppleWebKit/5361 (KHTML, like Gecko) Chrome/15.0.876.0 Safari/5361','185.217.15.155','33970 Kuphal Light Apt. 001\nMicheleville, RI 89105','2017-11-26 14:31:29'),(49,86,'Mozilla/5.0 (Windows NT 5.01) AppleWebKit/5351 (KHTML, like Gecko) Chrome/13.0.891.0 Safari/5351','145.230.80.130','26054 McKenzie Rest\nMrazshire, FL 68227','2015-09-29 07:36:46'),(50,12,'Mozilla/5.0 (Macintosh; PPC Mac OS X 10_7_5 rv:3.0) Gecko/20180515 Firefox/3.6.16','166.6.212.49','55400 Evan Place Apt. 745\nMaiyafort, PA 19328','2014-07-28 06:59:43'),(51,22,'Mozilla/5.0 (Windows NT 6.2) AppleWebKit/5312 (KHTML, like Gecko) Chrome/15.0.875.0 Safari/5312','232.93.130.150','5601 Powlowski Bridge Apt. 240\nPort Ray, WA 80528-8795','2016-07-21 04:22:55'),(52,26,'Mozilla/5.0 (compatible; MSIE 5.0; Windows NT 4.0; Trident/3.1)','154.21.153.141','8662 Ritchie Lane\nKingview, NJ 25593-1039','2020-04-06 08:22:58'),(53,70,'Opera/8.38 (Windows NT 6.0; en-US) Presto/2.9.175 Version/12.00','174.50.157.61','9915 Rocio Port\nWisozkfurt, CA 01849-8964','2013-07-14 22:31:50'),(54,20,'Mozilla/5.0 (compatible; MSIE 7.0; Windows 98; Trident/5.0)','244.9.37.130','59312 Smith Dale\nMercedesmouth, VA 22838','2010-08-19 10:58:06'),(55,73,'Mozilla/5.0 (X11; Linuxx86_64) AppleWebKit/5332 (KHTML, like Gecko) Chrome/13.0.869.0 Safari/5332','216.94.98.253','27799 Ofelia Ports\nNorth Bernita, OH 93579','2013-04-07 07:07:35'),(56,56,'Mozilla/5.0 (compatible; MSIE 9.0; Windows NT 6.2; Trident/4.1)','92.94.90.238','2289 Okuneva Greens Suite 595\nRathhaven, NV 21581','2015-04-27 08:35:14'),(57,35,'Mozilla/5.0 (compatible; MSIE 9.0; Windows NT 5.2; Trident/5.1)','76.36.211.226','344 Eichmann Pine Apt. 351\nPort Evangelinefurt, NJ 75823','2017-10-20 07:07:04'),(58,87,'Mozilla/5.0 (compatible; MSIE 6.0; Windows 98; Trident/3.1)','74.10.246.206','578 Schimmel Unions\nMooreville, UT 00295-8856','2012-04-26 23:09:57'),(59,80,'Mozilla/5.0 (X11; Linuxi686) AppleWebKit/5330 (KHTML, like Gecko) Chrome/13.0.802.0 Safari/5330','129.78.115.121','617 Renner Forge Suite 484\nConroyborough, AL 08624','2017-10-05 02:51:22'),(60,74,'Mozilla/5.0 (X11; Linuxx86_64; rv:7.0) Gecko/20190507 Firefox/3.6.3','66.122.140.61','7099 Kovacek Burgs Apt. 092\nJonatanchester, WA 22940','2011-03-05 00:21:26'),(61,70,'Opera/8.90 (X11; Linuxi686; sl-SI) Presto/2.9.176 Version/12.00','19.176.122.208','64229 Eichmann Fall\nWest Berneice, VA 60561','2011-06-07 04:26:53'),(62,85,'Mozilla/5.0 (compatible; MSIE 6.0; Windows 98; Win 9x 4.90; Trident/5.1)','112.252.196.139','829 Mitchell Plains Suite 544\nFeestfort, NC 20583','2014-02-21 22:37:08'),(63,34,'Mozilla/5.0 (Windows CE; sl-SI; rv:1.9.0.20) Gecko/20140925 Firefox/3.8','32.81.209.115','857 Brandi Green Apt. 824\nWest Brittany, WY 23102-9446','2018-02-19 11:34:59'),(64,29,'Mozilla/5.0 (Windows NT 6.0) AppleWebKit/5310 (KHTML, like Gecko) Chrome/15.0.871.0 Safari/5310','188.101.246.27','49717 Delpha Gateway\nJanland, MT 25582-5384','2015-01-31 06:08:13'),(65,80,'Mozilla/5.0 (Windows 98; Win 9x 4.90) AppleWebKit/5320 (KHTML, like Gecko) Chrome/13.0.862.0 Safari/5320','79.206.233.207','110 Macie Lane\nEast Dusty, ND 15120-8905','2015-03-28 07:37:21'),(66,69,'Mozilla/5.0 (X11; Linuxx86_64) AppleWebKit/5330 (KHTML, like Gecko) Chrome/14.0.831.0 Safari/5330','72.232.213.216','930 Charity Fords\nEast Rebaville, FL 70575','2019-02-12 09:30:33'),(67,57,'Mozilla/5.0 (Macintosh; Intel Mac OS X 10_8_8 rv:6.0) Gecko/20190514 Firefox/9.0','27.254.81.83','45023 Lockman Inlet Suite 942\nLynchville, DC 79890-7285','2012-11-15 01:29:34'),(68,76,'Mozilla/5.0 (iPod; U; CPU iPhone OS 4_0 like Mac OS X; sl-SI) AppleWebKit/533.25.2 (KHTML, like Gecko) Version/3.0.5 Mobile/8B114 Safari/6533.25.2','65.189.125.42','874 Blick Cove\nWest Aubreytown, NY 06571-6348','2020-03-28 21:29:54'),(69,2,'Opera/8.16 (Windows NT 5.2; sl-SI) Presto/2.9.172 Version/12.00','72.210.11.8','852 Tremaine Bypass\nCorkeryport, LA 62069-4732','2015-11-26 11:29:46'),(70,33,'Mozilla/5.0 (compatible; MSIE 7.0; Windows 95; Trident/5.0)','165.211.57.30','4117 Ivy Curve Apt. 698\nHintztown, MI 32244','2013-08-11 04:53:25'),(71,5,'Mozilla/5.0 (Macintosh; PPC Mac OS X 10_7_5 rv:2.0; en-US) AppleWebKit/531.41.5 (KHTML, like Gecko) Version/4.1 Safari/531.41.5','18.229.216.82','19601 Oberbrunner Manors Apt. 642\nLangmouth, IL 83292-8801','2013-08-25 09:29:59'),(72,85,'Mozilla/5.0 (compatible; MSIE 8.0; Windows 95; Trident/3.0)','72.207.13.30','56674 Howell Island Suite 302\nJonatantown, AR 26389','2013-12-28 15:56:43'),(73,4,'Mozilla/5.0 (Windows NT 6.2) AppleWebKit/5330 (KHTML, like Gecko) Chrome/14.0.833.0 Safari/5330','255.90.50.201','935 Esmeralda View Suite 508\nWalkerland, LA 91194-2398','2012-11-01 22:42:10'),(74,87,'Mozilla/5.0 (X11; Linuxi686; rv:6.0) Gecko/20180409 Firefox/6.0','84.172.199.100','1748 Caroline Road Suite 510\nErnserburgh, HI 61856-5333','2017-05-31 17:16:45'),(75,95,'Opera/9.10 (X11; Linuxi686; en-US) Presto/2.9.185 Version/12.00','26.243.52.130','81427 Hickle Plains\nKaitlynchester, AK 61133-0848','2010-11-10 19:03:58'),(76,35,'Mozilla/5.0 (compatible; MSIE 9.0; Windows NT 6.2; Trident/5.0)','86.65.150.18','689 Kerluke Lakes\nBartellshire, NM 65787-1283','2012-02-13 16:27:48'),(77,62,'Mozilla/5.0 (Windows; U; Windows NT 6.2) AppleWebKit/533.3.7 (KHTML, like Gecko) Version/4.0.1 Safari/533.3.7','179.32.58.176','28170 Bailey Springs\nEast Erlingland, MI 26955-9268','2011-05-29 08:50:08'),(78,19,'Mozilla/5.0 (compatible; MSIE 5.0; Windows NT 6.1; Trident/5.0)','142.61.101.8','15765 Spinka Mews Apt. 528\nNorth Jaydaborough, CT 55921-9201','2019-12-29 18:24:57'),(79,95,'Mozilla/5.0 (Macintosh; Intel Mac OS X 10_7_0 rv:5.0) Gecko/20111003 Firefox/3.8','24.148.85.104','180 Elissa Turnpike\nWatsicaside, ME 20480','2015-04-19 22:22:34'),(80,88,'Mozilla/5.0 (iPod; U; CPU iPhone OS 3_1 like Mac OS X; sl-SI) AppleWebKit/535.36.4 (KHTML, like Gecko) Version/4.0.5 Mobile/8B118 Safari/6535.36.4','160.203.144.131','0928 Scottie Estate\nWest Deja, OR 48910-0874','2019-12-20 13:46:03'),(81,85,'Opera/8.36 (Windows NT 5.01; en-US) Presto/2.9.180 Version/10.00','162.168.177.218','0703 Brown Ways\nKarlitown, NH 91336','2010-12-28 23:11:00'),(82,41,'Mozilla/5.0 (Macintosh; U; Intel Mac OS X 10_7_7 rv:5.0; en-US) AppleWebKit/531.2.3 (KHTML, like Gecko) Version/5.1 Safari/531.2.3','22.41.193.154','1728 Wisozk Terrace\nLucindaton, WY 44564-3325','2018-08-11 10:37:56'),(83,79,'Mozilla/5.0 (X11; Linuxx86_64; rv:6.0) Gecko/20121009 Firefox/3.6.6','98.151.132.211','16285 Ted Extensions\nDedrickfort, OK 62213','2015-10-05 23:52:16'),(84,77,'Mozilla/5.0 (Windows 95) AppleWebKit/5352 (KHTML, like Gecko) Chrome/15.0.816.0 Safari/5352','108.170.149.203','683 Muriel Freeway\nMcDermottbury, KS 43690-2905','2017-11-23 14:56:20'),(85,37,'Mozilla/5.0 (iPod; U; CPU iPhone OS 4_1 like Mac OS X; sl-SI) AppleWebKit/533.31.4 (KHTML, like Gecko) Version/3.0.5 Mobile/8B116 Safari/6533.31.4','172.54.178.58','8246 Damaris Rapids Suite 700\nLake Bryonhaven, MA 34878','2019-11-12 13:21:23'),(86,70,'Mozilla/5.0 (iPod; U; CPU iPhone OS 3_3 like Mac OS X; sl-SI) AppleWebKit/533.4.7 (KHTML, like Gecko) Version/4.0.5 Mobile/8B111 Safari/6533.4.7','246.170.25.247','6133 Schmidt Hills Suite 630\nSauerburgh, RI 45016-8477','2013-10-29 05:58:56'),(87,57,'Mozilla/5.0 (compatible; MSIE 9.0; Windows NT 6.1; Trident/3.1)','159.215.239.186','84810 Kunze Stream\nAmericoview, NE 73681-6554','2019-01-26 22:58:06'),(88,92,'Mozilla/5.0 (Windows NT 5.0; en-US; rv:1.9.1.20) Gecko/20180420 Firefox/6.0','230.82.91.14','52169 Littel Grove Apt. 025\nTowneshire, IA 07011-6254','2011-08-16 18:19:41'),(89,21,'Opera/8.80 (X11; Linuxi686; sl-SI) Presto/2.9.167 Version/10.00','61.251.118.60','7451 Bartholome Ports\nCassinchester, MA 82609-1937','2013-09-19 15:34:20'),(90,3,'Mozilla/5.0 (compatible; MSIE 5.0; Windows NT 5.1; Trident/5.0)','213.227.242.184','36514 Lionel Fords\nEast Josiane, NJ 17483-7179','2017-11-16 19:39:16'),(91,5,'Mozilla/5.0 (iPod; U; CPU iPhone OS 3_2 like Mac OS X; sl-SI) AppleWebKit/532.4.1 (KHTML, like Gecko) Version/3.0.5 Mobile/8B119 Safari/6532.4.1','165.19.204.45','47882 Tianna Meadow Suite 214\nWest Rubyside, ND 03633-3162','2017-08-21 18:34:09'),(92,19,'Mozilla/5.0 (compatible; MSIE 6.0; Windows NT 5.0; Trident/5.1)','210.105.155.9','344 Abner Orchard\nPort Dariusburgh, CT 73768','2017-07-23 14:25:11'),(93,35,'Mozilla/5.0 (Windows NT 6.0; sl-SI; rv:1.9.2.20) Gecko/20140301 Firefox/3.6.7','177.31.52.32','688 Moen Field Apt. 217\nLake Domenico, IA 35818','2011-11-29 11:30:14'),(94,81,'Mozilla/5.0 (compatible; MSIE 9.0; Windows NT 5.2; Trident/4.0)','62.148.160.207','380 Gaylord Prairie\nBlockbury, CT 33580','2016-09-07 12:34:02'),(95,27,'Opera/9.82 (X11; Linuxi686; sl-SI) Presto/2.9.169 Version/10.00','146.110.15.197','796 Toy Manors Suite 544\nSmithamhaven, AR 33638-4414','2019-08-11 16:59:45'),(96,59,'Opera/8.18 (X11; Linuxi686; sl-SI) Presto/2.9.162 Version/11.00','205.36.178.113','799 Emard Drive Suite 589\nNorth Aimee, NE 68574-6368','2014-08-17 09:00:34'),(97,46,'Mozilla/5.0 (X11; Linuxx86_64) AppleWebKit/5342 (KHTML, like Gecko) Chrome/13.0.808.0 Safari/5342','61.193.85.243','5960 Raynor Island\nMathewview, WY 22150','2013-05-15 13:44:39'),(98,63,'Mozilla/5.0 (Windows; U; Windows NT 5.1) AppleWebKit/535.34.3 (KHTML, like Gecko) Version/5.0.4 Safari/535.34.3','196.159.83.134','61504 Anna Crossing\nMannmouth, TX 33994','2013-11-18 06:27:44'),(99,39,'Mozilla/5.0 (Macintosh; Intel Mac OS X 10_8_3 rv:6.0; sl-SI) AppleWebKit/531.15.2 (KHTML, like Gecko) Version/4.0.3 Safari/531.15.2','235.222.151.54','66269 Beer Trace\nLake Maximilian, NV 79998','2012-04-16 15:56:09'),(100,43,'Mozilla/5.0 (compatible; MSIE 9.0; Windows 95; Trident/3.0)','120.120.130.234','407 Hauck Plain Suite 517\nPort Rhianna, FL 97540','2013-03-01 12:48:19');
/*!40000 ALTER TABLE `active_sessions` ENABLE KEYS */;
UNLOCK TABLES;

--
-- Table structure for table `available_cities`
--

DROP TABLE IF EXISTS `available_cities`;
/*!40101 SET @saved_cs_client     = @@character_set_client */;
/*!50503 SET character_set_client = utf8mb4 */;
CREATE TABLE `available_cities` (
  `id` int unsigned NOT NULL AUTO_INCREMENT,
  `delivery_service_id` int unsigned DEFAULT NULL,
  `name` varchar(50) NOT NULL COMMENT 'Название города',
  `price` decimal(8,2) DEFAULT '0.00' COMMENT 'Стоимость той или иной доставки',
  `created_at` datetime DEFAULT CURRENT_TIMESTAMP,
  `updated_at` datetime DEFAULT CURRENT_TIMESTAMP ON UPDATE CURRENT_TIMESTAMP,
  PRIMARY KEY (`id`),
  KEY `available_cities_delivery_service_id_fk` (`delivery_service_id`),
  CONSTRAINT `available_cities_delivery_service_id_fk` FOREIGN KEY (`delivery_service_id`) REFERENCES `delivery_services` (`id`) ON DELETE CASCADE
) ENGINE=InnoDB AUTO_INCREMENT=101 DEFAULT CHARSET=utf8mb4 COLLATE=utf8mb4_0900_ai_ci COMMENT='Доступные города/службы обслуживающие города/стоимость доставки';
/*!40101 SET character_set_client = @saved_cs_client */;

--
-- Dumping data for table `available_cities`
--

LOCK TABLES `available_cities` WRITE;
/*!40000 ALTER TABLE `available_cities` DISABLE KEYS */;
INSERT INTO `available_cities` VALUES (1,66,'Rowlandshire',1406.00,'2017-06-24 02:24:24','2020-04-30 16:07:32'),(2,79,'East Noemiborough',745.00,'2014-05-01 03:34:40','2020-04-30 16:07:32'),(3,96,'West Soledad',1008.00,'2015-11-05 02:32:53','2020-04-30 16:07:32'),(4,44,'Raynorland',2307.00,'2017-06-28 12:14:45','2020-04-30 16:07:32'),(5,30,'Magdalenmouth',2011.00,'2011-05-09 16:36:30','2020-04-30 16:07:32'),(6,17,'South Jenningshaven',633.00,'2015-08-15 13:13:30','2020-04-30 16:07:32'),(7,94,'Damianmouth',637.00,'2011-07-04 01:23:28','2020-04-30 16:07:32'),(8,20,'South King',787.00,'2020-01-14 08:02:37','2020-04-30 16:07:32'),(9,18,'Roweborough',1527.00,'2014-01-03 09:30:04','2020-04-30 16:07:32'),(10,30,'Lake Jamilshire',773.00,'2015-08-14 23:03:55','2020-04-30 16:07:32'),(11,97,'North Scottie',788.00,'2012-03-09 12:32:44','2020-04-30 16:07:32'),(12,91,'Manteport',1119.00,'2016-01-15 18:00:11','2020-04-30 16:07:32'),(13,67,'South Aliyah',735.00,'2018-11-30 00:36:26','2020-04-30 16:07:32'),(14,58,'Lake Armanishire',1819.00,'2020-01-06 10:46:03','2020-04-30 16:07:32'),(15,89,'New Whitney',2389.00,'2015-02-02 15:58:10','2020-04-30 16:07:32'),(16,73,'West Susana',1987.00,'2016-12-07 11:38:42','2020-04-30 16:07:32'),(17,97,'Aaliyahchester',2269.00,'2014-10-21 11:33:59','2020-04-30 16:07:32'),(18,65,'Keshawnstad',884.00,'2016-10-01 04:30:31','2020-04-30 16:07:32'),(19,34,'Lindtown',1118.00,'2016-01-12 12:45:59','2020-04-30 16:07:32'),(20,73,'North Sarinaton',2439.00,'2014-10-24 03:00:42','2020-04-30 16:07:32'),(21,65,'West Cierra',2338.00,'2016-11-10 09:27:28','2020-04-30 16:07:32'),(22,4,'East Barneyborough',1874.00,'2014-03-24 18:07:15','2020-04-30 16:07:32'),(23,23,'Martinestad',1856.00,'2016-12-11 20:06:16','2020-04-30 16:07:32'),(24,2,'Clementinastad',1158.00,'2010-09-20 06:27:20','2020-04-30 16:07:32'),(25,43,'Garrickside',1727.00,'2017-07-17 06:09:20','2020-04-30 16:07:32'),(26,10,'Carrollberg',660.00,'2012-10-07 18:59:53','2020-04-30 16:07:32'),(27,17,'West Roberta',1622.00,'2019-03-30 19:49:01','2020-04-30 16:07:32'),(28,55,'Shanonside',1630.00,'2019-02-10 07:54:40','2020-04-30 16:07:32'),(29,23,'Uptonbury',786.00,'2016-09-02 12:54:27','2020-04-30 16:07:32'),(30,52,'Ardenburgh',542.00,'2015-03-13 10:34:28','2020-04-30 16:07:32'),(31,89,'Lake Sunny',1852.00,'2012-03-09 06:00:30','2020-04-30 16:07:32'),(32,88,'Pacochahaven',1133.00,'2012-04-27 22:59:41','2020-04-30 16:07:32'),(33,75,'East Jacklyn',1613.00,'2016-11-20 05:55:52','2020-04-30 16:07:32'),(34,8,'West Marcellus',2167.00,'2010-04-24 17:02:43','2020-04-30 16:07:32'),(35,17,'Hanebury',1495.00,'2011-11-09 01:35:15','2020-04-30 16:07:32'),(36,58,'Marvinberg',2478.00,'2013-05-10 15:10:40','2020-04-30 16:07:32'),(37,40,'Dachton',1404.00,'2012-04-12 18:53:47','2020-04-30 16:07:32'),(38,25,'Lake Taramouth',1085.00,'2014-05-20 14:03:15','2020-04-30 16:07:32'),(39,4,'West Foreststad',717.00,'2019-11-05 06:47:44','2020-04-30 16:07:32'),(40,43,'Tremayneton',1832.00,'2011-10-17 16:58:33','2020-04-30 16:07:32'),(41,4,'Powlowskiborough',508.00,'2011-12-09 06:29:57','2020-04-30 16:07:32'),(42,91,'Lake Richieton',549.00,'2020-01-30 13:12:57','2020-04-30 16:07:32'),(43,43,'Lake Mckenziefurt',720.00,'2015-05-24 14:59:51','2020-04-30 16:07:32'),(44,43,'Pansyside',1454.00,'2014-05-26 21:02:06','2020-04-30 16:07:32'),(45,83,'North Giovaniport',611.00,'2017-06-09 08:19:31','2020-04-30 16:07:32'),(46,88,'Denesikland',2195.00,'2014-07-09 02:47:45','2020-04-30 16:07:32'),(47,90,'West Daniella',640.00,'2011-12-30 03:16:04','2020-04-30 16:07:32'),(48,87,'Boylefort',2121.00,'2013-12-21 10:50:47','2020-04-30 16:07:32'),(49,63,'Kirlinview',2182.00,'2012-04-29 01:51:34','2020-04-30 16:07:32'),(50,54,'South Emmitt',2047.00,'2019-12-04 12:44:25','2020-04-30 16:07:32'),(51,82,'South Garret',1189.00,'2010-08-27 22:46:46','2020-04-30 16:07:32'),(52,45,'South Letamouth',1308.00,'2010-07-31 11:25:53','2020-04-30 16:07:32'),(53,79,'Dietrichshire',2474.00,'2017-09-21 12:33:24','2020-04-30 16:07:32'),(54,60,'Randyview',1947.00,'2010-08-01 01:08:32','2020-04-30 16:07:32'),(55,61,'Zulaufborough',1811.00,'2011-01-22 01:55:11','2020-04-30 16:07:32'),(56,27,'Luluton',716.00,'2016-02-15 06:05:40','2020-04-30 16:07:32'),(57,48,'Oralville',1652.00,'2015-08-24 09:30:39','2020-04-30 16:07:32'),(58,62,'Port Ruthstad',1610.00,'2010-04-23 20:42:33','2020-04-30 16:07:32'),(59,64,'South Edison',596.00,'2015-06-28 17:56:17','2020-04-30 16:07:32'),(60,33,'Port Sadye',1653.00,'2016-04-01 19:35:03','2020-04-30 16:07:32'),(61,72,'Port Zoie',1977.00,'2013-01-25 17:07:04','2020-04-30 16:07:32'),(62,63,'West Marta',2426.00,'2014-11-21 00:00:33','2020-04-30 16:07:32'),(63,98,'Abbottview',1699.00,'2019-10-17 23:22:00','2020-04-30 16:07:32'),(64,100,'East Marisol',717.00,'2015-07-06 16:40:28','2020-04-30 16:07:32'),(65,5,'West Laviniashire',1992.00,'2011-01-10 21:24:13','2020-04-30 16:07:32'),(66,24,'Ovamouth',1309.00,'2013-02-12 13:20:27','2020-04-30 16:07:32'),(67,6,'East Serena',2069.00,'2011-05-28 17:16:36','2020-04-30 16:07:32'),(68,59,'Port Willowville',1918.00,'2012-08-16 23:11:51','2020-04-30 16:07:32'),(69,74,'Port Jaylen',885.00,'2018-07-21 02:42:35','2020-04-30 16:07:32'),(70,93,'Reannaside',2174.00,'2019-10-06 14:08:39','2020-04-30 16:07:32'),(71,42,'South Lesly',1715.00,'2017-02-11 20:21:22','2020-04-30 16:07:32'),(72,33,'South Kellyville',1552.00,'2016-02-29 03:08:46','2020-04-30 16:07:32'),(73,37,'West Melissa',2117.00,'2012-07-29 14:08:06','2020-04-30 16:07:32'),(74,88,'North Chase',1428.00,'2018-08-15 01:07:34','2020-04-30 16:07:32'),(75,25,'South Glennaburgh',2290.00,'2015-11-04 12:22:30','2020-04-30 16:07:32'),(76,61,'Eloystad',667.00,'2019-11-11 18:18:41','2020-04-30 16:07:32'),(77,31,'South Emma',1968.00,'2016-05-16 06:00:37','2020-04-30 16:07:32'),(78,70,'Lake Deon',1338.00,'2015-08-06 08:17:26','2020-04-30 16:07:32'),(79,59,'Harrismouth',2290.00,'2015-04-08 00:03:23','2020-04-30 16:07:32'),(80,82,'South Elinoreview',933.00,'2018-03-13 00:09:58','2020-04-30 16:07:32'),(81,34,'Johannamouth',1298.00,'2015-01-20 07:52:49','2020-04-30 16:07:32'),(82,22,'East Wellington',1191.00,'2015-12-01 22:58:03','2020-04-30 16:07:32'),(83,9,'West Ara',1561.00,'2019-07-09 09:15:25','2020-04-30 16:07:32'),(84,78,'North Jonasview',1736.00,'2014-07-18 11:26:49','2020-04-30 16:07:32'),(85,64,'Frederickchester',1496.00,'2017-07-14 22:15:49','2020-04-30 16:07:32'),(86,85,'Oralstad',1773.00,'2019-01-21 05:00:10','2020-04-30 16:07:32'),(87,34,'Genefort',1876.00,'2018-01-03 20:00:05','2020-04-30 16:07:32'),(88,13,'North Kyleigh',1564.00,'2013-01-15 01:16:55','2020-04-30 16:07:32'),(89,62,'South Tedview',1691.00,'2018-06-30 05:12:52','2020-04-30 16:07:32'),(90,71,'Jayneville',1263.00,'2018-10-22 23:41:01','2020-04-30 16:07:32'),(91,70,'North Magaliview',745.00,'2016-10-22 05:03:28','2020-04-30 16:07:32'),(92,37,'Jacobsonmouth',1436.00,'2016-05-15 13:32:40','2020-04-30 16:07:32'),(93,71,'Metzfurt',2448.00,'2013-06-12 20:43:40','2020-04-30 16:07:32'),(94,47,'New Chelsie',1429.00,'2014-10-10 08:01:06','2020-04-30 16:07:32'),(95,20,'New Hellen',1304.00,'2017-09-10 06:29:30','2020-04-30 16:07:32'),(96,57,'Port Shannonview',1736.00,'2015-07-16 15:45:56','2020-04-30 16:07:32'),(97,25,'South Carolanneland',2266.00,'2012-06-27 06:49:04','2020-04-30 16:07:32'),(98,54,'Jamisonland',1624.00,'2019-10-23 07:46:24','2020-04-30 16:07:32'),(99,93,'South Camron',822.00,'2015-06-02 12:31:21','2020-04-30 16:07:32'),(100,5,'Richmondborough',741.00,'2017-03-05 10:57:53','2020-04-30 16:07:32');
/*!40000 ALTER TABLE `available_cities` ENABLE KEYS */;
UNLOCK TABLES;

--
-- Table structure for table `catalogs`
--

DROP TABLE IF EXISTS `catalogs`;
/*!40101 SET @saved_cs_client     = @@character_set_client */;
/*!50503 SET character_set_client = utf8mb4 */;
CREATE TABLE `catalogs` (
  `id` smallint unsigned NOT NULL AUTO_INCREMENT,
  `name` varchar(50) NOT NULL COMMENT 'Название раздела',
  `created_at` datetime DEFAULT CURRENT_TIMESTAMP,
  `updated_at` datetime DEFAULT CURRENT_TIMESTAMP ON UPDATE CURRENT_TIMESTAMP,
  PRIMARY KEY (`id`),
  UNIQUE KEY `name` (`name`)
) ENGINE=InnoDB AUTO_INCREMENT=18 DEFAULT CHARSET=utf8mb4 COLLATE=utf8mb4_0900_ai_ci COMMENT='Каталоги';
/*!40101 SET character_set_client = @saved_cs_client */;

--
-- Dumping data for table `catalogs`
--

LOCK TABLES `catalogs` WRITE;
/*!40000 ALTER TABLE `catalogs` DISABLE KEYS */;
INSERT INTO `catalogs` VALUES (1,'Рубашки','2017-08-31 08:37:02','2020-04-30 16:07:32'),(2,'Брюки','2012-03-20 06:47:32','2014-02-26 14:05:13'),(3,'Верхняя одежда','2010-12-15 22:00:33','2014-08-20 15:53:07'),(4,'Шорты','2017-08-18 08:16:58','2018-05-09 13:18:45'),(5,'Свитшоты','2019-11-19 16:47:53','2020-04-30 16:07:32'),(6,'Карнавальные костюмы','2017-12-19 16:26:31','2020-04-30 16:07:32'),(7,'Футболки и майки','2011-05-27 17:17:13','2016-03-24 17:29:13'),(8,'Худи','2014-07-28 14:26:52','2020-04-30 16:07:32'),(9,'Комбинезоны и полукомбинезоны','2014-04-23 07:50:24','2015-03-02 06:34:06'),(10,'Жилеты','2010-06-29 17:49:48','2016-10-27 06:53:28'),(11,'Лонгсливы','2013-05-13 13:07:02','2020-04-30 16:07:32'),(12,'Толстовки','2012-11-02 15:49:25','2016-03-27 05:13:14'),(13,'Костюмы','2014-03-28 18:03:11','2015-07-07 09:29:29'),(14,'Джемперы и кардиганы','2013-11-12 20:47:24','2017-12-31 22:01:08'),(15,'Джинсы','2014-10-19 08:09:11','2016-08-07 20:12:47'),(16,'Водолазки','2015-04-30 13:27:58','2016-12-24 05:24:53'),(17,'Пиджаки и жакеты','2017-06-23 03:48:32','2020-04-30 16:07:32');
/*!40000 ALTER TABLE `catalogs` ENABLE KEYS */;
UNLOCK TABLES;

--
-- Table structure for table `delivery_methods`
--

DROP TABLE IF EXISTS `delivery_methods`;
/*!40101 SET @saved_cs_client     = @@character_set_client */;
/*!50503 SET character_set_client = utf8mb4 */;
CREATE TABLE `delivery_methods` (
  `id` tinyint unsigned NOT NULL AUTO_INCREMENT,
  `name` enum('Пункт выдачи','Курьерская доставка') NOT NULL,
  `created_at` datetime DEFAULT CURRENT_TIMESTAMP,
  `updated_at` datetime DEFAULT CURRENT_TIMESTAMP ON UPDATE CURRENT_TIMESTAMP,
  PRIMARY KEY (`id`),
  KEY `delivery_methods_id_name_idx` (`id`,`name`)
) ENGINE=InnoDB AUTO_INCREMENT=3 DEFAULT CHARSET=utf8mb4 COLLATE=utf8mb4_0900_ai_ci COMMENT='Методы доставки';
/*!40101 SET character_set_client = @saved_cs_client */;

--
-- Dumping data for table `delivery_methods`
--

LOCK TABLES `delivery_methods` WRITE;
/*!40000 ALTER TABLE `delivery_methods` DISABLE KEYS */;
INSERT INTO `delivery_methods` VALUES (1,'Пункт выдачи','2010-12-17 18:55:24','2018-03-24 04:29:03'),(2,'Курьерская доставка','2017-01-05 18:34:16','2020-04-30 16:07:32');
/*!40000 ALTER TABLE `delivery_methods` ENABLE KEYS */;
UNLOCK TABLES;

--
-- Table structure for table `delivery_services`
--

DROP TABLE IF EXISTS `delivery_services`;
/*!40101 SET @saved_cs_client     = @@character_set_client */;
/*!50503 SET character_set_client = utf8mb4 */;
CREATE TABLE `delivery_services` (
  `id` int unsigned NOT NULL AUTO_INCREMENT,
  `name` varchar(50) NOT NULL,
  `city` varchar(50) NOT NULL,
  `address` varchar(255) DEFAULT NULL,
  `phone` varchar(15) NOT NULL COMMENT '1(234)567-89-10',
  `created_at` datetime DEFAULT CURRENT_TIMESTAMP,
  `updated_at` datetime DEFAULT CURRENT_TIMESTAMP ON UPDATE CURRENT_TIMESTAMP,
  PRIMARY KEY (`id`),
  UNIQUE KEY `name` (`name`)
) ENGINE=InnoDB AUTO_INCREMENT=101 DEFAULT CHARSET=utf8mb4 COLLATE=utf8mb4_0900_ai_ci COMMENT='Пункты выдачи/службы доставки';
/*!40101 SET character_set_client = @saved_cs_client */;

--
-- Dumping data for table `delivery_services`
--

LOCK TABLES `delivery_services` WRITE;
/*!40000 ALTER TABLE `delivery_services` DISABLE KEYS */;
INSERT INTO `delivery_services` VALUES (1,'et','Terryfort','77543 Schaefer Road Suite 900\nStiedemannbury, OH 56848','8(966)667-22-81','2016-08-16 01:30:16','2020-04-30 16:07:32'),(2,'quod','McDermottbury','4078 Destany Turnpike\nZachariahburgh, HI 56521','8(961)710-57-66','2016-03-18 11:45:37','2020-04-30 16:07:32'),(3,'ex','Willardborough','859 Watsica Ford Apt. 496\nRunolfssonhaven, VT 66730','8(954)890-75-11','2015-04-03 16:43:45','2020-04-30 16:07:32'),(4,'est','South Heaven','0611 Hyatt Loaf\nEast Ambrose, AK 41958','8(989)531-70-93','2015-11-02 22:48:52','2020-04-30 16:07:32'),(5,'doloribus','Lake Sigurdmouth','9378 Mohamed Camp Apt. 704\nMervinview, FL 10364','8(966)602-78-24','2012-01-02 09:41:42','2020-04-30 16:07:32'),(6,'facilis','Lake Johnathonfort','0418 Tillman Vista\nEast Nedrahaven, OK 33653-5572','8(947)972-44-11','2019-07-29 19:04:48','2020-04-30 16:07:32'),(7,'totam','Alysaville','0452 Marge Path Suite 618\nWehnerville, WY 26873','8(990)562-84-68','2017-02-01 04:58:54','2020-04-30 16:07:32'),(8,'non','Marinafurt','65137 Bradford Heights\nNorth Trace, OH 98890','8(973)807-71-16','2014-02-21 04:37:21','2020-04-30 16:07:32'),(9,'sed','Wiegandborough','22080 Pascale Spur\nAndreannestad, CO 97554-4389','8(928)335-47-40','2017-07-20 03:23:57','2020-04-30 16:07:32'),(10,'dolore','Kshlerinfort','9855 John Prairie\nPacochachester, VT 15216','8(942)221-43-53','2017-01-12 22:06:28','2020-04-30 16:07:32'),(11,'asperiores','Yasminport','71057 Mills Forge\nHahnfort, AK 94134-4223','8(928)122-30-18','2014-12-06 21:50:26','2020-04-30 16:07:32'),(12,'consectetur','Kutchburgh','3944 Elenor Manor Suite 487\nMorganport, CO 41264','8(975)582-45-41','2015-07-20 22:23:15','2020-04-30 16:07:32'),(13,'nihil','Port Brionna','82862 Wintheiser Island\nWest Ernest, WA 85462','8(959)965-98-16','2014-11-29 15:24:19','2020-04-30 16:07:32'),(14,'officiis','Fritschberg','740 Cummerata Cliff Apt. 900\nFadelview, VA 76332','8(939)804-73-28','2019-09-12 09:26:30','2020-04-30 16:07:32'),(15,'nulla','East Litzytown','80498 Benjamin Branch Suite 038\nMannberg, WY 37973','8(987)848-54-97','2017-01-18 14:13:27','2020-04-30 16:07:32'),(16,'blanditiis','Mertzmouth','3812 Samson Ramp Apt. 484\nWest Darenberg, NV 77975-4905','8(943)330-94-98','2019-01-07 21:20:49','2020-04-30 16:07:32'),(17,'veritatis','Littelfurt','641 Greenholt Gardens Suite 275\nEast Rydermouth, WA 17002','8(910)631-64-34','2011-03-15 18:16:25','2020-04-30 16:07:32'),(18,'corrupti','Donnyshire','155 Runte Cape\nWest Flo, OR 54394-8545','8(955)978-27-14','2019-01-14 14:41:12','2020-04-30 16:07:32'),(19,'fuga','Isabellashire','31278 Nannie Gardens\nGrantburgh, OK 88842','8(964)199-63-70','2013-06-05 19:44:09','2020-04-30 16:07:32'),(20,'praesentium','New Marjorieview','311 Lebsack Common Apt. 308\nRutheshire, WI 96816-6961','8(958)941-89-69','2013-06-17 22:20:20','2020-04-30 16:07:32'),(21,'laudantium','Quigleyville','6765 O\'Keefe Union\nNorth Rosetta, CT 35205','8(963)300-26-31','2015-12-19 11:14:30','2020-04-30 16:07:32'),(22,'dicta','Pfefferfurt','5287 Grimes Cove\nBrookeside, VT 94796-1507','8(966)692-33-38','2013-08-30 04:03:47','2020-04-30 16:07:32'),(23,'minima','Carolinahaven','3278 Ruecker Mall Suite 524\nNew Javon, NE 11709-5269','8(979)163-93-53','2019-11-02 23:47:15','2020-04-30 16:07:32'),(24,'aspernatur','North Ramonachester','58672 Jamar Lodge\nArjunfurt, AK 88473','8(963)776-83-85','2010-06-17 03:51:03','2020-04-30 16:07:32'),(25,'aliquid','Elissaside','4538 Cameron Squares\nSouth Marshallland, WI 37391','8(976)408-44-89','2017-05-30 10:15:07','2020-04-30 16:07:32'),(26,'neque','Runolfssonville','325 Lakin Stream\nPort Baron, AZ 71412','8(930)903-56-93','2013-06-06 01:13:10','2020-04-30 16:07:32'),(27,'iste','Strackehaven','3465 Porter Vista Suite 166\nNorth Tina, OR 40997','8(910)777-48-88','2015-06-22 09:15:48','2020-04-30 16:07:32'),(28,'facere','West Darrenhaven','2908 Weimann Summit\nRoweland, WI 91702','8(911)986-59-81','2020-03-25 21:48:57','2020-04-30 16:07:32'),(29,'tempore','Buckridgeville','646 Kirlin Cove\nNorth Leximouth, KY 87939-7294','8(934)417-73-54','2019-09-11 07:11:22','2020-04-30 16:07:32'),(30,'eum','Morissettefurt','2414 Eliseo Gardens Suite 988\nCarolineborough, MO 25776','8(933)320-26-27','2012-11-29 04:54:29','2020-04-30 16:07:32'),(31,'recusandae','North Clovisbury','4396 Alex Greens\nEast Nicolas, TX 80195-6002','8(940)535-26-49','2012-11-19 11:24:39','2020-04-30 16:07:32'),(32,'fugit','West Demetrius','860 O\'Keefe Crossing\nMcLaughlinmouth, NM 64377-3849','8(969)256-77-33','2019-10-27 10:12:37','2020-04-30 16:07:32'),(33,'quibusdam','Waelchiborough','8800 Rowe Squares Apt. 251\nWillowfort, VA 49309','8(904)511-22-38','2017-04-25 06:36:30','2020-04-30 16:07:32'),(34,'quidem','West Kalebury','7774 Bechtelar Groves\nAllyfurt, OR 53903-3902','8(919)150-68-21','2011-06-02 02:12:37','2020-04-30 16:07:32'),(35,'dignissimos','North Kieratown','9840 Gleason Throughway Apt. 967\nRosamondtown, ME 35917-0791','8(966)992-93-71','2017-08-17 16:54:20','2020-04-30 16:07:32'),(36,'numquam','New Delia','494 Velda Lane Apt. 234\nEast Laurianeview, GA 46470','8(964)277-11-56','2019-07-02 18:03:06','2020-04-30 16:07:32'),(37,'ea','Corneliusport','35025 Konopelski Park Suite 265\nPort Maurice, TN 05591','8(952)188-89-27','2017-05-13 12:42:29','2020-04-30 16:07:32'),(38,'fugiat','West Earnestchester','286 Nathen View\nLittleshire, MI 15278-6347','8(926)812-22-39','2018-09-27 22:10:25','2020-04-30 16:07:32'),(39,'quia','Elliston','8053 Janiya Land\nValerieberg, AL 44642-2203','8(919)156-71-32','2017-08-30 13:48:47','2020-04-30 16:07:32'),(40,'consequatur','Stammbury','46240 Tre Hill\nPort Chasitybury, IA 55788-8007','8(920)387-94-78','2016-01-19 23:25:57','2020-04-30 16:07:32'),(41,'amet','Spencerstad','217 Oleta Ports Apt. 541\nTheoland, CO 61888','8(998)696-40-74','2016-03-31 09:28:38','2020-04-30 16:07:32'),(42,'quasi','North Donato','613 Dewitt Meadow\nNorth Mattfort, IL 46753-5928','8(957)767-95-63','2011-05-21 14:08:44','2020-04-30 16:07:32'),(43,'ad','Darianachester','152 Christine Stravenue Suite 223\nBergstromside, NJ 64990-5729','8(911)812-63-66','2011-02-27 06:47:52','2020-04-30 16:07:32'),(44,'enim','North Noeliahaven','88740 Boyer Walks Apt. 116\nJaunitaview, MS 52587','8(934)873-32-69','2014-10-18 00:43:37','2020-04-30 16:07:32'),(45,'voluptatibus','Port Erna','293 Ritchie Common\nNorth Justinefort, MS 09555-0684','8(960)139-43-78','2010-07-15 23:19:09','2020-04-30 16:07:32'),(46,'nisi','Thaliahaven','1221 Dach Mission\nLake Mina, MD 82309','8(969)301-10-39','2017-04-27 01:20:06','2020-04-30 16:07:32'),(47,'modi','Genovevatown','80929 Joana Underpass Apt. 847\nLake Chaz, AK 30070-6691','8(963)310-31-53','2017-01-04 01:36:24','2020-04-30 16:07:32'),(48,'laborum','North Demarcusport','689 Hudson Street Suite 317\nEast Mckenzie, NY 98625','8(972)297-88-77','2012-04-30 00:30:58','2020-04-30 16:07:32'),(49,'earum','Russelview','702 Shemar Club\nNorth Dawn, MA 33286','8(914)527-92-26','2012-12-01 04:00:00','2020-04-30 16:07:32'),(50,'debitis','West Vanessaberg','3221 Corwin Causeway Apt. 040\nNorth Elwynmouth, WI 67351-6867','8(917)401-21-68','2018-11-06 16:31:08','2020-04-30 16:07:32'),(51,'sint','South Leolafort','4070 Pete Crossing Suite 262\nAronberg, DE 71509-5276','8(989)597-13-60','2017-07-29 17:54:03','2020-04-30 16:07:32'),(52,'natus','Port Jennietown','8149 Friesen Parks\nMyaview, PA 83825','8(966)722-48-19','2013-03-29 14:00:49','2020-04-30 16:07:32'),(53,'ut','North Donaldstad','699 Clementina Ways Suite 697\nNorth Broderick, NM 94772-6318','8(922)864-58-25','2016-08-21 12:59:30','2020-04-30 16:07:32'),(54,'commodi','South Leannview','58939 Hoppe Mountains Suite 912\nWadefort, TX 69441-8549','8(921)663-49-41','2011-10-05 04:38:58','2020-04-30 16:07:32'),(55,'quos','South Moriah','16497 Bridie Village\nCarmelhaven, NY 66691','8(939)983-72-58','2018-07-13 02:09:19','2020-04-30 16:07:32'),(56,'qui','East Deonte','4637 Stanley Loaf Apt. 981\nMacejkovicberg, FL 82091-3227','8(960)498-43-59','2019-11-08 12:08:11','2020-04-30 16:07:32'),(57,'explicabo','Gretchenfort','680 Blanda Crossroad Suite 852\nLake Sydnie, MI 19437-2665','8(964)642-14-49','2017-04-15 18:15:35','2020-04-30 16:07:32'),(58,'velit','North Idellview','43966 Price Cliff\nNew Adele, WV 74993-4667','8(905)998-81-98','2014-10-20 19:23:14','2020-04-30 16:07:32'),(59,'nemo','Augustachester','26209 Cleveland Cliff\nEast Nia, IL 27577-2304','8(956)905-76-16','2011-04-10 04:45:21','2020-04-30 16:07:32'),(60,'sunt','Lydiaton','0366 Schimmel Plaza\nNorth Candido, PA 39146-5594','8(910)416-47-12','2013-05-18 11:11:06','2020-04-30 16:07:32'),(61,'quisquam','Lake Ryley','52159 Emmerich Land\nNorth Rogelioborough, IN 45637','8(985)332-72-73','2019-02-27 16:43:54','2020-04-30 16:07:32'),(62,'aut','Sterlingmouth','09344 Gustave Spurs Apt. 621\nNelleton, MD 01150-3395','8(944)246-49-72','2019-10-22 14:53:33','2020-04-30 16:07:32'),(63,'in','Goldnertown','963 Miller Expressway Apt. 111\nMarkusland, ID 65103-9916','8(920)964-23-90','2012-06-03 20:43:01','2020-04-30 16:07:32'),(64,'eligendi','Robelfort','09865 Flatley Gateway Apt. 385\nTamiaberg, NY 61767-0153','8(902)527-33-91','2014-03-01 15:59:41','2020-04-30 16:07:32'),(65,'autem','Hilariochester','83138 Littel Rapid Suite 901\nWalterville, AZ 49677-4610','8(976)228-43-50','2010-11-22 07:08:16','2020-04-30 16:07:32'),(66,'reiciendis','East Meaganton','1204 Zemlak Run Suite 263\nPort Kaileeshire, LA 39373','8(915)506-77-49','2010-09-22 05:49:47','2020-04-30 16:07:32'),(67,'eos','South Lola','44288 Feest Squares\nSouth Alexandre, NC 61903','8(993)441-16-29','2012-11-26 19:33:38','2020-04-30 16:07:32'),(68,'sit','Lake Alishafurt','2517 Cartwright Gateway\nHahnport, KY 26819','8(988)806-33-93','2017-02-10 22:38:23','2020-04-30 16:07:32'),(69,'nobis','South Clyde','1183 Xavier Keys Suite 645\nBotsfordstad, MS 86333','8(991)830-35-96','2018-09-23 07:37:17','2020-04-30 16:07:32'),(70,'harum','Wilkinsonview','1624 Reginald Spur Apt. 622\nPagacberg, OK 04484','8(900)245-77-39','2019-08-30 17:28:26','2020-04-30 16:07:32'),(71,'dolores','West Anitabury','0018 Graham Squares Suite 782\nTrentchester, ID 16451-2412','8(935)853-17-93','2019-12-13 22:20:09','2020-04-30 16:07:32'),(72,'maxime','Lake Evan','285 Stoltenberg Divide Suite 035\nKrajcikview, FL 57459','8(939)293-86-70','2012-09-28 15:42:26','2020-04-30 16:07:32'),(73,'vitae','Kesslerton','904 Weimann Station\nSouth Hollis, MO 39572-3104','8(977)918-26-29','2017-04-28 00:59:51','2020-04-30 16:07:32'),(74,'aliquam','East Effieberg','7522 Jalen Shores\nLynchfort, IA 59375','8(949)876-82-52','2018-11-02 07:19:03','2020-04-30 16:07:32'),(75,'odit','Hagenesshire','8083 Stanton Track\nWest Dudley, WY 13514-9499','8(995)424-92-57','2014-08-26 12:25:40','2020-04-30 16:07:32'),(76,'minus','Lake Tracey','756 Hubert Fork Apt. 317\nSchillertown, NV 76143-3766','8(987)842-52-91','2013-05-31 07:01:45','2020-04-30 16:07:32'),(77,'temporibus','West Elliechester','6957 Letha Wall Suite 021\nGerholdland, MN 84029-2808','8(915)149-80-78','2012-05-01 11:28:34','2020-04-30 16:07:32'),(78,'distinctio','Sheridanmouth','6518 Hillary Forks Suite 796\nSporerville, AZ 79768-1898','8(946)169-95-60','2010-06-21 00:41:10','2020-04-30 16:07:32'),(79,'dolorem','Hahnside','3596 Kertzmann Extensions\nWest Doloreschester, SC 62142','8(996)232-82-68','2017-09-03 10:10:32','2020-04-30 16:07:32'),(80,'reprehenderit','Port Jeanie','8307 Curt Throughway\nAngusmouth, WY 55078','8(981)252-42-36','2010-12-31 07:48:53','2020-04-30 16:07:32'),(81,'quam','North Elaina','263 Schiller Ridge\nMelyssaburgh, MS 78845','8(941)305-86-65','2010-06-22 04:23:02','2020-04-30 16:07:32'),(82,'libero','Hellenburgh','987 Susanna Dam Apt. 295\nRosellafurt, SC 52779-7663','8(950)725-94-67','2017-06-21 12:39:10','2020-04-30 16:07:32'),(83,'quae','Keshawnmouth','122 Nova Plains\nLake Robertoberg, IA 76127-9217','8(940)198-37-30','2014-06-10 09:00:37','2020-04-30 16:07:32'),(84,'cupiditate','McClureberg','5085 Murl Drive\nEast Michealport, WV 30960-1001','8(920)447-35-35','2017-03-22 05:33:18','2020-04-30 16:07:32'),(85,'omnis','Kleinhaven','8395 Nikolaus Forge Suite 834\nWest Mabelle, CT 58766-2711','8(953)870-69-76','2014-11-02 09:31:47','2020-04-30 16:07:32'),(86,'a','East Tiffanyport','89963 Caroline Square Suite 356\nLarissashire, IN 31083-7097','8(974)582-46-49','2012-01-25 15:47:12','2020-04-30 16:07:32'),(87,'voluptatem','Ernserfurt','87354 Monica Loop Apt. 309\nRexview, WA 94116-2408','8(998)675-29-23','2019-04-27 11:49:38','2020-04-30 16:07:32'),(88,'eaque','Ronaldochester','4607 Cheyenne Views Apt. 034\nWest Kamerontown, RI 65126-5737','8(908)146-95-67','2019-02-08 07:14:58','2020-04-30 16:07:32'),(89,'voluptate','Milfordmouth','446 Josue Terrace Suite 530\nBogisichhaven, GA 47689','8(934)860-23-31','2018-02-19 05:11:42','2020-04-30 16:07:32'),(90,'placeat','Braxtonbury','32781 Reynold Crescent Apt. 052\nElzaview, TN 29229','8(973)985-72-57','2012-11-10 23:32:25','2020-04-30 16:07:32'),(91,'architecto','Beierport','88206 Murazik Garden\nCynthiamouth, IL 26514-2436','8(957)370-77-90','2010-12-19 23:36:55','2020-04-30 16:07:32'),(92,'quis','Ryannchester','239 Clair Mills Apt. 707\nPort Fosterberg, TX 65331','8(924)611-16-66','2020-04-12 03:02:55','2020-04-30 16:07:32'),(93,'accusantium','Lake Ruthe','9440 Margarett Avenue\nElmoview, AR 44544-4169','8(994)874-50-71','2019-07-10 15:48:57','2020-04-30 16:07:32'),(94,'impedit','Port Esmeraldamouth','733 Jerod Burgs Apt. 910\nSouth Wilhelmine, OR 82210','8(907)414-54-48','2017-08-08 05:19:12','2020-04-30 16:07:32'),(95,'unde','O\'Konton','48625 Tillman Roads\nLake Estevanton, IL 48480-8723','8(968)244-74-20','2012-05-21 12:59:12','2020-04-30 16:07:32'),(96,'nesciunt','South Salvatore','9043 Letha Pass\nBaumbachville, KY 44712-3961','8(940)755-45-83','2014-03-12 12:10:54','2020-04-30 16:07:32'),(97,'doloremque','New Tristonberg','479 Keebler Fields\nNorth Marjorieberg, WA 45119-1063','8(990)180-73-35','2012-09-29 03:25:55','2020-04-30 16:07:32'),(98,'ducimus','New Era','550 Ortiz Keys Suite 305\nLake Charlotte, RI 23505-4889','8(927)636-20-78','2014-12-24 12:31:49','2020-04-30 16:07:32'),(99,'ab','East Jaymeberg','21105 Fahey Skyway\nJamilfurt, IL 98883','8(952)399-16-43','2018-12-15 04:49:46','2020-04-30 16:07:32'),(100,'perspiciatis','Hettingerton','94920 Estella Mountain Suite 265\nOswaldbury, UT 48395','8(964)220-73-23','2013-06-01 15:31:10','2020-04-30 16:07:32');
/*!40000 ALTER TABLE `delivery_services` ENABLE KEYS */;
UNLOCK TABLES;

--
-- Table structure for table `discounts`
--

DROP TABLE IF EXISTS `discounts`;
/*!40101 SET @saved_cs_client     = @@character_set_client */;
/*!50503 SET character_set_client = utf8mb4 */;
CREATE TABLE `discounts` (
  `id` int unsigned NOT NULL AUTO_INCREMENT,
  `name` varchar(50) NOT NULL,
  `description` varchar(255) DEFAULT NULL,
  `promo_code_id` int unsigned DEFAULT NULL COMMENT 'Привязка скидки к промокоду по желанию',
  `discount` decimal(3,2) unsigned DEFAULT NULL COMMENT 'Скидка от 0.0 до 1.0',
  `created_at` datetime DEFAULT CURRENT_TIMESTAMP,
  `updated_at` datetime DEFAULT CURRENT_TIMESTAMP ON UPDATE CURRENT_TIMESTAMP,
  PRIMARY KEY (`id`),
  UNIQUE KEY `name` (`name`),
  UNIQUE KEY `promo_code_id` (`promo_code_id`),
  CONSTRAINT `discounts_promo_code_id_fk` FOREIGN KEY (`promo_code_id`) REFERENCES `promo_codes` (`id`) ON DELETE CASCADE
) ENGINE=InnoDB AUTO_INCREMENT=16 DEFAULT CHARSET=utf8mb4 COLLATE=utf8mb4_0900_ai_ci COMMENT='Скидки постоянного покупателя и промокоды';
/*!40101 SET character_set_client = @saved_cs_client */;

--
-- Dumping data for table `discounts`
--

LOCK TABLES `discounts` WRITE;
/*!40000 ALTER TABLE `discounts` DISABLE KEYS */;
INSERT INTO `discounts` VALUES (1,'omnis','Quisquam earum in adipisci omnis. Nam eum atque aut architecto. Consequuntur perspiciatis tenetur rem est iste ipsam reiciendis. Est commodi quisquam et omnis est impedit.',NULL,0.85,'2018-07-18 20:20:29','2020-04-30 16:07:32'),(2,'sit','Amet voluptas harum assumenda dolorum harum. Inventore doloribus voluptas corrupti dolorem provident dignissimos. Quia dolorum est odio cumque.',NULL,0.83,'2020-02-13 14:45:34','2020-04-30 16:07:32'),(3,'recusandae','Consequatur voluptas voluptatem dolorum aut exercitationem aut dolores. Est culpa fugiat temporibus numquam impedit. Exercitationem culpa incidunt voluptatem aliquid nulla autem repellat. Quibusdam maiores rem provident est.',NULL,0.80,'2013-12-18 09:06:33','2020-04-30 16:07:32'),(4,'officia','Veniam voluptatum molestiae quis qui alias non. Voluptates qui sequi delectus sint mollitia molestiae exercitationem. Corporis et debitis maxime voluptas. Sint odio voluptatum consequatur fugiat voluptas officiis.',NULL,0.77,'2014-09-15 03:59:47','2020-04-30 16:07:32'),(5,'veniam','Architecto dolor laudantium quia nihil quaerat. Nam omnis ut nam assumenda eum ut. Sapiente autem pariatur consequatur nihil sed ut ullam. Libero fuga et repellendus voluptates aut atque.',NULL,0.75,'2017-06-27 09:10:09','2020-04-30 16:07:32'),(6,'qui','Quam velit sunt itaque vel. Numquam adipisci animi expedita voluptas commodi et in. Corporis consequatur eum deserunt nobis saepe occaecati. Possimus quas omnis est repellendus.',1,0.18,'2018-01-29 00:20:49','2020-04-30 16:07:32'),(7,'minima','Est ea dolores cumque laboriosam reprehenderit autem. Ut laboriosam deleniti est ut. Eius vel qui et tempore fuga numquam non.',2,0.44,'2013-05-05 20:52:48','2020-04-30 16:07:32'),(8,'sed','Est voluptas qui temporibus harum voluptate adipisci quo fuga. Tempora dicta harum ipsum unde molestiae beatae rem. Saepe ullam dolores hic.',3,0.68,'2019-03-23 09:10:38','2020-04-30 16:07:32'),(9,'sequi','Vitae reprehenderit porro dolore illo. Aut enim enim omnis eos et. Iure optio repellat voluptatem aut omnis sed officiis.',4,0.05,'2012-11-15 22:57:42','2020-04-30 16:07:32'),(10,'iure','Molestiae sit veniam corrupti consectetur sit ipsum labore. Non assumenda officiis ab sit sed. Minus iste est error voluptas et. Eos minima consequatur aut quos.',5,0.23,'2016-06-24 05:59:39','2020-04-30 16:07:32'),(11,'harum','Nisi dolore temporibus quia eius. Impedit nisi voluptates impedit. Amet quia facilis commodi quis est esse id. Dolorum non quasi iste tempore.',6,1.00,'2015-06-16 00:17:29','2004-01-03 01:44:40'),(12,'quia','Magni ut fugiat quae sed ut dolorum beatae. Quod facilis et voluptas. Aut facilis voluptas recusandae optio provident quae ab.',7,0.28,'2014-05-08 11:16:57','2020-04-30 16:07:32'),(13,'nesciunt','Deleniti rerum assumenda est dignissimos amet eum quod labore. Possimus rerum blanditiis distinctio recusandae. Et velit voluptatem qui.',8,0.43,'2015-03-10 07:07:12','2020-04-30 16:07:32'),(14,'vel','Cupiditate magni quia repudiandae ipsum repellat nobis et. Dicta voluptas consequuntur dignissimos porro et quasi ducimus perspiciatis. Voluptas architecto doloremque sunt explicabo. Est veniam deleniti sunt necessitatibus.',9,0.32,'2015-11-16 01:56:00','2020-04-30 16:07:32'),(15,'aut','Non voluptatibus sed iure quaerat. Molestias harum explicabo ea velit facilis velit distinctio. At sequi voluptas animi eaque atque alias est.',10,0.31,'2013-05-07 10:39:45','2020-04-30 16:07:32');
/*!40000 ALTER TABLE `discounts` ENABLE KEYS */;
UNLOCK TABLES;

--
-- Table structure for table `figure_params`
--

DROP TABLE IF EXISTS `figure_params`;
/*!40101 SET @saved_cs_client     = @@character_set_client */;
/*!50503 SET character_set_client = utf8mb4 */;
CREATE TABLE `figure_params` (
  `user_id` int unsigned NOT NULL,
  `height` decimal(4,1) DEFAULT NULL COMMENT 'Рост',
  `chest_girth` decimal(4,1) DEFAULT NULL COMMENT 'Обхват груди см',
  `waist_girth` decimal(4,1) DEFAULT NULL COMMENT 'Обхват талии см',
  `hip_girth` decimal(4,1) DEFAULT NULL COMMENT 'Обхват бедер см',
  `shoes_size` decimal(3,1) DEFAULT NULL COMMENT 'Размер обуви',
  `sleeve_length` decimal(4,1) DEFAULT NULL COMMENT 'Длина рукава см',
  `weight` int unsigned DEFAULT NULL COMMENT 'Вес кг',
  `created_at` datetime DEFAULT CURRENT_TIMESTAMP,
  `updated_at` datetime DEFAULT CURRENT_TIMESTAMP ON UPDATE CURRENT_TIMESTAMP,
  PRIMARY KEY (`user_id`),
  CONSTRAINT `figure_params_user_id_fk` FOREIGN KEY (`user_id`) REFERENCES `users` (`id`) ON DELETE CASCADE
) ENGINE=InnoDB DEFAULT CHARSET=utf8mb4 COLLATE=utf8mb4_0900_ai_ci COMMENT='Параметры фигуры';
/*!40101 SET character_set_client = @saved_cs_client */;

--
-- Dumping data for table `figure_params`
--

LOCK TABLES `figure_params` WRITE;
/*!40000 ALTER TABLE `figure_params` DISABLE KEYS */;
INSERT INTO `figure_params` VALUES (1,174.0,104.0,122.0,149.0,34.0,64.0,70,'2017-01-26 14:55:09','2020-04-30 16:07:32'),(2,171.0,145.0,73.0,138.0,37.0,58.0,143,'2018-08-04 21:02:16','2020-04-30 16:07:32'),(3,195.0,133.0,77.0,88.0,37.0,67.0,54,'2016-09-04 11:55:53','2020-04-30 16:07:32'),(4,142.0,85.0,111.0,148.0,43.0,51.0,94,'2019-07-11 16:38:25','2020-04-30 16:07:32'),(5,166.0,86.0,60.0,115.0,43.0,66.0,55,'2010-12-19 19:38:19','2020-04-30 16:07:32'),(6,146.0,95.0,113.0,116.0,44.0,64.0,145,'2014-03-08 17:03:50','2020-04-30 16:07:32'),(7,152.0,138.0,58.0,149.0,45.0,52.0,111,'2015-07-12 02:19:47','2020-04-30 16:07:32'),(8,181.0,126.0,95.0,106.0,37.0,39.0,72,'2019-01-28 00:08:20','2020-04-30 16:07:32'),(9,189.0,138.0,108.0,136.0,39.0,51.0,74,'2019-08-02 22:50:31','2020-04-30 16:07:32'),(10,141.0,99.0,60.0,139.0,37.0,29.0,106,'2010-10-26 07:54:54','2020-04-30 16:07:32'),(11,181.0,140.0,123.0,134.0,34.0,45.0,59,'2012-10-21 02:16:00','2020-04-30 16:07:32'),(12,162.0,121.0,108.0,100.0,39.0,66.0,126,'2017-02-22 18:27:37','2020-04-30 16:07:32'),(13,187.0,106.0,112.0,149.0,35.0,43.0,104,'2011-09-03 19:14:24','2020-04-30 16:07:32'),(14,191.0,91.0,111.0,89.0,37.0,70.0,94,'2010-07-03 06:09:33','2020-04-30 16:07:32'),(15,193.0,128.0,92.0,114.0,45.0,67.0,106,'2018-06-20 09:07:42','2020-04-30 16:07:32'),(16,194.0,86.0,72.0,149.0,45.0,55.0,101,'2014-08-07 05:39:23','2020-04-30 16:07:32'),(17,192.0,102.0,94.0,116.0,34.0,46.0,138,'2011-02-28 14:24:42','2020-04-30 16:07:32'),(18,180.0,107.0,61.0,113.0,36.0,37.0,136,'2019-05-01 04:43:43','2020-04-30 16:07:32'),(19,182.0,86.0,103.0,134.0,34.0,59.0,116,'2014-12-03 21:58:34','2020-04-30 16:07:32'),(20,170.0,97.0,68.0,107.0,38.0,30.0,123,'2014-11-01 19:04:59','2020-04-30 16:07:32'),(21,166.0,82.0,109.0,115.0,43.0,70.0,117,'2011-04-24 21:30:52','2020-04-30 16:07:32'),(22,181.0,109.0,80.0,103.0,44.0,66.0,67,'2016-01-10 00:42:15','2020-04-30 16:07:32'),(23,147.0,87.0,85.0,152.0,35.0,48.0,136,'2016-01-02 19:16:25','2020-04-30 16:07:32'),(24,174.0,99.0,125.0,91.0,45.0,54.0,130,'2016-03-27 04:07:10','2020-04-30 16:07:32'),(25,170.0,89.0,108.0,120.0,38.0,57.0,90,'2015-12-19 06:56:49','2020-04-30 16:07:32'),(26,187.0,137.0,110.0,107.0,35.0,54.0,111,'2013-04-11 04:53:29','2020-04-30 16:07:32'),(27,167.0,136.0,97.0,87.0,37.0,69.0,135,'2014-07-13 00:32:08','2020-04-30 16:07:32'),(28,193.0,122.0,101.0,96.0,35.0,70.0,94,'2017-07-13 07:09:57','2020-04-30 16:07:32'),(29,144.0,127.0,88.0,135.0,44.0,33.0,116,'2018-07-01 15:58:17','2020-04-30 16:07:32'),(30,183.0,125.0,80.0,96.0,43.0,51.0,147,'2015-01-13 18:42:58','2020-04-30 16:07:32'),(31,163.0,97.0,80.0,128.0,40.0,44.0,140,'2017-10-02 20:50:13','2020-04-30 16:07:32'),(32,186.0,98.0,101.0,129.0,35.0,38.0,108,'2016-06-02 11:51:53','2020-04-30 16:07:32'),(33,180.0,125.0,70.0,107.0,36.0,30.0,71,'2019-07-24 02:08:21','2020-04-30 16:07:32'),(34,144.0,117.0,125.0,130.0,42.0,50.0,80,'2010-08-06 09:36:12','2020-04-30 16:07:32'),(35,158.0,132.0,88.0,108.0,42.0,45.0,140,'2014-06-05 15:11:23','2020-04-30 16:07:32'),(36,161.0,95.0,76.0,134.0,40.0,49.0,109,'2018-12-29 00:54:51','2020-04-30 16:07:32'),(37,191.0,140.0,124.0,122.0,41.0,37.0,77,'2018-12-21 15:08:09','2020-04-30 16:07:32'),(38,151.0,131.0,63.0,122.0,39.0,52.0,107,'2013-07-21 17:32:55','2020-04-30 16:07:32'),(39,161.0,92.0,90.0,93.0,40.0,38.0,56,'2011-09-07 22:33:14','2020-04-30 16:07:32'),(40,156.0,124.0,68.0,150.0,37.0,49.0,107,'2016-01-01 10:32:27','2020-04-30 16:07:32'),(41,156.0,132.0,81.0,112.0,42.0,58.0,117,'2017-06-29 03:30:37','2020-04-30 16:07:32'),(42,173.0,143.0,74.0,92.0,43.0,31.0,117,'2013-04-07 05:55:18','2020-04-30 16:07:32'),(43,199.0,104.0,70.0,106.0,45.0,37.0,83,'2013-10-11 06:22:43','2020-04-30 16:07:32'),(44,157.0,82.0,73.0,100.0,35.0,61.0,114,'2020-04-14 03:03:40','2020-04-30 16:07:32'),(45,166.0,86.0,94.0,96.0,44.0,43.0,70,'2012-10-02 00:41:18','2020-04-30 16:07:32'),(46,160.0,110.0,59.0,95.0,36.0,45.0,62,'2013-11-09 01:26:14','2020-04-30 16:07:32'),(47,163.0,145.0,90.0,102.0,35.0,67.0,149,'2013-01-08 07:16:39','2020-04-30 16:07:32'),(48,193.0,114.0,83.0,140.0,35.0,45.0,108,'2014-01-23 09:39:11','2020-04-30 16:07:32'),(49,160.0,124.0,84.0,105.0,36.0,36.0,144,'2010-04-30 23:38:59','2020-04-30 16:07:32'),(50,198.0,134.0,113.0,88.0,40.0,61.0,148,'2012-04-24 12:34:52','2020-04-30 16:07:32'),(51,194.0,83.0,120.0,105.0,37.0,41.0,57,'2013-03-17 00:24:33','2020-04-30 16:07:32'),(52,175.0,138.0,68.0,108.0,43.0,38.0,90,'2012-09-02 21:47:07','2020-04-30 16:07:32'),(53,152.0,94.0,60.0,140.0,34.0,35.0,132,'2012-05-30 06:21:40','2020-04-30 16:07:32'),(54,157.0,115.0,105.0,87.0,44.0,35.0,140,'2016-10-04 19:27:50','2020-04-30 16:07:32'),(55,189.0,145.0,85.0,135.0,37.0,42.0,53,'2018-08-15 21:15:36','2020-04-30 16:07:32'),(56,155.0,98.0,119.0,123.0,45.0,34.0,96,'2013-09-14 11:50:29','2020-04-30 16:07:32'),(57,190.0,116.0,78.0,127.0,41.0,56.0,71,'2014-03-20 10:36:51','2020-04-30 16:07:32'),(58,165.0,141.0,114.0,110.0,38.0,66.0,120,'2015-11-07 15:46:23','2020-04-30 16:07:32'),(59,174.0,144.0,73.0,151.0,45.0,50.0,136,'2013-09-25 13:47:49','2020-04-30 16:07:32'),(60,176.0,82.0,102.0,137.0,43.0,65.0,69,'2015-04-20 22:24:29','2020-04-30 16:07:32'),(61,158.0,103.0,95.0,144.0,45.0,62.0,88,'2014-11-16 03:18:42','2020-04-30 16:07:32'),(62,184.0,125.0,114.0,89.0,39.0,44.0,84,'2020-01-18 10:04:37','2020-04-30 16:07:32'),(63,185.0,104.0,91.0,133.0,37.0,47.0,105,'2014-12-19 13:12:40','2020-04-30 16:07:32'),(64,174.0,134.0,125.0,106.0,34.0,32.0,125,'2017-07-01 09:51:08','2020-04-30 16:07:32'),(65,175.0,144.0,89.0,116.0,37.0,32.0,61,'2015-06-30 08:41:48','2020-04-30 16:07:32'),(66,152.0,104.0,81.0,106.0,38.0,38.0,79,'2017-10-12 19:00:17','2020-04-30 16:07:32'),(67,158.0,79.0,80.0,96.0,34.0,64.0,63,'2014-03-01 12:38:13','2020-04-30 16:07:32'),(68,193.0,143.0,99.0,145.0,34.0,50.0,129,'2012-07-15 16:11:06','2020-04-30 16:07:32'),(69,170.0,127.0,60.0,150.0,34.0,31.0,107,'2012-06-12 02:03:43','2020-04-30 16:07:32'),(70,193.0,131.0,85.0,90.0,35.0,62.0,98,'2010-08-09 05:38:43','2020-04-30 16:07:32'),(71,194.0,126.0,118.0,122.0,41.0,62.0,121,'2015-08-05 21:13:02','2020-04-30 16:07:32'),(72,193.0,92.0,72.0,117.0,42.0,55.0,62,'2016-11-06 15:35:26','2020-04-30 16:07:32'),(73,183.0,143.0,84.0,133.0,42.0,58.0,98,'2015-03-02 18:29:38','2020-04-30 16:07:32'),(74,198.0,86.0,81.0,92.0,39.0,54.0,51,'2012-04-29 11:33:51','2020-04-30 16:07:32'),(75,181.0,128.0,96.0,111.0,36.0,67.0,114,'2011-09-03 03:17:48','2020-04-30 16:07:32'),(76,172.0,99.0,109.0,125.0,40.0,63.0,69,'2014-11-30 02:47:33','2020-04-30 16:07:32'),(77,176.0,104.0,63.0,140.0,35.0,44.0,50,'2015-02-23 23:18:05','2020-04-30 16:07:32'),(78,164.0,145.0,69.0,103.0,36.0,43.0,95,'2015-12-10 17:08:04','2020-04-30 16:07:32'),(79,155.0,130.0,97.0,146.0,38.0,56.0,76,'2017-02-11 05:18:48','2020-04-30 16:07:32'),(80,142.0,140.0,83.0,130.0,36.0,36.0,143,'2017-03-19 20:03:36','2020-04-30 16:07:32'),(81,165.0,95.0,67.0,129.0,35.0,29.0,140,'2016-10-04 02:59:30','2020-04-30 16:07:32'),(82,140.0,116.0,98.0,101.0,43.0,47.0,121,'2020-02-25 06:42:53','2020-04-30 16:07:32'),(83,186.0,79.0,94.0,101.0,41.0,39.0,137,'2015-07-25 06:35:54','2020-04-30 16:07:32'),(84,188.0,106.0,117.0,117.0,44.0,65.0,71,'2013-03-17 00:25:13','2020-04-30 16:07:32'),(85,186.0,79.0,112.0,130.0,38.0,56.0,95,'2016-04-09 01:34:01','2020-04-30 16:07:32'),(86,163.0,136.0,81.0,143.0,36.0,55.0,111,'2014-07-05 20:28:58','2020-04-30 16:07:32'),(87,181.0,92.0,82.0,102.0,35.0,35.0,122,'2014-07-08 16:33:47','2020-04-30 16:07:32'),(88,155.0,111.0,108.0,134.0,45.0,65.0,128,'2014-03-28 10:19:20','2020-04-30 16:07:32'),(89,154.0,136.0,99.0,142.0,37.0,66.0,122,'2012-12-07 14:49:32','2020-04-30 16:07:32'),(90,164.0,131.0,116.0,86.0,40.0,67.0,78,'2017-11-15 13:25:59','2020-04-30 16:07:32'),(91,160.0,103.0,87.0,123.0,34.0,63.0,75,'2015-11-09 00:27:48','2020-04-30 16:07:32'),(92,170.0,113.0,97.0,134.0,39.0,46.0,92,'2015-07-03 23:15:26','2020-04-30 16:07:32'),(93,168.0,111.0,100.0,148.0,37.0,55.0,85,'2016-07-11 23:13:52','2020-04-30 16:07:32'),(94,189.0,137.0,83.0,117.0,45.0,64.0,98,'2013-10-02 13:47:52','2020-04-30 16:07:32'),(95,185.0,141.0,125.0,124.0,44.0,45.0,88,'2015-11-21 18:13:34','2020-04-30 16:07:32'),(96,155.0,79.0,113.0,117.0,40.0,44.0,96,'2014-08-24 00:22:42','2020-04-30 16:07:32'),(97,144.0,98.0,66.0,125.0,37.0,57.0,66,'2013-09-01 17:37:17','2020-04-30 16:07:32'),(98,173.0,110.0,69.0,122.0,40.0,41.0,94,'2014-03-05 09:45:43','2020-04-30 16:07:32'),(99,173.0,107.0,92.0,151.0,34.0,46.0,120,'2011-10-26 22:37:06','2020-04-30 16:07:32'),(100,147.0,130.0,124.0,97.0,41.0,39.0,69,'2012-07-06 10:20:11','2020-04-30 16:07:32');
/*!40000 ALTER TABLE `figure_params` ENABLE KEYS */;
UNLOCK TABLES;

--
-- Table structure for table `images`
--

DROP TABLE IF EXISTS `images`;
/*!40101 SET @saved_cs_client     = @@character_set_client */;
/*!50503 SET character_set_client = utf8mb4 */;
CREATE TABLE `images` (
  `id` int unsigned NOT NULL AUTO_INCREMENT,
  `user_id` int unsigned DEFAULT NULL,
  `product_id` int unsigned DEFAULT NULL,
  `delivery_service_id` int unsigned DEFAULT NULL,
  `file_path` varchar(255) NOT NULL,
  `created_at` datetime DEFAULT CURRENT_TIMESTAMP,
  PRIMARY KEY (`id`),
  KEY `images_user_id_fk` (`user_id`),
  KEY `images_delivery_service_id_fk` (`delivery_service_id`),
  KEY `images_product_id_fk` (`product_id`),
  CONSTRAINT `images_delivery_service_id_fk` FOREIGN KEY (`delivery_service_id`) REFERENCES `delivery_services` (`id`) ON DELETE CASCADE,
  CONSTRAINT `images_product_id_fk` FOREIGN KEY (`product_id`) REFERENCES `products` (`id`) ON DELETE CASCADE,
  CONSTRAINT `images_user_id_fk` FOREIGN KEY (`user_id`) REFERENCES `users` (`id`) ON DELETE CASCADE
) ENGINE=InnoDB AUTO_INCREMENT=101 DEFAULT CHARSET=utf8mb4 COLLATE=utf8mb4_0900_ai_ci COMMENT='Фото пользователей, продуктов, пунктов выдачи';
/*!40101 SET character_set_client = @saved_cs_client */;

--
-- Dumping data for table `images`
--

LOCK TABLES `images` WRITE;
/*!40000 ALTER TABLE `images` DISABLE KEYS */;
INSERT INTO `images` VALUES (1,NULL,NULL,78,'http://dropbox.com/wb/file_6277.img','2012-11-20 02:29:31'),(2,58,NULL,NULL,'http://dropbox.com/wb/file_3091.img','2017-03-14 06:02:46'),(3,83,NULL,NULL,'http://dropbox.com/wb/file_4624.img','2020-02-01 04:56:23'),(4,40,NULL,NULL,'http://dropbox.com/wb/file_3846.img','2011-02-05 01:12:07'),(5,NULL,NULL,83,'http://dropbox.com/wb/file_4361.img','2012-06-22 23:03:28'),(6,50,NULL,NULL,'http://dropbox.com/wb/file_9266.img','2016-07-22 12:42:22'),(7,31,NULL,NULL,'http://dropbox.com/wb/file_5246.img','2017-08-08 10:46:05'),(8,NULL,76,NULL,'http://dropbox.com/wb/file_6432.img','2014-02-09 04:59:20'),(9,3,NULL,NULL,'http://dropbox.com/wb/file_6426.img','2015-05-05 22:00:17'),(10,NULL,50,NULL,'http://dropbox.com/wb/file_2832.img','2013-09-14 16:25:59'),(11,20,NULL,NULL,'http://dropbox.com/wb/file_2884.img','2012-03-24 09:56:52'),(12,93,NULL,NULL,'http://dropbox.com/wb/file_4925.img','2014-12-01 11:01:48'),(13,NULL,NULL,79,'http://dropbox.com/wb/file_5974.img','2014-09-20 01:41:36'),(14,4,NULL,NULL,'http://dropbox.com/wb/file_5096.img','2010-06-10 10:45:25'),(15,42,NULL,NULL,'http://dropbox.com/wb/file_6558.img','2010-07-30 12:06:30'),(16,98,NULL,NULL,'http://dropbox.com/wb/file_7504.img','2016-04-04 03:59:55'),(17,64,NULL,NULL,'http://dropbox.com/wb/file_7847.img','2010-07-25 23:49:18'),(18,22,NULL,NULL,'http://dropbox.com/wb/file_6721.img','2012-09-06 22:51:43'),(19,NULL,24,NULL,'http://dropbox.com/wb/file_9064.img','2010-07-16 15:26:35'),(20,20,NULL,NULL,'http://dropbox.com/wb/file_6157.img','2011-01-24 01:54:37'),(21,33,NULL,NULL,'http://dropbox.com/wb/file_2595.img','2016-10-31 09:08:49'),(22,NULL,68,NULL,'http://dropbox.com/wb/file_2502.img','2013-05-03 11:40:32'),(23,NULL,69,NULL,'http://dropbox.com/wb/file_3728.img','2016-02-23 02:44:50'),(24,NULL,39,NULL,'http://dropbox.com/wb/file_1132.img','2020-04-12 10:26:38'),(25,5,NULL,NULL,'http://dropbox.com/wb/file_2477.img','2013-03-23 13:02:35'),(26,NULL,NULL,46,'http://dropbox.com/wb/file_7988.img','2011-10-21 02:53:49'),(27,25,NULL,NULL,'http://dropbox.com/wb/file_4513.img','2012-03-20 17:31:04'),(28,NULL,NULL,92,'http://dropbox.com/wb/file_6600.img','2012-12-27 16:06:57'),(29,11,NULL,NULL,'http://dropbox.com/wb/file_9461.img','2014-10-01 01:11:48'),(30,NULL,87,NULL,'http://dropbox.com/wb/file_8508.img','2019-08-06 12:43:19'),(31,78,NULL,NULL,'http://dropbox.com/wb/file_4156.img','2016-10-06 19:35:25'),(32,NULL,20,NULL,'http://dropbox.com/wb/file_3257.img','2017-01-10 06:20:56'),(33,55,NULL,NULL,'http://dropbox.com/wb/file_2817.img','2012-09-02 15:28:34'),(34,44,NULL,NULL,'http://dropbox.com/wb/file_3315.img','2017-04-17 07:16:02'),(35,52,NULL,NULL,'http://dropbox.com/wb/file_7123.img','2018-07-11 11:21:44'),(36,30,NULL,NULL,'http://dropbox.com/wb/file_6672.img','2011-04-06 11:57:45'),(37,NULL,37,NULL,'http://dropbox.com/wb/file_1990.img','2014-05-10 09:22:23'),(38,NULL,23,NULL,'http://dropbox.com/wb/file_6937.img','2010-05-01 10:27:59'),(39,92,NULL,NULL,'http://dropbox.com/wb/file_9714.img','2011-05-19 17:46:55'),(40,NULL,NULL,23,'http://dropbox.com/wb/file_8761.img','2011-12-03 03:24:59'),(41,71,NULL,NULL,'http://dropbox.com/wb/file_4663.img','2011-03-29 20:57:51'),(42,76,NULL,NULL,'http://dropbox.com/wb/file_5031.img','2018-12-28 11:37:21'),(43,69,NULL,NULL,'http://dropbox.com/wb/file_1166.img','2013-07-07 00:00:23'),(44,NULL,NULL,40,'http://dropbox.com/wb/file_7739.img','2014-03-20 16:53:10'),(45,13,NULL,NULL,'http://dropbox.com/wb/file_7197.img','2014-07-02 20:57:59'),(46,NULL,5,NULL,'http://dropbox.com/wb/file_2766.img','2018-11-11 13:07:51'),(47,61,NULL,NULL,'http://dropbox.com/wb/file_9243.img','2012-08-09 01:57:53'),(48,65,NULL,NULL,'http://dropbox.com/wb/file_9917.img','2014-09-23 21:08:11'),(49,NULL,NULL,29,'http://dropbox.com/wb/file_2856.img','2014-11-11 13:48:47'),(50,40,NULL,NULL,'http://dropbox.com/wb/file_1531.img','2019-11-14 11:45:30'),(51,NULL,53,NULL,'http://dropbox.com/wb/file_7085.img','2012-03-18 19:43:10'),(52,7,NULL,NULL,'http://dropbox.com/wb/file_2832.img','2017-08-10 19:12:52'),(53,NULL,52,NULL,'http://dropbox.com/wb/file_9908.img','2019-01-07 17:24:17'),(54,13,NULL,NULL,'http://dropbox.com/wb/file_4042.img','2011-10-08 15:40:40'),(55,43,NULL,NULL,'http://dropbox.com/wb/file_7486.img','2016-07-21 21:31:41'),(56,74,NULL,NULL,'http://dropbox.com/wb/file_6304.img','2017-01-22 00:11:17'),(57,NULL,2,NULL,'http://dropbox.com/wb/file_8062.img','2013-12-25 16:27:46'),(58,41,NULL,NULL,'http://dropbox.com/wb/file_2398.img','2010-07-22 13:16:45'),(59,NULL,52,NULL,'http://dropbox.com/wb/file_4807.img','2015-04-04 23:25:01'),(60,85,NULL,NULL,'http://dropbox.com/wb/file_6839.img','2012-06-26 05:32:04'),(61,NULL,52,NULL,'http://dropbox.com/wb/file_9776.img','2017-05-02 21:50:09'),(62,NULL,6,NULL,'http://dropbox.com/wb/file_9365.img','2014-04-27 17:05:49'),(63,NULL,NULL,25,'http://dropbox.com/wb/file_7496.img','2011-10-27 06:38:18'),(64,NULL,NULL,38,'http://dropbox.com/wb/file_8386.img','2012-01-15 08:03:35'),(65,98,NULL,NULL,'http://dropbox.com/wb/file_9443.img','2012-06-25 19:09:38'),(66,37,NULL,NULL,'http://dropbox.com/wb/file_3057.img','2011-04-03 20:04:45'),(67,90,NULL,NULL,'http://dropbox.com/wb/file_3959.img','2014-11-23 08:59:00'),(68,39,NULL,NULL,'http://dropbox.com/wb/file_9621.img','2020-01-04 12:18:25'),(69,NULL,NULL,14,'http://dropbox.com/wb/file_8229.img','2017-09-07 16:48:46'),(70,25,NULL,NULL,'http://dropbox.com/wb/file_2285.img','2018-12-08 01:43:36'),(71,NULL,NULL,55,'http://dropbox.com/wb/file_3736.img','2018-12-18 22:30:01'),(72,9,NULL,NULL,'http://dropbox.com/wb/file_1824.img','2016-02-22 19:48:09'),(73,67,NULL,NULL,'http://dropbox.com/wb/file_5915.img','2010-09-10 03:53:34'),(74,8,NULL,NULL,'http://dropbox.com/wb/file_5104.img','2013-01-07 20:55:39'),(75,NULL,74,NULL,'http://dropbox.com/wb/file_6775.img','2018-03-22 18:30:09'),(76,38,NULL,NULL,'http://dropbox.com/wb/file_8563.img','2018-03-05 01:19:03'),(77,67,NULL,NULL,'http://dropbox.com/wb/file_3492.img','2016-01-16 17:59:44'),(78,19,NULL,NULL,'http://dropbox.com/wb/file_8769.img','2017-05-19 04:06:32'),(79,92,NULL,NULL,'http://dropbox.com/wb/file_5370.img','2016-10-04 21:09:31'),(80,NULL,52,NULL,'http://dropbox.com/wb/file_8544.img','2018-09-30 12:34:20'),(81,NULL,38,NULL,'http://dropbox.com/wb/file_7610.img','2010-09-18 08:19:48'),(82,NULL,33,NULL,'http://dropbox.com/wb/file_2418.img','2019-11-20 20:38:35'),(83,4,NULL,NULL,'http://dropbox.com/wb/file_6260.img','2015-11-20 09:00:36'),(84,43,NULL,NULL,'http://dropbox.com/wb/file_5048.img','2018-01-29 07:53:42'),(85,1,NULL,NULL,'http://dropbox.com/wb/file_5460.img','2016-02-23 21:45:08'),(86,77,NULL,NULL,'http://dropbox.com/wb/file_2156.img','2010-12-19 16:14:47'),(87,82,NULL,NULL,'http://dropbox.com/wb/file_2402.img','2014-01-25 00:14:41'),(88,NULL,NULL,31,'http://dropbox.com/wb/file_4541.img','2012-07-04 06:24:15'),(89,79,NULL,NULL,'http://dropbox.com/wb/file_5498.img','2017-10-30 12:39:45'),(90,NULL,52,NULL,'http://dropbox.com/wb/file_3871.img','2011-01-28 10:20:38'),(91,49,NULL,NULL,'http://dropbox.com/wb/file_1859.img','2012-04-20 20:11:30'),(92,9,NULL,NULL,'http://dropbox.com/wb/file_5685.img','2011-05-08 02:22:36'),(93,94,NULL,NULL,'http://dropbox.com/wb/file_3847.img','2017-09-03 03:46:43'),(94,NULL,NULL,90,'http://dropbox.com/wb/file_1182.img','2019-01-29 04:07:15'),(95,NULL,60,NULL,'http://dropbox.com/wb/file_2368.img','2014-01-19 14:11:41'),(96,NULL,43,NULL,'http://dropbox.com/wb/file_7294.img','2013-06-04 15:08:50'),(97,45,NULL,NULL,'http://dropbox.com/wb/file_1367.img','2019-12-22 03:52:46'),(98,NULL,33,NULL,'http://dropbox.com/wb/file_1955.img','2014-03-15 05:13:40'),(99,NULL,35,NULL,'http://dropbox.com/wb/file_4674.img','2011-01-30 14:06:27'),(100,42,NULL,NULL,'http://dropbox.com/wb/file_7505.img','2013-05-23 20:37:13');
/*!40000 ALTER TABLE `images` ENABLE KEYS */;
UNLOCK TABLES;

--
-- Table structure for table `notifications`
--

DROP TABLE IF EXISTS `notifications`;
/*!40101 SET @saved_cs_client     = @@character_set_client */;
/*!50503 SET character_set_client = utf8mb4 */;
CREATE TABLE `notifications` (
  `id` int unsigned NOT NULL AUTO_INCREMENT,
  `user_id` int unsigned NOT NULL,
  `title` varchar(255) NOT NULL,
  `description` text NOT NULL,
  `created_at` datetime DEFAULT CURRENT_TIMESTAMP,
  `updated_at` datetime DEFAULT CURRENT_TIMESTAMP ON UPDATE CURRENT_TIMESTAMP,
  PRIMARY KEY (`id`),
  KEY `notifications_user_id_fk` (`user_id`),
  CONSTRAINT `notifications_user_id_fk` FOREIGN KEY (`user_id`) REFERENCES `users` (`id`) ON DELETE CASCADE
) ENGINE=InnoDB AUTO_INCREMENT=101 DEFAULT CHARSET=utf8mb4 COLLATE=utf8mb4_0900_ai_ci COMMENT='Уведомления';
/*!40101 SET character_set_client = @saved_cs_client */;

--
-- Dumping data for table `notifications`
--

LOCK TABLES `notifications` WRITE;
/*!40000 ALTER TABLE `notifications` DISABLE KEYS */;
INSERT INTO `notifications` VALUES (1,58,'Sed qui aut ut laboriosam.','A ipsam vel ducimus et et ab. Et sit rerum impedit repudiandae illum quas repellendus maiores.','2016-07-14 17:49:25','2020-04-30 16:07:32'),(2,94,'Quia autem ad voluptatem est est.','Non cumque cumque quo quibusdam alias. Aspernatur ut autem occaecati harum provident id maxime consequatur.','2020-01-03 23:02:44','2020-04-30 16:07:32'),(3,97,'Nihil excepturi veritatis quis aut recusandae non magni.','Vero officiis iusto est mollitia mollitia aut eos provident. Molestiae rem non velit aliquam corrupti recusandae similique. Rerum optio quidem facere dolorem.','2011-10-26 00:47:49','2020-04-30 16:07:32'),(4,2,'Quos quia in aut accusantium in delectus.','Soluta vel beatae labore pariatur consequatur est magnam. Qui dolorum nesciunt culpa in temporibus dolorem dolorem. Non ut molestiae provident suscipit magnam rerum ab.','2011-06-21 07:21:46','2020-04-30 16:07:32'),(5,18,'Doloremque officia et sit qui tempore.','Mollitia officia et sed rem blanditiis id. Rerum quis occaecati tempora quasi id facere sequi. Harum quos earum sit sint maiores voluptatem. Quos tempora corporis dolores molestiae et.','2012-02-17 09:42:39','2020-04-30 16:07:32'),(6,85,'Ut necessitatibus incidunt consequuntur iste ut.','Odit facere qui et molestiae. Officiis debitis delectus nobis fuga sunt quam occaecati dolorum. Fuga aut ipsam sit enim veniam in. Voluptas dolores placeat minima accusantium.','2012-04-14 20:08:15','2020-04-30 16:07:32'),(7,70,'Eligendi eos in ratione corporis.','Tempore consequatur exercitationem unde temporibus consequatur molestias. Laudantium iusto iure consequatur natus. Quam qui eius adipisci nam numquam et rerum. Praesentium maxime dolore et sint dignissimos voluptatibus enim.','2014-06-30 18:57:50','2020-04-30 16:07:32'),(8,93,'Doloribus in provident corrupti est sed explicabo.','Magnam quae quidem assumenda dolor eaque. Corrupti ex enim perferendis aperiam earum ratione. Ab sed veritatis sequi corporis harum. Fugit alias minima explicabo sit sit.','2017-11-28 23:52:09','2020-04-30 16:07:32'),(9,54,'Sit dolorem dolore autem omnis ea autem ipsa.','Voluptatem inventore officia sit nesciunt. In aut est rerum cumque.','2016-06-07 09:31:07','2020-04-30 16:07:32'),(10,91,'Et optio sit vel quia blanditiis.','Blanditiis aspernatur ex voluptatem rerum. Sed molestiae et placeat ea et necessitatibus expedita. Facere est quo sequi aspernatur qui dolor autem laudantium.','2013-02-19 07:01:24','2020-04-30 16:07:32'),(11,92,'Et molestiae aut ducimus.','Illo quae quia eligendi sed eum est qui. Dolores et ut dignissimos.','2019-09-01 12:35:40','2020-04-30 16:07:32'),(12,89,'Ad sapiente minima eius ex facilis occaecati.','Dolorem voluptatem et id totam esse rerum. Eum ut ullam quasi quisquam saepe. Quae sit accusantium magnam tempora. Qui voluptates assumenda eligendi dolor voluptates reprehenderit. Aperiam nobis sit eaque fugit libero similique et.','2010-09-24 02:47:23','2020-04-30 16:07:32'),(13,65,'Laudantium velit sint possimus.','Ut odit quia quia molestiae. Excepturi nostrum inventore rerum est cumque vero tenetur. Suscipit saepe rerum quos quidem sunt rerum saepe. Iusto quia aut culpa quisquam.','2017-02-22 05:15:13','2020-04-30 16:07:32'),(14,60,'Quidem atque enim voluptas distinctio.','Atque est voluptatem blanditiis ea nisi. Enim tempora numquam nihil voluptatem laudantium quia quia. Delectus magnam sint pariatur ullam sed neque qui.','2019-01-31 18:48:12','2020-04-30 16:07:32'),(15,6,'Ea et impedit quos maiores impedit a.','Unde nesciunt labore nemo saepe placeat reiciendis dolorem. Porro vel et velit. Voluptatem sunt quos voluptatem maiores alias rerum asperiores quod. Quis autem tempora et qui sit culpa nihil est.','2010-06-21 17:35:31','2020-04-30 16:07:32'),(16,46,'Expedita possimus pariatur ut molestiae placeat.','Fugiat cupiditate rerum maiores ut qui impedit velit. Atque aspernatur alias incidunt sed. Ducimus qui sunt consequatur laboriosam.','2016-07-29 16:21:05','2020-04-30 16:07:32'),(17,14,'Minima sunt maiores quibusdam autem.','Facere mollitia neque voluptate accusantium. Qui voluptas nulla consectetur. Quae excepturi facere labore ut libero suscipit.','2017-02-11 23:43:30','2020-04-30 16:07:32'),(18,31,'Quia voluptas aut non quidem eos.','Recusandae et occaecati ea qui qui ut. Et modi ipsam vel voluptatum. Rerum qui ut qui et temporibus tempora doloremque. Et voluptatem quia velit enim enim eum modi.','2011-03-07 13:07:58','2020-04-30 16:07:32'),(19,11,'Qui nostrum natus ut debitis molestiae sunt eos reprehenderit.','Sed hic praesentium ut. Vel iste aliquid quis distinctio facere aliquid. Est alias aut est. Eius sed blanditiis vitae error alias dolorem et sed.','2018-02-07 08:50:27','2020-04-30 16:07:32'),(20,63,'Accusantium voluptate odio ab et.','Molestiae placeat necessitatibus dolores voluptatem sit molestiae molestiae sunt. Et aut ullam nihil mollitia. Excepturi dolores mollitia vitae enim modi labore. Ipsam temporibus a iure eligendi illum.','2016-02-03 08:55:13','2020-04-30 16:07:32'),(21,81,'Minima ut tempora consectetur aperiam iste asperiores enim.','Exercitationem atque quisquam harum labore explicabo dignissimos porro. Et expedita aut ut delectus. Nobis neque dolores occaecati nihil corporis illum et rem.','2015-08-30 02:12:37','2020-04-30 16:07:32'),(22,14,'Ea autem incidunt odio eum sint.','Dignissimos deserunt voluptas fugit doloremque tenetur. Voluptatum et omnis nesciunt odio sit eos earum. Pariatur qui sunt sed beatae facere adipisci. Et quis harum sequi.','2011-11-24 07:32:21','2020-04-30 16:07:32'),(23,29,'Nemo libero eius fugit quidem eos corporis.','Sint omnis cupiditate placeat velit voluptatibus est dolorum rerum. Rem sit fuga praesentium soluta non. Sed facilis earum saepe quidem aspernatur.','2018-07-07 09:57:16','2020-04-30 16:07:32'),(24,1,'Tempora et dolorum eius.','Dolore aut quia cupiditate reiciendis. Quia distinctio et dolorem. Beatae quae tempore sit.','2014-12-16 20:56:52','2020-04-30 16:07:32'),(25,16,'Laudantium distinctio itaque consequatur quam dicta voluptatem ab beatae.','Quibusdam necessitatibus est est. Molestias et sint quod nisi. Error exercitationem voluptates eveniet. Voluptatem et illum qui qui eum ipsa optio sunt.','2015-01-27 06:14:59','2020-04-30 16:07:32'),(26,79,'Commodi ea quia dolorem amet et odio non.','Iste veritatis accusantium eaque aliquam possimus aperiam ut et. Omnis aspernatur aut et commodi. Temporibus ea quas explicabo illo dolorum eum veritatis. Molestias reiciendis quia dolores excepturi accusantium. Beatae illum est cumque id.','2013-06-17 11:52:03','2020-04-30 16:07:32'),(27,44,'Aspernatur ea corrupti labore unde.','Impedit iusto molestias eum ex nesciunt qui. Ipsa perspiciatis ut voluptatibus fugiat corrupti nihil. Sed ut sint aut sed maiores. Expedita non consequatur quia vel laudantium ut.','2017-02-12 09:32:35','2020-04-30 16:07:32'),(28,82,'Consequatur ducimus odit deleniti voluptatem.','Libero sed sapiente eum nihil. Omnis voluptatem in qui. Molestiae nemo modi debitis nemo. Natus deleniti labore repellendus officiis aut.','2016-11-23 00:07:42','2020-04-30 16:07:32'),(29,79,'Iste est est architecto tenetur aut autem.','At itaque optio vel expedita qui. Velit sit omnis et ut quas beatae. Enim sed enim in dolores. Ipsa harum a et tempore vero.','2011-12-20 22:43:48','2020-04-30 16:07:32'),(30,46,'Sequi voluptates tenetur eum qui.','Excepturi aut et velit modi dolor dolor incidunt. Odio voluptates dolorem atque quis dolores. Beatae reiciendis quas impedit quibusdam eaque et quis.','2015-12-21 14:34:33','2020-04-30 16:07:32'),(31,95,'Ipsam doloremque voluptate sapiente rem.','Sunt assumenda suscipit temporibus labore consequatur exercitationem et. Quisquam sunt necessitatibus vel reprehenderit laudantium est. Enim et sit quia vel. Mollitia ea voluptatem molestias voluptatem blanditiis.','2014-11-11 21:54:10','2020-04-30 16:07:32'),(32,38,'Ut exercitationem iste vel fugiat.','Earum quo blanditiis magni sed. Velit illum et natus dolore. Explicabo dolores eum fugit laudantium deleniti.','2015-04-23 04:21:49','2020-04-30 16:07:32'),(33,2,'Tempore a et rem qui consequuntur laborum.','Laboriosam similique ad itaque enim adipisci tenetur et. Libero qui ut quia deleniti totam maxime laboriosam beatae. Sed cupiditate cum sed non rem.','2015-03-08 21:40:58','2020-04-30 16:07:32'),(34,98,'Voluptatem ad laudantium culpa tenetur.','Incidunt sit ad libero laudantium et. Omnis nesciunt voluptatem dolore pariatur saepe. Id animi exercitationem id reprehenderit similique.','2011-09-28 10:51:12','2020-04-30 16:07:32'),(35,83,'Officia esse eum molestias corrupti qui repellat dolores.','Atque nostrum temporibus consequuntur illo. Deleniti placeat modi fuga qui. Quo maiores sunt est enim.','2010-07-14 17:13:46','2020-04-30 16:07:32'),(36,19,'Aut expedita magni quidem rerum enim quia.','Est pariatur sint quas et. Quia id nemo minima occaecati voluptate dolorum. Nesciunt sit dolores numquam a sit ut. Ipsum laborum excepturi cum illo id.','2017-03-30 11:45:54','2020-04-30 16:07:32'),(37,44,'Quo ipsum alias aspernatur sit libero et quidem corrupti.','Enim ducimus nesciunt molestiae velit a est autem. Libero ipsam ea nobis corporis excepturi. Id quia autem qui exercitationem facilis doloremque.','2010-07-08 08:15:43','2020-04-30 16:07:32'),(38,66,'Pariatur quo autem eveniet et perferendis non.','Totam facilis molestias magni et et explicabo architecto. Repudiandae possimus aut ab ut ullam.','2010-11-04 08:38:51','2020-04-30 16:07:32'),(39,97,'Deleniti voluptas voluptatem voluptatum molestiae.','Sint amet nulla dolorem est omnis soluta. Voluptas illum impedit eius quia sint id. Nulla omnis esse et consequatur distinctio et enim maiores. Sequi voluptas natus consequatur velit.','2010-05-30 14:20:47','2020-04-30 16:07:32'),(40,85,'Nihil sit accusantium earum corrupti in cum facilis.','Ducimus ad consectetur quidem. Veritatis aut sed eos. Eligendi vel ea vero a at aut architecto blanditiis.','2011-12-15 14:50:57','2020-04-30 16:07:32'),(41,32,'Consectetur eum minima iure magnam.','Non voluptas sed impedit perferendis. Velit qui est maxime non omnis magnam. Ullam doloribus ratione incidunt nihil quidem rerum. Quos ea illo neque ut.','2014-06-13 03:04:56','2020-04-30 16:07:32'),(42,8,'Sunt sunt omnis ratione doloremque animi odio.','Qui officia id ab. Nihil possimus voluptatum voluptatem nam aut consequatur minima. Molestiae est sed tenetur et repudiandae voluptatibus facere.','2015-09-02 04:32:56','2020-04-30 16:07:32'),(43,42,'Sint illo labore fugiat natus.','Architecto maxime cum corrupti velit magni. Sunt adipisci dolore ullam sint culpa non eum. Quibusdam tenetur nihil natus a est. Molestiae eius et maiores et rem sint ipsa.','2011-08-17 13:36:52','2020-04-30 16:07:32'),(44,84,'Sequi natus omnis doloremque atque quae.','Facilis sed facilis quia autem est. Impedit et possimus cupiditate neque voluptatem animi velit. Inventore exercitationem rerum beatae sint in facilis.','2017-10-01 09:23:46','2020-04-30 16:07:32'),(45,95,'Repudiandae architecto quidem iusto.','Cumque molestiae praesentium ad odit quisquam ipsum. Et saepe voluptates est. Quas voluptatem eveniet nisi quia deserunt. Quaerat et et facere vero esse voluptas consequuntur aut.','2012-07-14 06:54:19','2020-04-30 16:07:32'),(46,21,'Reprehenderit illum reprehenderit et odit debitis eos voluptas.','Unde quod ipsam officia at praesentium accusamus voluptatum. Maxime quos sed ipsam est nobis. Et aut molestiae amet dolor commodi omnis eos adipisci. Ad quia quas omnis doloribus voluptatibus impedit minima.','2012-04-05 20:27:57','2020-04-30 16:07:32'),(47,20,'Est et nam voluptatibus ut distinctio est.','Et sunt qui autem quasi dolore. Porro qui rerum laborum accusamus distinctio. Iusto inventore cum molestiae. Fugit asperiores blanditiis illum nisi.','2017-10-18 21:36:27','2020-04-30 16:07:32'),(48,37,'Non eos omnis incidunt voluptatem qui omnis aut.','Qui nihil incidunt similique repellendus rerum. Beatae voluptates et laboriosam. Voluptas commodi aut eaque enim distinctio.','2014-06-29 14:38:06','2020-04-30 16:07:32'),(49,25,'Qui qui delectus nesciunt sed sunt totam.','Unde laudantium voluptate quia voluptatem quasi. Corporis nemo veritatis autem hic aspernatur ut. Distinctio dolor in laborum ut id. Ut qui facere quis aut dolorem.','2015-04-08 07:15:26','2020-04-30 16:07:32'),(50,13,'Nihil assumenda et nihil earum magni ut ipsum blanditiis.','Corrupti voluptas deserunt inventore similique veniam qui ut in. Cumque reiciendis et dignissimos sunt. Ut sapiente accusantium quia ea non. Et molestiae et perspiciatis mollitia quos repellat.','2018-06-28 03:59:43','2020-04-30 16:07:32'),(51,89,'Sunt ut at eum sed.','Qui minima nisi nihil et voluptas aut natus. Eligendi quia veritatis sequi velit in. Quis minima et facilis et voluptas corrupti. Voluptas tenetur earum repellat deleniti possimus voluptates fugit. Impedit velit eaque molestias et vel dolorum.','2014-08-23 11:34:49','2020-04-30 16:07:32'),(52,4,'Quia molestiae odio ut inventore voluptas ea sunt pariatur.','Repellendus totam asperiores ad eveniet vero. Eligendi est aut dolor molestias quia eligendi. Eum sapiente qui labore excepturi et omnis ut. Distinctio quidem illum rem in quo necessitatibus.','2011-11-20 09:38:07','2020-04-30 16:07:32'),(53,53,'Fugiat iure recusandae qui id sunt rem doloribus aut.','Debitis tenetur molestiae ut cum dignissimos. Facere dolores et voluptas quibusdam magnam qui. Velit aut ut qui vel officiis velit ea. Blanditiis provident inventore sequi.','2018-11-23 12:54:12','2010-06-25 04:01:20'),(54,54,'Eos debitis ipsa quia temporibus eos atque eligendi omnis.','Aperiam illum odit id quidem id deleniti illum. Culpa qui et suscipit ut. Est rem consequatur magni dignissimos soluta.','2011-02-16 01:16:43','2020-01-28 14:25:39'),(55,12,'Explicabo dolores ipsam quo beatae enim doloribus.','Voluptates laboriosam sint vel est nulla laborum adipisci. Ut et dicta consequatur qui est ea delectus. Omnis deleniti sunt qui quis officiis totam. Ut odio rerum voluptatem corporis et vero expedita.','2018-04-29 06:05:12','2020-04-30 16:07:32'),(56,95,'Eveniet dolorum et voluptatem impedit et.','Voluptatem fugit repellat et enim voluptas at totam. Doloribus dignissimos eos veritatis eveniet corrupti magnam. Non ipsa minus quis porro facere officiis nemo. Numquam doloremque laborum quod.','2011-05-21 23:33:13','2020-04-30 16:07:32'),(57,39,'Qui voluptas suscipit dicta esse.','Ut saepe quia quo. Aliquid est hic hic rem ut dolores.','2015-02-19 04:58:51','2020-04-30 16:07:32'),(58,9,'Sed libero laborum quia dolore.','Dolor quos nostrum voluptatem error. Harum voluptatem rerum repellendus est. Odio architecto omnis laudantium voluptatem.','2016-06-17 14:34:10','2020-04-30 16:07:32'),(59,27,'Dolor sapiente ut perspiciatis quas.','Nostrum cum dolorem quia qui incidunt quia. Sint perferendis quod illum repudiandae. Rem officiis non quis ab sunt quas. Repudiandae laboriosam aut sit hic accusantium fugit doloremque. Voluptas sed asperiores et nihil hic.','2018-01-06 17:45:20','2020-04-30 16:07:32'),(60,7,'Voluptatem consequatur tempora quis dolorum ut officia fugiat.','Dolorem quia accusamus saepe et amet autem excepturi dicta. Fugit sit ut nam hic omnis soluta. Eligendi beatae ad fugit maiores illum molestiae.','2017-01-04 19:18:31','2020-04-30 16:07:32'),(61,56,'Doloribus nihil dolorem ea quasi illo.','Vero rerum consectetur accusantium debitis. Harum dolorum rerum dolorem accusantium iure. Illo qui vitae dignissimos placeat laudantium. Repellat quod omnis eum.','2012-06-02 03:29:53','2020-04-30 16:07:32'),(62,58,'Occaecati sed est minima et qui hic non.','Sint et ex asperiores aspernatur. Ab sed nisi eveniet modi laudantium voluptatibus. Dolore rerum atque qui facilis vero. Facere enim quis voluptatem ducimus sit alias ut qui. Est molestias quia expedita at laudantium beatae molestiae facilis.','2015-05-11 04:29:27','2020-04-30 16:07:32'),(63,21,'Laborum voluptatem et expedita voluptatem debitis.','Consequuntur qui exercitationem assumenda iste. Occaecati voluptate molestiae assumenda nemo et. Quae est non voluptatibus rerum laborum est.','2012-03-22 09:57:18','2020-04-30 16:07:32'),(64,29,'Cumque sit odit in non corporis.','Amet molestiae deserunt eos voluptatum omnis quae. Fuga qui voluptatem deleniti itaque ab quasi sint. Dolores ad blanditiis repudiandae distinctio voluptatem. Magnam voluptatibus eum quia aliquam sed aspernatur.','2016-06-10 18:58:35','2020-04-30 16:07:32'),(65,83,'Officia esse pariatur officiis.','Ad sit similique autem placeat quod. Tenetur ipsum ea illum voluptatem. Tempora nisi quam omnis magnam. Quia omnis ea fugiat.','2015-01-15 12:08:09','2020-04-30 16:07:32'),(66,28,'Vitae dolor temporibus et.','Ipsum magnam soluta at labore distinctio totam necessitatibus. Vitae nemo aspernatur nisi officia nihil. Et nostrum consequuntur sequi repudiandae.','2015-06-03 04:29:45','2020-04-30 16:07:32'),(67,88,'Dolor qui ea numquam qui quasi repellendus.','Repellat laborum vel nemo voluptatem architecto aliquid et. Ducimus mollitia sed sunt maxime pariatur ut laudantium.','2013-01-01 20:51:04','2020-04-30 16:07:32'),(68,56,'Eligendi autem quae aspernatur laboriosam omnis.','Voluptate similique qui doloribus occaecati exercitationem aspernatur debitis. Delectus est ipsa est qui soluta aut. Excepturi maxime vel qui eius unde pariatur veniam accusamus. Expedita quaerat odit sed beatae consequuntur.','2016-12-08 05:30:57','2020-04-30 16:07:32'),(69,17,'Ut omnis nemo quasi voluptatibus amet.','Sit corrupti et temporibus tempora cumque sunt omnis. Quas voluptates doloremque fuga non velit illum earum. Consequatur natus laborum consequatur laborum sapiente.','2011-09-01 08:29:54','2020-04-30 16:07:32'),(70,16,'Id aliquam et fugit expedita molestiae esse vel.','Optio quis eum rerum aliquam sint. Est rerum quod sapiente corrupti et. Temporibus quasi eveniet corrupti eum omnis excepturi. Id officia corrupti commodi.','2012-11-09 20:38:53','2020-04-30 16:07:32'),(71,26,'Rerum dolore harum vero facilis.','Amet temporibus sed sunt sint repellat eligendi dolorum. Incidunt debitis enim quidem impedit iure libero ducimus.','2018-01-04 04:23:35','2020-04-30 16:07:32'),(72,85,'Qui et dolorem occaecati nulla perferendis esse.','Amet et possimus eaque officia. Sunt quasi accusamus facere placeat ad aliquam. Molestiae atque sit praesentium recusandae.','2013-09-05 21:19:07','2020-04-30 16:07:32'),(73,43,'Eos dolor provident totam placeat.','Distinctio consequuntur voluptatem veritatis est possimus placeat aliquid. Temporibus est atque veritatis placeat autem voluptatem in quia. Facilis est iste est.','2018-05-13 05:00:34','2020-04-30 16:07:32'),(74,63,'Reiciendis aut doloremque aperiam aspernatur assumenda.','Possimus neque iste autem praesentium pariatur. Non aut facilis amet blanditiis laboriosam possimus. Facere eos sint explicabo excepturi debitis. Et quasi ut voluptates soluta est. Rerum quibusdam fugiat occaecati magnam.','2015-04-18 09:48:24','2020-04-30 16:07:32'),(75,82,'Numquam quis aspernatur in ut.','Molestias eum non ipsum placeat ad tempora. Quod labore aliquid recusandae mollitia sed. Asperiores dolorem rerum velit minus non porro. Illum commodi architecto et incidunt perspiciatis quo voluptate. Voluptatem ea quia et perspiciatis at laudantium id id.','2017-03-20 05:23:33','2020-04-30 16:07:32'),(76,24,'Dolorem error suscipit enim consectetur qui omnis delectus.','Repellendus perferendis accusantium illum cupiditate est. Ut voluptatum at provident hic. In eligendi est est minus et.','2011-10-07 01:12:47','2020-04-30 16:07:32'),(77,72,'Quibusdam cum rem sed.','Modi et asperiores nobis recusandae occaecati qui. Qui sed vero dolore.','2012-01-24 07:46:44','2020-04-30 16:07:32'),(78,89,'Dolores recusandae facere in possimus repudiandae.','Fugit dolore similique rerum omnis repellat repellendus nulla. Atque optio alias voluptatem quas nesciunt eos. Aut sed est excepturi sed.','2011-07-29 19:29:01','2020-04-30 16:07:32'),(79,26,'Quod esse perferendis vel rem.','Vitae maxime quis ullam magnam. Non nam aperiam illo voluptates ab sunt sunt. Ad id et similique tempora sint natus porro. Voluptatem excepturi omnis deserunt nulla molestias.','2016-03-13 11:27:25','2020-04-30 16:07:32'),(80,62,'Delectus omnis eligendi qui dolor sed.','Repellendus ducimus vero fugiat sed in atque exercitationem. Sed sunt occaecati vel error facilis quibusdam totam. Eius voluptatem aut facilis commodi. Nihil dignissimos aut in veniam et. Aut commodi inventore at odio.','2015-04-01 01:47:30','2020-04-30 16:07:32'),(81,31,'Sunt rem molestiae sed reiciendis eligendi.','In nostrum sapiente sed aut veniam est perspiciatis. Non voluptas dignissimos natus repellendus voluptatem et soluta. Veritatis eum sint ut recusandae. Corporis omnis quae cum mollitia hic eos nihil.','2012-02-10 08:12:49','2020-04-30 16:07:32'),(82,71,'Tenetur aperiam quia culpa est natus et corporis consectetur.','Aut sit nihil doloremque soluta quaerat exercitationem deleniti. Sit rerum est doloribus delectus aut temporibus quis omnis. Omnis pariatur placeat error illum voluptatibus eos corporis.','2011-12-22 17:25:59','2020-04-30 16:07:32'),(83,61,'Ipsum quis voluptatibus excepturi molestiae et.','Nulla voluptate cumque labore dolor. Ipsum sed molestias ut. Rem quia impedit quasi.','2010-05-12 00:23:40','2020-04-30 16:07:32'),(84,93,'Dolorem et iusto necessitatibus vitae.','Ut quidem dolorum delectus minima. Omnis illo dolor qui esse atque. Iste possimus totam qui temporibus omnis delectus quia omnis. Molestias vero molestias consequuntur eos expedita ea.','2018-07-20 17:51:37','2020-04-30 16:07:32'),(85,78,'Dolorem voluptatem est odit non alias nemo doloremque.','A praesentium voluptatem porro aut laudantium. Ut iure molestiae nulla magni voluptatem. Et provident qui eos occaecati enim magnam et.','2010-09-09 07:16:55','2020-04-30 16:07:32'),(86,14,'In eaque dolor nostrum.','A optio ea animi ea earum quaerat molestiae doloribus. Dolorem ut qui praesentium eaque laboriosam repellat voluptatem. Ipsum quo est aut natus doloribus dolores quasi.','2014-11-15 09:36:38','2020-04-30 16:07:32'),(87,35,'Voluptas dolorem deserunt quis.','Debitis qui quia et consequatur dolorem dolor. Delectus recusandae voluptas sequi unde harum accusantium. Facere quis accusantium non perspiciatis hic non quam.','2011-04-07 14:16:14','2020-04-30 16:07:32'),(88,31,'Incidunt qui facere at quia corporis architecto voluptatem.','Sed ut quod quis est voluptatum reprehenderit veritatis. Esse aliquam ab enim aut minus vel dolores. Consequuntur delectus ea adipisci veritatis tempora repellat. Placeat et ut fugit maxime ad.','2012-05-29 06:03:01','2020-04-30 16:07:32'),(89,51,'Dicta ducimus dicta modi.','Excepturi commodi ut corrupti provident eveniet esse quia. Magnam non molestiae maiores enim excepturi. Officia aspernatur numquam alias magnam ut. Dolore aut quia asperiores delectus ratione sunt.','2012-03-14 00:37:54','2020-04-30 16:07:32'),(90,59,'Ea cum sint dolorem maxime consequatur laudantium.','Qui optio ex eaque magnam quae nostrum blanditiis. Temporibus repellendus sed ea molestiae. Odio at ut accusantium eveniet rerum sit.','2011-08-11 15:45:15','2020-04-30 16:07:32'),(91,44,'Quo molestiae quod iste animi.','Atque est aut et deserunt. Consequatur aut velit temporibus. Voluptate necessitatibus sit quasi quia eveniet expedita. Eius repellat quidem officiis asperiores. Ipsa consequatur officia laboriosam harum occaecati.','2013-04-23 16:51:50','2020-04-30 16:07:32'),(92,44,'Aperiam fuga qui eum blanditiis aut.','Et labore velit incidunt esse et sit ipsam. Eos et vel quo repudiandae ipsa non. Perferendis sapiente quia placeat velit consequatur. Eos est qui sed.','2013-04-24 03:07:47','2020-04-30 16:07:32'),(93,84,'Et libero sed autem nesciunt dolores.','In commodi minima corrupti rerum. Possimus aperiam nesciunt deleniti numquam.','2010-07-04 15:12:45','2020-04-30 16:07:32'),(94,88,'Doloribus dolor natus quis ut veniam sit libero soluta.','Dicta sit quas vitae. Voluptatem qui vero quis pariatur. Consequatur suscipit libero consequatur alias illo est.','2015-03-18 22:29:35','2020-04-30 16:07:32'),(95,87,'Maiores cupiditate nisi autem et hic fugiat adipisci aspernatur.','Laborum architecto accusamus ipsam atque. Dolorem aliquam ut suscipit et et occaecati a. Sapiente consequuntur ullam deserunt deleniti labore repellat.','2018-02-19 19:59:44','2020-04-30 16:07:32'),(96,72,'Velit veritatis magnam sit tenetur aut et et maxime.','Dicta asperiores blanditiis dolores tenetur. Quaerat non nihil quo eius qui iure et. Veritatis consectetur officiis voluptas.','2019-07-12 04:16:16','2020-04-30 16:07:32'),(97,98,'Consectetur animi numquam et cupiditate unde consequatur.','Dolorem repudiandae sit commodi voluptas qui similique ut. Provident et porro non reprehenderit. Ducimus et cupiditate in nostrum adipisci cum expedita consectetur.','2018-03-13 08:52:31','2020-04-30 16:07:32'),(98,73,'Voluptas laboriosam sapiente qui non est id temporibus.','Delectus laboriosam suscipit laborum et aut iure quas. Magnam debitis aut quaerat nihil magnam ea. Non recusandae odit natus sit illo aperiam. Veniam et aut dolore ipsam fugiat accusamus et fugiat.','2019-01-06 06:42:58','2020-04-30 16:07:32'),(99,70,'Consequatur sunt sequi assumenda tenetur.','Doloribus optio itaque qui inventore consequatur. Odit veritatis qui at. Fuga est quia tempora. Corporis neque modi laboriosam. Et excepturi perferendis repudiandae sed sed totam tempore cum.','2016-02-05 07:55:26','2020-04-30 16:07:32'),(100,32,'Ex et impedit reiciendis recusandae.','Voluptatem nisi eos quia totam. Sapiente pariatur consequatur odio dolorum enim voluptas. Corporis enim tenetur impedit tempora. Eos nam inventore reprehenderit aliquam. Optio voluptatibus deleniti sed sapiente aut facere est.','2016-07-24 16:46:01','2020-04-30 16:07:32');
/*!40000 ALTER TABLE `notifications` ENABLE KEYS */;
UNLOCK TABLES;

--
-- Table structure for table `orders`
--

DROP TABLE IF EXISTS `orders`;
/*!40101 SET @saved_cs_client     = @@character_set_client */;
/*!50503 SET character_set_client = utf8mb4 */;
CREATE TABLE `orders` (
  `id` int unsigned NOT NULL AUTO_INCREMENT,
  `user_id` int unsigned NOT NULL,
  `payment_type_id` tinyint unsigned NOT NULL,
  `created_at` datetime DEFAULT CURRENT_TIMESTAMP,
  `updated_at` datetime DEFAULT CURRENT_TIMESTAMP ON UPDATE CURRENT_TIMESTAMP,
  PRIMARY KEY (`id`),
  KEY `orders_user_id_fk` (`user_id`),
  KEY `orders_payment_type_id_fk` (`payment_type_id`),
  KEY `orders_id_created_at_idx` (`id`,`created_at`),
  CONSTRAINT `orders_payment_type_id_fk` FOREIGN KEY (`payment_type_id`) REFERENCES `payment_types` (`id`) ON DELETE CASCADE,
  CONSTRAINT `orders_user_id_fk` FOREIGN KEY (`user_id`) REFERENCES `users` (`id`) ON DELETE CASCADE
) ENGINE=InnoDB AUTO_INCREMENT=101 DEFAULT CHARSET=utf8mb4 COLLATE=utf8mb4_0900_ai_ci COMMENT='Заказы';
/*!40101 SET character_set_client = @saved_cs_client */;

--
-- Dumping data for table `orders`
--

LOCK TABLES `orders` WRITE;
/*!40000 ALTER TABLE `orders` DISABLE KEYS */;
INSERT INTO `orders` VALUES (1,18,1,'2010-07-13 11:08:50','2020-04-30 16:07:32'),(2,91,1,'2011-05-12 08:59:49','2020-04-30 16:07:32'),(3,2,3,'2015-02-27 09:13:33','2020-04-30 16:07:32'),(4,38,2,'2013-06-27 00:45:34','2020-04-30 16:07:32'),(5,82,3,'2011-04-03 19:22:23','2020-04-30 16:07:32'),(6,96,1,'2012-02-10 09:55:57','2020-04-30 16:07:32'),(7,33,2,'2012-08-07 09:41:09','2020-04-30 16:07:32'),(8,78,1,'2014-10-16 22:47:23','2020-04-30 16:07:32'),(9,91,1,'2015-01-14 07:56:22','2020-04-30 16:07:32'),(10,21,2,'2016-10-26 07:28:59','2015-08-23 21:04:36'),(11,32,3,'2018-12-28 04:08:57','2020-04-30 16:07:32'),(12,94,2,'2012-07-16 22:46:25','2020-04-30 16:07:32'),(13,73,1,'2012-04-24 08:33:22','2020-04-30 16:07:32'),(14,84,1,'2011-06-26 23:07:45','2020-04-30 16:07:32'),(15,98,3,'2017-11-08 04:36:15','2020-04-30 16:07:32'),(16,41,1,'2018-08-07 00:53:51','2020-04-30 16:07:32'),(17,8,2,'2010-09-05 19:30:49','2020-04-30 16:07:32'),(18,17,3,'2019-09-14 02:15:33','2020-04-30 16:07:32'),(19,59,2,'2014-09-14 00:20:45','2020-04-30 16:07:32'),(20,45,1,'2011-03-10 02:15:44','2020-04-30 16:07:32'),(21,46,3,'2016-11-16 08:55:13','2020-04-30 16:07:32'),(22,96,3,'2016-11-16 15:29:55','2020-04-30 16:07:32'),(23,42,1,'2012-01-05 08:25:38','2020-04-30 16:07:32'),(24,22,2,'2013-11-01 20:36:37','2020-04-30 16:07:32'),(25,84,3,'2018-11-05 05:41:17','2020-04-30 16:07:32'),(26,54,1,'2017-03-05 15:39:00','2020-04-30 16:07:32'),(27,18,2,'2018-08-06 21:07:13','2020-04-30 16:07:32'),(28,26,1,'2019-03-14 12:56:46','2020-04-30 16:07:32'),(29,77,2,'2020-03-09 22:37:45','2020-04-30 16:07:32'),(30,7,3,'2012-12-08 13:03:12','2020-04-30 16:07:32'),(31,3,3,'2019-02-17 01:28:22','2020-04-30 16:07:32'),(32,94,2,'2018-04-19 18:28:48','2020-04-30 16:07:32'),(33,60,2,'2013-08-20 22:58:12','2020-04-30 16:07:32'),(34,16,1,'2011-09-23 06:52:48','2020-04-30 16:07:32'),(35,98,1,'2011-04-24 05:12:31','2020-04-30 16:07:32'),(36,45,1,'2018-01-03 13:50:22','2020-04-30 16:07:32'),(37,29,1,'2017-01-27 01:01:00','2020-04-30 16:07:32'),(38,9,1,'2014-11-03 20:48:05','2020-04-30 16:07:32'),(39,59,2,'2013-02-23 04:09:10','2020-04-30 16:07:32'),(40,66,2,'2017-12-04 02:38:37','2020-04-30 16:07:32'),(41,53,3,'2016-05-11 19:52:09','2020-04-30 16:07:32'),(42,65,1,'2019-01-27 19:24:57','2020-04-30 16:07:32'),(43,66,2,'2017-09-23 04:32:48','2020-04-30 16:07:32'),(44,33,1,'2016-08-04 05:37:28','2020-04-30 16:07:32'),(45,67,1,'2018-10-26 19:14:12','2020-04-30 16:07:32'),(46,35,1,'2012-06-30 13:35:52','2020-04-30 16:07:32'),(47,74,1,'2011-10-15 10:33:08','2020-04-30 16:07:32'),(48,65,2,'2010-07-31 14:10:48','2020-04-30 16:07:32'),(49,4,3,'2016-06-28 00:33:42','2020-04-30 16:07:32'),(50,21,1,'2017-04-17 01:08:52','2020-04-30 16:07:32'),(51,95,1,'2015-02-24 10:17:55','2020-04-30 16:07:32'),(52,10,1,'2017-12-08 10:03:34','2020-04-30 16:07:32'),(53,64,2,'2012-11-12 18:12:29','2020-04-30 16:07:32'),(54,90,3,'2017-12-17 01:36:51','2020-04-30 16:07:32'),(55,60,2,'2014-02-03 01:51:59','2020-04-30 16:07:32'),(56,27,1,'2012-08-02 08:49:56','2020-04-30 16:07:32'),(57,56,2,'2013-03-17 09:12:09','2020-04-30 16:07:32'),(58,97,1,'2015-05-19 11:19:01','2020-04-30 16:07:32'),(59,15,3,'2019-12-08 06:02:52','2020-04-30 16:07:32'),(60,86,1,'2017-06-07 16:58:34','2020-04-30 16:07:32'),(61,84,3,'2015-11-27 21:26:06','2020-04-30 16:07:32'),(62,62,2,'2015-01-09 13:17:07','2020-04-30 16:07:32'),(63,58,2,'2013-03-23 10:42:02','2020-04-30 16:07:32'),(64,3,3,'2012-07-14 13:33:11','2020-04-30 16:07:32'),(65,42,1,'2019-08-31 21:49:16','2020-04-30 16:07:32'),(66,98,1,'2013-07-18 03:48:55','2020-04-30 16:07:32'),(67,65,1,'2010-10-03 05:23:25','2020-04-30 16:07:32'),(68,31,2,'2011-08-05 07:30:09','2020-04-30 16:07:32'),(69,59,1,'2017-03-02 21:36:55','2020-04-30 16:07:32'),(70,2,2,'2011-01-02 10:00:13','2020-04-30 16:07:32'),(71,33,1,'2014-09-19 00:09:21','2020-04-30 16:07:32'),(72,59,1,'2017-09-05 06:04:52','2020-04-30 16:07:32'),(73,94,2,'2013-03-18 10:03:42','2020-04-30 16:07:32'),(74,95,2,'2014-05-04 08:02:45','2020-04-30 16:07:32'),(75,91,1,'2019-03-14 02:25:55','2020-04-30 16:07:32'),(76,69,1,'2018-05-18 13:47:29','2020-04-30 16:07:32'),(77,72,1,'2010-05-18 04:37:00','2020-04-30 16:07:32'),(78,52,1,'2014-07-19 06:53:01','2020-04-30 16:07:32'),(79,43,2,'2011-07-10 21:59:53','2020-04-30 16:07:32'),(80,59,1,'2014-06-01 00:24:20','2020-04-30 16:07:32'),(81,64,3,'2014-12-11 11:55:55','2020-04-30 16:07:32'),(82,44,3,'2018-08-26 15:07:25','2020-04-30 16:07:32'),(83,29,2,'2014-06-17 06:32:23','2020-04-30 16:07:32'),(84,10,1,'2011-05-09 03:28:31','2020-04-30 16:07:32'),(85,64,3,'2019-10-26 11:19:01','2020-04-30 16:07:32'),(86,91,1,'2013-04-26 04:23:22','2020-04-30 16:07:32'),(87,60,3,'2014-11-14 01:51:05','2020-04-30 16:07:32'),(88,28,1,'2014-09-09 05:17:32','2020-04-30 16:07:32'),(89,61,1,'2012-04-26 18:40:33','2020-04-30 16:07:32'),(90,18,3,'2011-08-19 16:16:36','2020-04-30 16:07:32'),(91,9,1,'2015-01-08 19:15:31','2020-04-30 16:07:32'),(92,91,3,'2012-10-16 16:22:37','2020-04-30 16:07:32'),(93,26,1,'2015-12-04 09:48:48','2020-04-30 16:07:32'),(94,57,2,'2015-08-05 19:11:35','2020-04-30 16:07:32'),(95,4,1,'2015-07-08 22:10:50','2020-04-30 16:07:32'),(96,52,2,'2013-02-06 04:16:21','2020-04-30 16:07:32'),(97,45,2,'2012-08-31 14:01:13','2020-04-30 16:07:32'),(98,68,2,'2017-08-17 04:18:38','2020-04-30 16:07:32'),(99,3,1,'2010-10-20 18:13:37','2020-04-30 16:07:32'),(100,14,1,'2013-12-01 16:44:18','2020-04-30 16:07:32');
/*!40000 ALTER TABLE `orders` ENABLE KEYS */;
UNLOCK TABLES;

--
-- Table structure for table `orders_delivery`
--

DROP TABLE IF EXISTS `orders_delivery`;
/*!40101 SET @saved_cs_client     = @@character_set_client */;
/*!50503 SET character_set_client = utf8mb4 */;
CREATE TABLE `orders_delivery` (
  `order_id` int unsigned NOT NULL,
  `delivery_method_id` tinyint unsigned NOT NULL,
  `delivery_service_id` int unsigned DEFAULT NULL,
  `created_at` datetime DEFAULT CURRENT_TIMESTAMP,
  `updated_at` datetime DEFAULT CURRENT_TIMESTAMP ON UPDATE CURRENT_TIMESTAMP,
  PRIMARY KEY (`order_id`),
  KEY `orders_delivery_delivery_method_id_fk` (`delivery_method_id`),
  KEY `orders_delivery_delivery_service_id_fk` (`delivery_service_id`),
  KEY `orders_delivery_ord_id_del_meth_id_del_serv_id_idx` (`order_id`,`delivery_method_id`,`delivery_service_id`),
  CONSTRAINT `orders_delivery_delivery_method_id_fk` FOREIGN KEY (`delivery_method_id`) REFERENCES `delivery_methods` (`id`) ON DELETE CASCADE,
  CONSTRAINT `orders_delivery_delivery_service_id_fk` FOREIGN KEY (`delivery_service_id`) REFERENCES `delivery_services` (`id`) ON DELETE CASCADE,
  CONSTRAINT `orders_delivery_order_id_fk` FOREIGN KEY (`order_id`) REFERENCES `orders` (`id`) ON DELETE CASCADE
) ENGINE=InnoDB DEFAULT CHARSET=utf8mb4 COLLATE=utf8mb4_0900_ai_ci COMMENT='Способ доставки';
/*!40101 SET character_set_client = @saved_cs_client */;

--
-- Dumping data for table `orders_delivery`
--

LOCK TABLES `orders_delivery` WRITE;
/*!40000 ALTER TABLE `orders_delivery` DISABLE KEYS */;
INSERT INTO `orders_delivery` VALUES (1,2,34,'2010-11-25 19:25:40','2020-03-27 17:36:45'),(2,1,42,'2012-02-20 10:07:00','2017-10-21 00:54:32'),(3,1,71,'2014-08-02 08:46:39','2017-04-15 17:08:34'),(4,2,48,'2019-06-14 11:09:28','2020-04-30 16:07:32'),(5,1,44,'2011-12-28 02:53:55','2017-02-06 00:40:35'),(6,2,63,'2018-12-17 05:00:31','2020-04-30 16:07:32'),(7,1,58,'2011-01-19 07:49:49','2017-06-22 02:01:51'),(8,1,78,'2016-05-26 21:15:19','2018-09-16 23:54:26'),(9,2,18,'2018-06-15 06:59:14','2020-04-30 16:07:32'),(10,1,29,'2013-05-15 15:43:30','2016-10-06 05:12:48'),(11,1,21,'2017-02-05 01:35:21','2020-04-30 16:07:32'),(12,1,68,'2019-11-03 20:24:28','2020-01-21 08:25:03'),(13,2,41,'2015-06-23 20:54:24','2020-04-30 16:07:32'),(14,2,85,'2017-01-03 05:52:17','2017-12-15 16:08:25'),(15,2,37,'2016-05-29 04:35:42','2020-04-30 16:07:32'),(16,1,54,'2012-03-02 01:29:03','2013-06-25 00:30:04'),(17,2,13,'2016-01-08 08:18:32','2020-04-30 16:07:32'),(18,2,74,'2012-05-16 08:55:17','2015-07-21 16:32:26'),(19,1,80,'2014-03-09 22:22:12','2017-10-17 03:24:49'),(20,2,50,'2014-10-18 20:13:00','2020-04-30 16:07:32'),(21,2,11,'2020-01-01 13:11:02','2020-04-30 16:07:32'),(22,1,21,'2018-08-20 18:29:52','2020-04-30 16:07:32'),(23,2,35,'2016-12-11 17:21:41','2020-04-30 16:07:32'),(24,1,50,'2010-09-11 13:51:28','2010-10-23 01:29:12'),(25,1,55,'2013-05-05 08:25:05','2018-03-27 06:42:31'),(26,1,59,'2018-06-04 02:13:49','2020-04-30 16:07:32'),(27,2,34,'2015-06-25 01:07:17','2020-04-30 16:07:32'),(28,1,33,'2020-01-30 06:33:40','2020-04-30 16:07:32'),(29,1,75,'2013-08-10 11:53:51','2014-10-09 14:00:28'),(30,1,79,'2016-06-09 17:48:12','2017-10-04 14:29:12'),(31,1,99,'2013-12-02 09:35:39','2020-04-30 16:07:32'),(32,2,86,'2016-11-12 22:01:06','2018-09-19 15:42:56'),(33,2,38,'2014-10-12 20:23:37','2015-04-29 11:41:17'),(34,1,79,'2010-11-03 22:34:26','2015-02-14 19:02:24'),(35,1,80,'2020-04-09 02:54:01','2020-04-30 16:07:32'),(36,1,24,'2013-08-21 09:37:01','2020-04-30 16:07:32'),(37,2,3,'2013-03-12 23:23:15','2013-12-29 22:48:55'),(38,2,62,'2019-08-11 18:32:58','2020-04-30 16:07:32'),(39,1,89,'2017-10-28 11:46:14','2020-04-30 16:07:32'),(40,1,10,'2018-06-11 18:33:16','2020-04-30 16:07:32'),(41,2,64,'2019-11-11 03:04:16','2020-04-30 16:07:32'),(42,2,51,'2017-11-23 13:52:32','2020-04-30 16:07:32'),(43,2,27,'2014-02-18 03:36:01','2016-01-21 16:05:15'),(44,1,84,'2013-01-28 20:05:51','2019-03-22 23:07:28'),(45,2,90,'2018-10-02 20:00:05','2020-04-30 16:07:32'),(46,2,36,'2018-03-07 18:22:45','2020-04-30 16:07:32'),(47,1,59,'2017-06-07 13:57:35','2020-04-30 16:07:32'),(48,2,40,'2012-05-18 08:03:37','2020-04-30 16:07:32'),(49,2,21,'2017-01-22 19:59:42','2020-04-30 16:07:32'),(50,2,12,'2011-08-08 08:00:21','2013-04-06 08:11:26'),(51,2,34,'2014-07-24 02:35:31','2018-09-18 08:14:16'),(52,2,40,'2011-08-11 19:06:03','2013-07-29 07:38:46'),(53,2,95,'2011-11-01 06:00:02','2011-11-06 09:29:20'),(54,2,48,'2010-11-05 02:17:10','2012-12-06 08:06:43'),(55,2,92,'2017-04-07 13:07:20','2020-04-30 16:07:32'),(56,1,60,'2013-03-14 23:11:30','2020-03-20 21:59:18'),(57,1,64,'2012-02-20 15:24:04','2018-07-25 10:55:30'),(58,1,15,'2017-02-28 10:16:15','2020-04-30 16:07:32'),(59,1,35,'2015-01-10 00:19:15','2016-10-02 01:29:39'),(60,2,24,'2014-09-13 19:11:49','2019-02-16 23:48:55'),(61,2,18,'2016-10-19 15:09:41','2020-04-30 16:07:32'),(62,2,70,'2020-03-31 17:07:44','2020-04-30 16:07:32'),(63,1,39,'2014-01-30 18:48:13','2020-01-25 11:06:06'),(64,1,81,'2011-04-13 21:09:46','2013-07-11 08:35:51'),(65,1,94,'2019-09-26 12:08:16','2020-04-30 16:07:32'),(66,2,12,'2010-06-21 19:46:27','2016-06-21 15:14:54'),(67,1,100,'2013-01-22 01:07:27','2020-04-30 16:07:32'),(68,2,52,'2015-10-31 15:59:44','2020-04-30 16:07:32'),(69,1,96,'2014-05-10 21:32:47','2020-04-30 16:07:32'),(70,1,62,'2010-12-18 10:42:06','2017-12-19 23:13:23'),(71,2,90,'2013-10-23 02:56:52','2018-07-24 23:33:35'),(72,1,20,'2017-02-15 14:30:07','2018-10-30 11:35:05'),(73,2,16,'2010-08-15 01:12:19','2012-11-06 05:51:55'),(74,1,31,'2014-11-17 02:31:56','2019-11-03 21:30:10'),(75,1,88,'2017-01-13 07:14:20','2018-10-27 10:11:04'),(76,2,46,'2019-11-12 05:53:48','2020-04-30 16:07:32'),(77,2,86,'2017-09-16 10:30:51','2018-01-30 23:15:31'),(78,2,95,'2010-10-29 20:30:54','2019-07-01 16:08:04'),(79,2,61,'2019-02-17 06:25:27','2020-04-30 16:07:32'),(80,2,85,'2012-10-29 22:24:29','2015-12-24 07:09:00'),(81,2,91,'2011-07-09 05:48:32','2020-04-30 16:07:32'),(82,1,23,'2014-03-27 12:48:40','2016-04-10 23:42:57'),(83,1,83,'2012-10-12 04:18:38','2017-02-02 19:04:27'),(84,1,77,'2012-11-22 10:09:56','2020-04-30 16:07:32'),(85,2,47,'2011-09-01 00:54:52','2015-05-26 22:25:11'),(86,1,17,'2016-10-06 08:17:08','2020-04-30 16:07:32'),(87,2,28,'2017-09-29 11:05:23','2020-04-30 16:07:32'),(88,2,96,'2011-10-25 04:22:48','2016-02-21 13:08:30'),(89,1,71,'2014-09-04 19:59:37','2016-03-12 08:24:34'),(90,2,87,'2012-01-03 18:19:20','2019-04-19 20:49:09'),(91,2,92,'2015-02-01 02:39:48','2016-04-24 09:53:20'),(92,2,40,'2014-01-05 08:15:55','2020-04-30 16:07:32'),(93,1,21,'2019-02-26 18:43:07','2020-04-30 16:07:32'),(94,1,22,'2019-02-23 12:26:43','2019-04-15 05:13:25'),(95,1,88,'2012-01-27 20:05:27','2020-04-30 16:07:32'),(96,1,15,'2016-12-31 18:48:00','2020-04-30 16:07:32'),(97,1,46,'2013-10-18 08:55:50','2020-04-30 16:07:32'),(98,2,89,'2012-07-04 18:45:42','2020-04-30 16:07:32'),(99,1,20,'2017-08-12 13:01:13','2020-04-30 16:07:32'),(100,2,91,'2014-01-16 06:01:56','2014-04-26 20:03:23');
/*!40000 ALTER TABLE `orders_delivery` ENABLE KEYS */;
UNLOCK TABLES;

--
-- Temporary view structure for view `orders_info`
--

DROP TABLE IF EXISTS `orders_info`;
/*!50001 DROP VIEW IF EXISTS `orders_info`*/;
SET @saved_cs_client     = @@character_set_client;
/*!50503 SET character_set_client = utf8mb4 */;
/*!50001 CREATE VIEW `orders_info` AS SELECT 
 1 AS `order_id`,
 1 AS `user_id`,
 1 AS `products_amount`,
 1 AS `payment_type`,
 1 AS `delivery_method`,
 1 AS `dm_id`,
 1 AS `delivery_service`,
 1 AS `ds_id`*/;
SET character_set_client = @saved_cs_client;

--
-- Table structure for table `orders_products`
--

DROP TABLE IF EXISTS `orders_products`;
/*!40101 SET @saved_cs_client     = @@character_set_client */;
/*!50503 SET character_set_client = utf8mb4 */;
CREATE TABLE `orders_products` (
  `order_id` int unsigned NOT NULL,
  `product_id` int unsigned NOT NULL,
  `created_at` datetime DEFAULT CURRENT_TIMESTAMP,
  `updated_at` datetime DEFAULT CURRENT_TIMESTAMP ON UPDATE CURRENT_TIMESTAMP,
  KEY `orders_products_product_id_fk` (`product_id`),
  KEY `orders_products_order_id_product_id_idx` (`order_id`,`product_id`),
  CONSTRAINT `orders_products_order_id_fk` FOREIGN KEY (`order_id`) REFERENCES `orders` (`id`) ON DELETE CASCADE,
  CONSTRAINT `orders_products_product_id_fk` FOREIGN KEY (`product_id`) REFERENCES `products` (`id`) ON DELETE CASCADE
) ENGINE=InnoDB DEFAULT CHARSET=utf8mb4 COLLATE=utf8mb4_0900_ai_ci COMMENT='Заказанные товары';
/*!40101 SET character_set_client = @saved_cs_client */;

--
-- Dumping data for table `orders_products`
--

LOCK TABLES `orders_products` WRITE;
/*!40000 ALTER TABLE `orders_products` DISABLE KEYS */;
INSERT INTO `orders_products` VALUES (4,61,'2019-11-07 18:57:40','2020-04-30 16:07:32'),(69,75,'2012-08-05 18:58:42','2019-07-08 16:14:05'),(5,86,'2013-03-31 05:56:22','2020-04-30 16:07:32'),(43,78,'2015-04-15 07:12:52','2020-04-30 16:07:32'),(35,24,'2017-08-20 23:41:34','2020-01-03 20:11:28'),(45,53,'2015-01-07 01:02:02','2019-03-21 02:45:28'),(85,52,'2012-08-06 08:31:16','2020-04-13 09:21:10'),(35,26,'2013-06-01 12:47:49','2017-07-21 08:52:34'),(52,92,'2018-02-21 08:04:45','2018-12-06 07:04:09'),(55,56,'2012-01-27 21:51:55','2018-08-17 18:37:45'),(24,91,'2013-05-12 16:04:27','2020-04-30 16:07:32'),(42,87,'2010-07-12 00:26:43','2016-02-29 16:26:02'),(98,45,'2018-10-02 06:53:06','2020-04-30 16:07:32'),(100,39,'2010-05-24 19:04:36','2014-05-30 21:00:40'),(96,94,'2018-08-16 21:55:04','2020-04-30 16:07:32'),(68,36,'2012-06-05 23:19:13','2016-04-05 01:03:00'),(11,16,'2017-06-11 11:13:38','2017-11-21 02:20:44'),(98,65,'2013-09-05 03:21:52','2020-04-30 16:07:32'),(66,2,'2019-04-17 17:29:09','2020-04-30 16:07:32'),(17,53,'2014-04-29 12:26:42','2017-05-02 20:46:08'),(96,91,'2010-12-20 05:38:13','2017-09-23 01:24:00'),(65,16,'2019-05-14 05:00:17','2020-04-30 16:07:32'),(86,10,'2011-05-30 21:45:33','2019-09-23 03:28:42'),(54,93,'2013-07-31 18:33:50','2020-04-30 16:07:32'),(9,71,'2020-01-29 09:38:13','2020-04-30 16:07:32'),(25,82,'2017-06-12 11:35:52','2019-05-03 16:29:42'),(12,23,'2017-12-19 03:01:49','2019-07-09 13:47:05'),(58,100,'2010-10-04 10:49:20','2016-08-17 13:52:12'),(95,92,'2019-06-06 23:18:41','2020-04-30 16:07:32'),(71,63,'2011-11-18 18:08:50','2013-12-14 07:45:22'),(17,4,'2019-11-22 07:07:57','2020-04-30 16:07:32'),(45,100,'2019-05-30 16:55:20','2020-04-30 16:07:32'),(10,97,'2013-12-10 15:38:09','2015-11-06 21:35:52'),(24,6,'2011-09-07 16:05:38','2012-02-13 07:51:16'),(33,44,'2011-01-24 02:12:10','2012-09-17 00:26:13'),(1,92,'2013-09-12 07:30:37','2017-11-14 19:41:49'),(76,72,'2012-04-30 05:37:11','2019-02-12 11:19:34'),(55,64,'2010-12-10 02:13:44','2020-03-01 14:00:04'),(90,51,'2017-05-02 06:24:19','2018-01-18 07:50:42'),(94,72,'2014-07-04 08:31:38','2016-04-19 14:37:51'),(38,58,'2010-07-25 00:20:31','2016-03-01 05:38:57'),(29,39,'2011-01-03 21:56:26','2017-01-31 19:20:08'),(78,51,'2018-11-04 06:29:22','2020-04-30 16:07:32'),(66,67,'2018-03-27 23:06:02','2020-04-30 16:07:32'),(56,75,'2014-06-25 09:20:24','2018-05-09 01:24:37'),(82,6,'2013-02-19 22:53:43','2020-04-30 16:07:32'),(80,2,'2012-10-25 06:02:10','2016-11-16 12:18:06'),(15,38,'2014-07-30 08:20:42','2020-04-30 16:07:32'),(59,91,'2016-12-13 09:20:04','2017-11-19 18:13:00'),(83,15,'2019-05-30 03:01:20','2020-04-30 16:07:32'),(71,80,'2015-01-14 19:02:35','2020-04-30 16:07:32'),(98,64,'2019-11-28 18:25:56','2020-04-30 16:07:32'),(22,27,'2012-10-07 09:26:34','2017-05-17 10:58:27'),(93,60,'2018-12-11 19:42:46','2019-08-13 08:03:31'),(35,63,'2017-05-29 10:05:11','2020-04-30 16:07:32'),(17,69,'2011-03-04 14:05:59','2020-04-30 16:07:32'),(21,28,'2010-10-20 12:04:58','2014-05-20 06:10:32'),(29,25,'2017-01-26 22:38:52','2020-04-30 16:07:32'),(50,78,'2012-11-16 10:24:27','2016-12-17 20:18:31'),(4,25,'2019-10-14 17:21:03','2020-04-09 14:59:00'),(52,54,'2015-06-15 14:00:54','2018-07-16 01:17:10'),(25,77,'2018-09-04 07:48:01','2020-04-30 16:07:32'),(43,68,'2011-04-04 08:11:50','2017-10-30 09:37:46'),(15,24,'2013-08-15 01:44:07','2014-05-07 07:38:38'),(78,47,'2016-08-27 05:49:49','2020-04-30 16:07:32'),(31,63,'2019-05-28 11:29:57','2020-04-30 16:07:32'),(74,40,'2018-03-18 10:39:52','2020-04-30 16:07:32'),(39,57,'2015-10-05 17:19:25','2020-04-30 16:07:32'),(94,82,'2018-07-17 04:16:01','2020-04-30 16:07:32'),(27,78,'2016-10-10 03:25:32','2020-04-30 16:07:32'),(97,66,'2011-03-14 20:04:24','2019-01-16 07:34:36'),(35,29,'2015-06-08 03:37:48','2016-09-12 19:36:26'),(64,11,'2014-06-28 20:20:52','2016-12-05 14:09:16'),(36,63,'2015-05-06 10:24:30','2017-01-28 01:00:45'),(80,55,'2018-02-21 16:16:32','2018-03-28 08:09:02'),(60,94,'2018-09-24 08:39:14','2020-04-30 16:07:32'),(92,59,'2017-10-22 05:33:05','2020-04-30 16:07:32'),(65,4,'2013-02-24 11:32:52','2016-12-08 23:46:05'),(83,9,'2019-07-20 03:46:42','2020-04-30 16:07:32'),(54,9,'2016-01-03 14:55:42','2020-04-30 16:07:32'),(34,27,'2019-02-05 00:06:30','2020-04-30 16:07:32'),(8,37,'2018-03-11 21:48:08','2019-03-24 10:11:02'),(81,77,'2010-10-05 04:02:41','2016-09-09 16:49:01'),(95,54,'2014-09-04 15:44:19','2014-10-30 07:57:32'),(40,93,'2011-08-01 11:10:53','2011-11-17 03:47:13'),(10,34,'2019-10-27 05:12:38','2020-04-30 16:07:32'),(58,29,'2013-09-16 14:40:08','2020-04-15 17:47:16'),(27,66,'2012-12-09 01:24:46','2018-11-30 10:47:30'),(91,100,'2014-08-21 10:17:13','2020-04-30 16:07:32'),(86,16,'2011-01-18 19:55:51','2013-08-05 07:24:37'),(94,52,'2013-07-06 20:05:49','2018-09-22 22:39:44'),(63,78,'2016-04-27 06:43:58','2020-04-30 16:07:32'),(81,49,'2012-11-10 15:01:40','2020-04-30 16:07:32'),(99,73,'2014-02-03 13:44:47','2020-04-30 16:07:32'),(27,41,'2014-04-16 18:14:19','2020-04-30 16:07:32'),(50,50,'2013-07-07 20:46:37','2020-04-30 16:07:32'),(16,96,'2010-07-16 17:08:32','2017-10-18 23:55:10'),(42,23,'2019-05-26 18:21:06','2020-04-30 16:07:32'),(24,58,'2018-11-04 07:06:00','2020-04-30 16:07:32'),(95,86,'2019-11-12 12:58:00','2020-04-30 16:07:32');
/*!40000 ALTER TABLE `orders_products` ENABLE KEYS */;
UNLOCK TABLES;
/*!50003 SET @saved_cs_client      = @@character_set_client */ ;
/*!50003 SET @saved_cs_results     = @@character_set_results */ ;
/*!50003 SET @saved_col_connection = @@collation_connection */ ;
/*!50003 SET character_set_client  = utf8mb4 */ ;
/*!50003 SET character_set_results = utf8mb4 */ ;
/*!50003 SET collation_connection  = utf8mb4_0900_ai_ci */ ;
/*!50003 SET @saved_sql_mode       = @@sql_mode */ ;
/*!50003 SET sql_mode              = 'ONLY_FULL_GROUP_BY,STRICT_TRANS_TABLES,NO_ZERO_IN_DATE,NO_ZERO_DATE,ERROR_FOR_DIVISION_BY_ZERO,NO_ENGINE_SUBSTITUTION' */ ;
DELIMITER ;;
/*!50003 CREATE*/ /*!50017 DEFINER=`root`@`localhost`*/ /*!50003 TRIGGER `counting_products_after_insert` AFTER INSERT ON `orders_products` FOR EACH ROW BEGIN
	UPDATE storehouses_products SET value = (value - 1) WHERE product_id = NEW.product_id;
END */;;
DELIMITER ;
/*!50003 SET sql_mode              = @saved_sql_mode */ ;
/*!50003 SET character_set_client  = @saved_cs_client */ ;
/*!50003 SET character_set_results = @saved_cs_results */ ;
/*!50003 SET collation_connection  = @saved_col_connection */ ;
/*!50003 SET @saved_cs_client      = @@character_set_client */ ;
/*!50003 SET @saved_cs_results     = @@character_set_results */ ;
/*!50003 SET @saved_col_connection = @@collation_connection */ ;
/*!50003 SET character_set_client  = utf8mb4 */ ;
/*!50003 SET character_set_results = utf8mb4 */ ;
/*!50003 SET collation_connection  = utf8mb4_0900_ai_ci */ ;
/*!50003 SET @saved_sql_mode       = @@sql_mode */ ;
/*!50003 SET sql_mode              = 'ONLY_FULL_GROUP_BY,STRICT_TRANS_TABLES,NO_ZERO_IN_DATE,NO_ZERO_DATE,ERROR_FOR_DIVISION_BY_ZERO,NO_ENGINE_SUBSTITUTION' */ ;
DELIMITER ;;
/*!50003 CREATE*/ /*!50017 DEFINER=`root`@`localhost`*/ /*!50003 TRIGGER `counting_products_after_update` AFTER UPDATE ON `orders_products` FOR EACH ROW BEGIN
	UPDATE storehouses_products SET value = (value - 1) WHERE product_id = NEW.product_id;
	UPDATE storehouses_products SET value = (value + 1) WHERE product_id = OLD.product_id; 
END */;;
DELIMITER ;
/*!50003 SET sql_mode              = @saved_sql_mode */ ;
/*!50003 SET character_set_client  = @saved_cs_client */ ;
/*!50003 SET character_set_results = @saved_cs_results */ ;
/*!50003 SET collation_connection  = @saved_col_connection */ ;

--
-- Temporary view structure for view `orders_with_offline_payment`
--

DROP TABLE IF EXISTS `orders_with_offline_payment`;
/*!50001 DROP VIEW IF EXISTS `orders_with_offline_payment`*/;
SET @saved_cs_client     = @@character_set_client;
/*!50503 SET character_set_client = utf8mb4 */;
/*!50001 CREATE VIEW `orders_with_offline_payment` AS SELECT 
 1 AS `id`,
 1 AS `user_id`*/;
SET character_set_client = @saved_cs_client;

--
-- Temporary view structure for view `orders_with_online_payment`
--

DROP TABLE IF EXISTS `orders_with_online_payment`;
/*!50001 DROP VIEW IF EXISTS `orders_with_online_payment`*/;
SET @saved_cs_client     = @@character_set_client;
/*!50503 SET character_set_client = utf8mb4 */;
/*!50001 CREATE VIEW `orders_with_online_payment` AS SELECT 
 1 AS `id`,
 1 AS `user_id`*/;
SET character_set_client = @saved_cs_client;

--
-- Table structure for table `payment_types`
--

DROP TABLE IF EXISTS `payment_types`;
/*!40101 SET @saved_cs_client     = @@character_set_client */;
/*!50503 SET character_set_client = utf8mb4 */;
CREATE TABLE `payment_types` (
  `id` tinyint unsigned NOT NULL AUTO_INCREMENT,
  `name` enum('В пункте выдачи','Курьеру по прибытию','Online') NOT NULL,
  `created_at` datetime DEFAULT CURRENT_TIMESTAMP,
  `updated_at` datetime DEFAULT CURRENT_TIMESTAMP ON UPDATE CURRENT_TIMESTAMP,
  PRIMARY KEY (`id`),
  KEY `payment_types_id_name_idx` (`id`,`name`)
) ENGINE=InnoDB AUTO_INCREMENT=4 DEFAULT CHARSET=utf8mb4 COLLATE=utf8mb4_0900_ai_ci COMMENT='Типы оплаты';
/*!40101 SET character_set_client = @saved_cs_client */;

--
-- Dumping data for table `payment_types`
--

LOCK TABLES `payment_types` WRITE;
/*!40000 ALTER TABLE `payment_types` DISABLE KEYS */;
INSERT INTO `payment_types` VALUES (1,'В пункте выдачи','2010-10-26 16:54:24','2014-02-24 19:35:17'),(2,'Курьеру по прибытию','2017-11-22 01:48:45','2020-04-30 16:07:32'),(3,'Online','2014-12-23 14:09:29','2020-04-30 16:07:32');
/*!40000 ALTER TABLE `payment_types` ENABLE KEYS */;
UNLOCK TABLES;

--
-- Table structure for table `product_properties`
--

DROP TABLE IF EXISTS `product_properties`;
/*!40101 SET @saved_cs_client     = @@character_set_client */;
/*!50503 SET character_set_client = utf8mb4 */;
CREATE TABLE `product_properties` (
  `product_id` int unsigned NOT NULL,
  `gender` char(1) DEFAULT NULL COMMENT 'На случай одежды и пр.',
  `property_name` varchar(255) NOT NULL COMMENT 'Название свойства. Напр-р: красный, металл и т.д.',
  `property_value` varchar(255) NOT NULL COMMENT 'Значение свойства. Напр-р: 20% хлопка, 20 г и т.д.',
  `property_price` decimal(11,2) DEFAULT NULL COMMENT 'Цена, если свойство влияет на стоимость товара',
  PRIMARY KEY (`product_id`),
  CONSTRAINT `product_properties_product_id_fk` FOREIGN KEY (`product_id`) REFERENCES `products` (`id`) ON DELETE CASCADE
) ENGINE=InnoDB DEFAULT CHARSET=utf8mb4 COLLATE=utf8mb4_0900_ai_ci COMMENT='Свойства товаров';
/*!40101 SET character_set_client = @saved_cs_client */;

--
-- Dumping data for table `product_properties`
--

LOCK TABLES `product_properties` WRITE;
/*!40000 ALTER TABLE `product_properties` DISABLE KEYS */;
INSERT INTO `product_properties` VALUES (1,'m','omnis','Nostrum omnis veritatis molestiae maxime harum dolorem iure.',477.00),(2,NULL,'odit','In id ea sint consequatur omnis nihil.',NULL),(3,NULL,'sed','Reiciendis excepturi rerum iusto nihil soluta ut.',423.00),(4,'f','magni','Rerum dolores voluptatem porro atque qui.',183.00),(5,'f','mollitia','Et velit aut doloremque est praesentium.',345.00),(6,NULL,'quisquam','Quas veniam officia eos qui.',NULL),(7,'m','soluta','Aut ipsa corporis enim repellat ea exercitationem et.',277.00),(8,'m','reiciendis','At eius recusandae praesentium quo dolorem totam.',252.00),(9,'m','modi','Doloribus doloribus quisquam qui et et.',330.00),(10,'f','exercitationem','Repellat inventore aut est et.',394.00),(11,'m','culpa','Dolor cum voluptatum fugit quo et et et.',NULL),(12,'m','dolor','Voluptatum perspiciatis repudiandae delectus ipsam qui recusandae nam rerum.',482.00),(13,'m','autem','Ut dignissimos fuga quos est vel.',NULL),(14,'f','magnam','Quis ea maxime delectus.',328.00),(15,'f','molestias','Quia nihil a ipsam ut.',492.00),(16,NULL,'non','Aut laudantium quasi nemo aut ad.',179.00),(17,'m','voluptas','Voluptates culpa quidem ullam perferendis culpa est illo.',117.00),(18,NULL,'eum','Odit laboriosam est distinctio cum.',349.00),(19,'f','dignissimos','Voluptas dolor est quia adipisci aliquam molestiae.',496.00),(20,'f','necessitatibus','Magnam consequatur qui eveniet explicabo veritatis id.',135.00),(21,'m','dicta','Sunt et at iusto sint praesentium.',285.00),(22,'f','sint','Modi delectus cupiditate voluptatem ullam quam.',123.00),(23,'f','veniam','Nam quis eius delectus.',460.00),(24,'m','nihil','Voluptatibus omnis esse hic cum dolor nihil.',229.00),(25,'m','nihil','Labore mollitia ut repudiandae placeat dolores quasi.',468.00),(26,'f','aliquam','Vel maxime voluptate laboriosam aut ipsam commodi qui.',353.00),(27,'f','doloribus','Voluptatem quis sed consectetur saepe sint est.',NULL),(28,'m','adipisci','Nisi aspernatur cupiditate ut veniam eum.',263.00),(29,'f','minus','Aut velit molestiae enim impedit qui.',157.00),(30,'m','omnis','Quisquam excepturi excepturi harum sed quaerat illum.',295.00),(31,NULL,'a','Fuga corporis est tempore praesentium.',103.00),(32,NULL,'illum','Ut non fugiat qui sunt harum accusantium aut.',NULL),(33,NULL,'tenetur','Mollitia consequatur unde repudiandae vero voluptate ad est.',333.00),(34,'m','laborum','Odit dignissimos dolorem suscipit earum ea voluptates sed.',458.00),(35,'f','ducimus','Similique quibusdam ex quibusdam tenetur amet est.',NULL),(36,'m','quibusdam','Dolorem corporis rerum tempora molestias.',388.00),(37,'m','officiis','Doloremque magni est et id et numquam autem.',NULL),(38,NULL,'aut','Possimus veniam animi quisquam mollitia officiis ducimus natus.',470.00),(39,NULL,'quia','Et et et quo quas architecto eos.',285.00),(40,'f','ipsam','Sit eveniet distinctio veniam et.',314.00),(41,NULL,'repudiandae','Sapiente delectus sapiente similique unde incidunt est.',216.00),(42,'f','ut','Repellat sed aliquid velit non reiciendis inventore eveniet.',NULL),(43,NULL,'molestiae','Cumque quas aut hic ullam dolor.',NULL),(44,'f','atque','Ut optio totam sed modi maiores quod aut.',NULL),(45,NULL,'voluptatem','Adipisci qui et ut sed cum veritatis voluptatem esse.',437.00),(46,NULL,'eaque','Dolore et sunt ipsam.',NULL),(47,'m','et','Ut mollitia vel magnam vel maiores sed.',239.00),(48,'f','autem','Sit tempora et dolores aut cum accusamus.',186.00),(49,'m','nesciunt','Natus dolore doloremque atque et ut sed sed.',NULL),(50,'f','enim','Dolores sit dolores ut quis.',113.00),(51,'m','voluptatum','Assumenda accusantium aut consequatur earum asperiores ratione dicta.',306.00),(52,NULL,'in','Velit vel nesciunt et.',NULL),(53,'m','porro','Corrupti autem beatae officia fuga dolor asperiores minima.',NULL),(54,'m','et','Ut repellat dignissimos dolore ab.',294.00),(55,'f','sequi','Tenetur et cum ut.',453.00),(56,'m','quod','Dolorum ea ut repudiandae cupiditate assumenda.',NULL),(57,'f','qui','Et animi ab veniam repellendus explicabo occaecati alias laboriosam.',481.00),(58,'m','quasi','Sequi sint incidunt ut et quaerat quo omnis.',NULL),(59,'m','temporibus','Ipsam quis nesciunt est impedit fugiat.',NULL),(60,'m','debitis','Illo sed sequi rerum molestiae est perferendis.',146.00),(61,'m','ut','Qui omnis molestias asperiores laudantium sint.',NULL),(62,NULL,'qui','Possimus perspiciatis quia est est dolorem.',387.00),(63,'f','dolor','Suscipit harum praesentium eius aut possimus sunt odit.',NULL),(64,'f','doloribus','Est et pariatur expedita qui quisquam minus natus.',NULL),(65,NULL,'rerum','Accusamus modi earum et omnis rerum dolorum voluptatibus est.',NULL),(66,'f','distinctio','Veniam quia tempora hic veniam voluptatem dolorem voluptate quisquam.',NULL),(67,NULL,'minus','Fugit quod dicta quae ducimus distinctio dignissimos incidunt.',201.00),(68,'f','saepe','Voluptates voluptatem eum quasi est corporis maxime asperiores.',NULL),(69,'m','eius','Consequatur dolorem saepe ut nisi eveniet.',141.00),(70,NULL,'at','Aut consequuntur animi est est et eveniet rem.',NULL),(71,NULL,'distinctio','Illo harum rerum cupiditate ex asperiores.',NULL),(72,'f','dicta','Ipsum dolores corrupti consequatur facere qui tempora.',NULL),(73,'f','itaque','Vero voluptatem ea ab omnis culpa tenetur porro est.',NULL),(74,'f','voluptates','Consequatur quidem vitae labore.',NULL),(75,'f','non','Dignissimos voluptatem laborum maiores consectetur.',NULL),(76,'m','animi','Similique omnis asperiores iusto dolor.',NULL),(77,'m','accusamus','Nostrum molestiae quasi autem vitae eos.',NULL),(78,'m','doloribus','Qui omnis asperiores neque sunt officia occaecati dolorem.',NULL),(79,'m','enim','Quidem et a eos quas laudantium.',403.00),(80,NULL,'dolorem','Ut assumenda dolor deserunt blanditiis.',294.00),(81,'f','aliquam','Ipsam sequi qui explicabo est quisquam.',NULL),(82,NULL,'accusantium','Ab dicta reiciendis suscipit sint laborum.',NULL),(83,'f','necessitatibus','Quia veritatis qui praesentium modi.',NULL),(84,'m','repellat','Sint incidunt suscipit rerum tempora rerum delectus nihil temporibus.',160.00),(85,'m','et','Mollitia dolores odit aut sed tempore quibusdam molestiae.',NULL),(86,NULL,'aliquam','Ut quia dicta provident blanditiis voluptas accusantium.',217.00),(87,'f','corrupti','Cupiditate necessitatibus rerum reprehenderit facilis est distinctio.',NULL),(88,NULL,'perspiciatis','Cupiditate natus ratione enim.',NULL),(89,'f','natus','Laborum et facere tempore nesciunt.',NULL),(90,NULL,'consequatur','Excepturi et repellendus vel ut sed numquam.',NULL),(91,'m','optio','Vitae ab est aut voluptatem et necessitatibus.',NULL),(92,'f','inventore','Ratione dolor et dolore molestiae eveniet.',NULL),(93,NULL,'repellat','Voluptatem porro accusantium aliquid aut laboriosam.',107.00),(94,'m','inventore','Ut doloremque asperiores harum sint dolorem quia soluta.',NULL),(95,'f','eveniet','Et iure blanditiis voluptatem dolor quo qui voluptas.',NULL),(96,NULL,'veritatis','Non nemo nulla aut ea.',NULL),(97,'f','laudantium','Officia provident quo et quas.',186.00),(98,'f','ut','Voluptate sapiente id eos debitis.',NULL),(99,NULL,'ex','Odio et fuga blanditiis non tempore laboriosam.',107.00),(100,NULL,'reprehenderit','Quibusdam et eveniet nulla et.',NULL);
/*!40000 ALTER TABLE `product_properties` ENABLE KEYS */;
UNLOCK TABLES;

--
-- Table structure for table `products`
--

DROP TABLE IF EXISTS `products`;
/*!40101 SET @saved_cs_client     = @@character_set_client */;
/*!50503 SET character_set_client = utf8mb4 */;
CREATE TABLE `products` (
  `id` int unsigned NOT NULL AUTO_INCREMENT,
  `vendor_code` int unsigned NOT NULL COMMENT 'Артикул',
  `name` varchar(50) NOT NULL,
  `description` text NOT NULL,
  `available` tinyint unsigned NOT NULL DEFAULT '1' COMMENT 'Доступность товара на складе',
  `price` decimal(11,2) NOT NULL,
  `keywords` varchar(255) DEFAULT NULL,
  `catalog_id` smallint unsigned NOT NULL,
  `created_at` datetime DEFAULT CURRENT_TIMESTAMP,
  `updated_at` datetime DEFAULT CURRENT_TIMESTAMP ON UPDATE CURRENT_TIMESTAMP,
  PRIMARY KEY (`id`),
  KEY `products_catalog_id_fk` (`catalog_id`),
  CONSTRAINT `products_catalog_id_fk` FOREIGN KEY (`catalog_id`) REFERENCES `catalogs` (`id`) ON DELETE CASCADE
) ENGINE=InnoDB AUTO_INCREMENT=101 DEFAULT CHARSET=utf8mb4 COLLATE=utf8mb4_0900_ai_ci COMMENT='Товары';
/*!40101 SET character_set_client = @saved_cs_client */;

--
-- Dumping data for table `products`
--

LOCK TABLES `products` WRITE;
/*!40000 ALTER TABLE `products` DISABLE KEYS */;
INSERT INTO `products` VALUES (1,78051,'autem','Non sunt non ullam corrupti. Voluptatem sint itaque tempora unde. Quos itaque mollitia in. Dolorem placeat error qui.',1,1519.33,'porro',8,'2018-02-22 03:15:05','2020-04-30 16:07:32'),(2,48164,'voluptatum','Fuga corrupti natus neque qui ut. Accusantium amet et autem quis quam. Repellendus in in aliquam non dignissimos aliquam aut recusandae. Error velit hic qui adipisci aperiam ut aut.',1,6393.02,'tenetur',7,'2018-04-30 12:52:57','2020-04-30 16:07:32'),(3,9503,'veritatis','Tempore asperiores aliquid omnis non. Deserunt ut placeat beatae laborum sit. Explicabo voluptatem amet perspiciatis officia voluptatum temporibus. Deserunt quasi atque nobis rerum dolorum.',1,5609.12,'quod',12,'2011-03-24 17:42:13','2020-04-30 16:07:32'),(4,17490,'temporibus','Incidunt ipsam atque rerum aut. Et saepe quod ex non ut atque sapiente. Temporibus exercitationem architecto quisquam sit porro dolores.',1,8666.55,'perspiciatis',3,'2011-11-30 16:36:48','2020-04-30 16:07:32'),(5,15771,'et','Voluptates neque est eum accusamus doloremque corporis. Deserunt sequi sed voluptatem nulla tempore ipsam illo tenetur. In nam deserunt sunt aperiam perferendis expedita.',1,4707.39,'maxime',14,'2016-04-14 21:54:02','2020-04-30 16:07:32'),(6,14121,'cumque','Sed aut unde quod. Quo nam id asperiores. Esse omnis omnis quisquam.',1,8136.30,'accusantium',10,'2020-03-23 17:47:50','2020-04-30 16:07:32'),(7,28062,'deleniti','Qui aperiam est sunt et aspernatur reprehenderit sed ipsam. Ut officia voluptatem consequatur tempora explicabo deserunt. Temporibus ipsum cumque mollitia soluta officiis est vel. Aut enim ipsa placeat laborum sed vel debitis. In eos aut accusamus sit.',1,4761.32,'perspiciatis',8,'2013-09-18 20:41:34','2020-04-30 16:07:32'),(8,23069,'id','Hic doloribus aspernatur ipsa adipisci omnis et ut. Nesciunt reprehenderit non corporis. Sequi est qui quibusdam in. Maiores culpa aut aliquam maiores.',1,9996.71,'illum',10,'2011-04-25 08:06:24','2020-04-30 16:07:32'),(9,27024,'iste','Ea ut perspiciatis nihil qui ullam. Quam ad et explicabo inventore. Enim modi culpa laudantium magni ea totam.',1,3102.57,'laudantium',8,'2014-09-06 21:36:49','2020-04-30 16:07:32'),(10,50901,'fugiat','Laudantium velit voluptas asperiores impedit. Quam fuga minima necessitatibus molestias. Velit aspernatur minus earum quis placeat atque est. Voluptatem perspiciatis ut quasi ipsam iste perspiciatis ex.',1,6920.75,'dignissimos',11,'2017-04-04 05:00:57','2020-04-30 16:07:32'),(11,82455,'ut','Doloribus quibusdam est et sunt qui. Dignissimos accusantium voluptatem assumenda excepturi aliquam accusamus. Eum dolorem quia sunt nihil reiciendis totam. Rem repellendus mollitia porro natus sed esse nostrum.',1,3498.02,'iusto',13,'2015-05-02 20:35:38','2020-04-30 16:07:32'),(12,12224,'beatae','Reiciendis fugit consequatur eum aperiam animi quia qui. Voluptatibus qui doloremque cumque porro sed velit repudiandae. Voluptatibus voluptate sit ipsam saepe velit veritatis sit. Veniam quia asperiores quia earum sapiente et libero.',1,7326.84,'quo',15,'2019-05-12 18:07:52','2020-04-30 16:07:32'),(13,98338,'optio','Reprehenderit quia quos delectus qui. Est laboriosam ut fuga similique. Sed non et et fugit voluptate.',1,4342.15,'ut',4,'2018-01-14 15:57:23','2020-04-30 16:07:32'),(14,84899,'libero','Quia doloribus consequatur voluptas maxime. Molestiae fugiat et et quisquam. Rerum eligendi earum sunt et aut asperiores voluptate eos. Optio consequatur dolorem in nulla vitae. Consequatur velit rerum est voluptatem fugit.',1,10329.23,'voluptate',9,'2013-04-30 04:51:27','2020-04-30 16:07:32'),(15,20388,'saepe','Quia dolorem veritatis error maxime. Odio tempore quis unde at. Quod laborum voluptate quo cupiditate culpa est sed.',1,6022.70,'et',14,'2015-11-12 12:37:06','2020-04-30 16:07:32'),(16,57390,'asperiores','Possimus nulla beatae voluptas officia ad. Ex ea itaque animi corporis eum quis quasi. Omnis commodi unde perferendis voluptatem sit dolorum.',1,9724.81,'dolores',10,'2016-06-10 08:33:19','2020-04-30 16:07:32'),(17,51266,'eligendi','Quasi iure et sed odit animi. Explicabo sequi voluptatum pariatur rerum aut.',1,8757.94,'omnis',10,'2019-01-26 08:09:59','2020-04-30 16:07:32'),(18,64262,'et','Ad qui est facere. Et atque fugiat iusto. Ea aut nostrum tempore eius. Repellat eligendi voluptatem at vero.',1,3616.28,'est',16,'2010-06-10 11:14:02','2020-04-30 16:07:32'),(19,15609,'aut','Quis eius et totam mollitia maiores. Repellat veniam sit et rerum aperiam voluptas et blanditiis. Reprehenderit nisi neque rem est voluptas.',1,2406.59,'voluptas',5,'2017-10-08 20:18:46','2020-04-30 16:07:32'),(20,23175,'blanditiis','Deleniti sunt commodi esse ad at. Veritatis qui consequatur facilis voluptatem saepe dignissimos laboriosam. Aliquam quidem id quae accusantium minima sint repellat. Illum voluptas amet fuga qui nobis. Sit quia dolor voluptates excepturi facere.',1,984.12,'incidunt',7,'2018-09-05 04:34:01','2020-04-30 16:07:32'),(21,65142,'saepe','Quae consequatur in reiciendis sint saepe. Ipsam non consectetur labore recusandae. Et aliquid iste magnam possimus. Corporis nostrum dignissimos cumque libero praesentium.',1,8299.81,'ea',4,'2011-06-10 11:47:04','2020-04-30 16:07:32'),(22,86763,'hic','Voluptatem consequuntur nulla aut mollitia velit. Porro asperiores reprehenderit id sapiente. Laboriosam rerum dolores quae natus. Vero non molestias aspernatur voluptas maxime asperiores dolor.',1,5949.71,'qui',16,'2016-07-23 03:28:51','2020-04-30 16:07:32'),(23,84219,'quos','Accusamus quibusdam ut natus sed voluptatem facilis quia eos. Debitis non velit voluptatibus saepe ab inventore. Qui laborum tempora occaecati consequatur facilis. Quo quibusdam quibusdam voluptate corrupti commodi.',1,4649.11,'ut',2,'2010-12-11 11:53:56','2020-04-30 16:07:32'),(24,4218,'in','Dolores soluta incidunt dolorum totam quis. Dolorem nisi eos inventore earum odit error. Illum dolorum alias officiis quia ad ea.',1,5196.43,'non',12,'2016-08-09 12:03:42','2020-04-30 16:07:32'),(25,4708,'eaque','Recusandae dicta tempore tempore sit doloremque aut. Magnam placeat quisquam tenetur consequatur harum id nihil mollitia. Consectetur quas nihil est rem incidunt et unde. Soluta quos quas ipsam nihil qui.',1,1035.80,'facere',3,'2012-11-13 04:07:21','2020-04-30 16:07:32'),(26,19429,'sunt','Vero quia delectus atque rerum quae quaerat. Vitae nobis quaerat voluptatibus. Earum voluptatum libero nesciunt sed quo veritatis et in.',1,10987.71,'sunt',10,'2011-12-15 16:37:16','2020-04-30 16:07:32'),(27,39039,'sunt','Alias itaque non distinctio quia impedit hic earum. Eligendi in est et et neque nam possimus. Dolorem ipsum aut consequuntur consectetur harum.',1,8435.17,'recusandae',11,'2019-02-03 06:26:22','2020-04-30 16:07:32'),(28,97316,'error','Doloremque iste eos molestiae ea. Similique et nostrum debitis voluptatem voluptas. Sint ab voluptates magni.',1,9012.69,'fugit',6,'2017-03-15 19:38:33','2020-04-30 16:07:32'),(29,60660,'esse','Iste possimus totam dolores facilis dolores. Aspernatur enim ea enim aliquam omnis dolorem. Quidem voluptas occaecati velit commodi temporibus. Culpa nihil cum soluta suscipit laudantium corporis.',1,8758.96,'voluptatem',14,'2010-04-15 22:08:18','2020-04-30 16:07:32'),(30,1588,'magni','Autem ut excepturi saepe accusantium perferendis. Quia illum ut est praesentium sint ipsam. Inventore at officia iusto quidem in doloribus. Voluptas expedita cum laborum ut ex autem.',1,5757.74,'provident',1,'2018-10-16 17:33:16','2020-04-30 16:07:32'),(31,30985,'quam','At a debitis ex adipisci. Voluptatibus sit possimus voluptatem quasi architecto eius. Sit ullam et ipsum accusantium sapiente aperiam laudantium fugit. Ut architecto occaecati corporis nam placeat et animi.',1,2311.79,'molestiae',13,'2014-04-27 05:42:25','2020-04-30 16:07:32'),(32,68927,'et','Ex animi neque nihil expedita sed sunt. Sunt vel nihil aliquam neque voluptas. Non quibusdam asperiores ipsa voluptas.',1,4884.75,'eum',13,'2013-05-25 16:33:42','2020-04-30 16:07:32'),(33,17140,'quas','Dignissimos nisi quis ex hic dolores dolorem. Ut sit voluptas voluptatem reprehenderit voluptatem eveniet. Blanditiis quas saepe culpa aut laboriosam. Ut nulla dicta enim aut consequatur dolor facere sunt.',1,6489.37,'rerum',7,'2016-10-13 04:38:48','2020-04-30 16:07:32'),(34,69100,'necessitatibus','Sequi nisi veniam est. Dolorem harum maxime sunt molestias perspiciatis nostrum. Voluptas non et sed qui rerum et nemo. Labore nesciunt unde dolores laudantium.',1,6793.61,'enim',14,'2014-09-10 07:13:20','2020-04-30 16:07:32'),(35,39843,'est','In dolore possimus nulla aut fuga. Ut est repudiandae consectetur ullam. Ea qui aut deleniti velit quisquam ex et. Facilis ea dolores ipsam sed et.',1,3500.92,'quod',1,'2016-11-15 13:32:25','2020-04-30 16:07:32'),(36,88193,'totam','Necessitatibus perferendis ut dolores quis adipisci iure. Quia rerum nihil quia praesentium tenetur. Officia sint magnam sunt iste alias.',1,7722.76,'et',8,'2015-04-13 22:39:23','2020-04-30 16:07:32'),(37,5496,'facere','Sit velit sint dolor voluptates in. Beatae qui iure repudiandae laudantium neque et sunt. Accusantium totam illo quaerat similique laborum sit.',1,6313.08,'error',5,'2014-01-27 05:28:52','2020-04-30 16:07:32'),(38,65466,'voluptatem','Laboriosam et quod voluptatem similique omnis sint rem. Quis rerum neque a alias animi ab cupiditate. Non eaque ducimus qui nesciunt quidem sint ut.',1,8197.08,'magni',2,'2012-08-16 15:15:08','2020-04-30 16:07:32'),(39,2391,'et','Eligendi omnis quod animi sunt laudantium alias. Sequi rerum similique asperiores. Sint est fugiat et perspiciatis. Rerum nihil culpa mollitia et dicta sit.',1,248.19,'blanditiis',11,'2018-11-26 14:55:00','2020-04-30 16:07:32'),(40,80263,'velit','Rem at earum ea labore. Ullam fuga illum aut est minima. At quisquam ab expedita aut iste. Aliquid commodi eum error ut in nulla.',1,8846.71,'mollitia',15,'2019-05-01 15:14:15','2020-04-30 16:07:32'),(41,58521,'qui','Facere ea nihil sit. Consectetur praesentium quis sit est aliquid consequatur. Error ducimus beatae similique dolores. Nihil quasi cumque at et nisi omnis illo.',1,10891.99,'omnis',9,'2011-04-06 01:26:54','2020-04-30 16:07:32'),(42,10086,'vel','Aut ratione nesciunt dolor fugit quaerat sit exercitationem. Molestias officia ad repellendus repellat natus consequatur. Commodi rerum minima nemo aliquid commodi et.',1,6121.81,'dolores',14,'2011-08-08 02:53:14','2020-04-30 16:07:32'),(43,3215,'temporibus','Architecto ea iste sint dolore voluptatem. Asperiores aut similique in eos quasi ducimus est. In commodi unde iure distinctio eius non rerum totam. Nobis vitae exercitationem vero.',1,8532.09,'veritatis',12,'2011-12-16 01:34:26','2020-04-30 16:07:32'),(44,29576,'quod','Inventore eaque labore itaque reiciendis et ut a. Quisquam beatae est earum minima dolore. Dolorem rerum ut qui et quisquam non non.',1,2497.03,'laborum',3,'2017-04-23 12:23:22','2020-04-30 16:07:32'),(45,51835,'autem','Sapiente laudantium incidunt et minus. Modi ipsam delectus eveniet impedit dignissimos. Placeat tenetur dolores natus dolorem.',1,8286.88,'pariatur',10,'2013-01-27 18:19:05','2020-04-30 16:07:32'),(46,23524,'alias','Sit aliquam nisi sunt autem quia consequatur maxime voluptatum. Dolorem sed adipisci ut voluptates necessitatibus. Voluptate iste laboriosam et dolorum aut. Nesciunt incidunt dicta soluta repellendus commodi totam.',1,1346.31,'mollitia',8,'2015-01-01 21:40:04','2020-04-30 16:07:32'),(47,55764,'earum','Vel labore asperiores accusamus magni ipsum est. Magnam aut fugit sequi sapiente aut consectetur. Quam officia nulla explicabo necessitatibus sint. Est corrupti consequuntur voluptas dolorum dicta. Omnis aut ex quibusdam sed enim consectetur.',1,3268.90,'doloremque',12,'2015-01-08 03:59:29','2020-04-30 16:07:32'),(48,20781,'odio','Porro debitis voluptate maiores voluptas. Dolores assumenda reprehenderit qui quibusdam.',1,1306.59,'recusandae',16,'2017-06-02 20:53:20','2020-04-30 16:07:32'),(49,94958,'et','Officiis asperiores eum omnis. Aspernatur tempora odio veritatis cupiditate assumenda recusandae consectetur. Fuga natus quia doloribus eos debitis nisi.',1,7325.23,'est',12,'2019-01-07 10:44:07','2020-04-30 16:07:32'),(50,70818,'cum','Et iusto sequi ex. Laudantium ab tempora amet iure. Sit voluptatem deserunt eos dolores fugit quibusdam. Eligendi nisi aliquid ipsa et. Neque facere est minima quidem.',1,10908.40,'dolore',13,'2016-10-15 02:04:19','2020-04-30 16:07:32'),(51,52606,'sit','Optio placeat voluptas officiis cumque minus et. Et culpa libero delectus ipsum fuga. Sapiente distinctio aspernatur possimus ipsam.',1,10768.29,'minus',13,'2013-07-03 21:48:55','2020-04-30 16:07:32'),(52,7384,'itaque','Dolores ea debitis quam commodi et. Dignissimos voluptates asperiores neque. A omnis occaecati reprehenderit. Sit et aspernatur et voluptas repellendus.',1,10117.27,'dolor',9,'2019-06-26 02:53:04','2020-04-30 16:07:32'),(53,18446,'consequatur','Dolores consequuntur debitis unde molestiae illo quis eligendi. Illum quia ullam dolorum. Velit cumque hic sed quas quia provident tempore.',1,7282.46,'vel',3,'2011-11-04 14:11:34','2020-04-30 16:07:32'),(54,22114,'quo','Laboriosam aut voluptatem iure voluptate quia totam. Nihil cupiditate dolor culpa. Consequuntur nihil tenetur et ut voluptas. Porro est et dignissimos dolore laudantium illum. Impedit neque qui tenetur nostrum soluta atque.',1,5860.48,'maxime',6,'2018-02-16 07:06:34','2020-04-30 16:07:32'),(55,93389,'maxime','Voluptas aliquid magnam voluptatum laboriosam voluptatem labore magnam. Enim et molestias nemo accusantium unde. Cum natus ipsum reprehenderit sunt. Minima accusamus repudiandae esse. Laboriosam dolores id ab cupiditate adipisci.',1,7255.05,'enim',3,'2012-04-28 06:10:34','2020-04-30 16:07:32'),(56,32974,'non','Omnis rem assumenda eveniet quos. Magnam qui similique laboriosam. Accusamus architecto occaecati doloribus asperiores sit earum. Provident asperiores sunt occaecati est ea.',1,7694.78,'tempora',13,'2016-10-06 19:26:37','2020-04-30 16:07:32'),(57,68901,'eaque','Optio blanditiis consectetur voluptate dolor ut officiis maxime. Culpa sed quia ut possimus fuga amet. Corporis dicta quibusdam et saepe ipsum. Omnis dolor minus saepe beatae et.',1,5709.75,'culpa',7,'2014-10-20 13:08:15','2020-04-30 16:07:32'),(58,17801,'doloremque','Temporibus enim reprehenderit nulla eius nostrum nihil ea. Voluptate ut accusamus qui odio quia cum asperiores. Temporibus dolores possimus quis dignissimos. Minus debitis sed blanditiis tempore omnis.',1,5264.44,'veritatis',13,'2014-07-27 15:10:27','2020-04-30 16:07:32'),(59,23231,'impedit','Nam nesciunt voluptatem dolore quia rerum est ullam. Voluptatum aperiam repellendus consectetur maiores. Mollitia inventore maxime aut odio. Repellat ipsam voluptatem ut modi omnis accusantium laboriosam eos.',1,8992.94,'unde',11,'2010-12-25 16:29:43','2020-04-30 16:07:32'),(60,77975,'autem','Et nesciunt occaecati praesentium. Voluptatem et blanditiis facere ipsa in iusto. Qui sed vero aspernatur saepe est est sed enim. Similique facere quia architecto nobis porro omnis.',1,7373.38,'quod',15,'2015-11-13 10:56:30','2020-04-30 16:07:32'),(61,18532,'temporibus','Nisi ex officia aut provident error blanditiis animi. Iusto ut non incidunt et dignissimos libero est.',1,9688.09,'rerum',11,'2013-03-25 23:23:46','2020-04-30 16:07:32'),(62,59967,'quia','Accusamus dolores ut amet dolorem. Nemo ducimus autem voluptatem. Reprehenderit incidunt nisi fuga rerum. Aliquid atque non sunt.',1,4522.31,'laudantium',8,'2011-04-04 20:53:50','2020-04-30 16:07:32'),(63,92236,'ipsa','Aliquam perspiciatis consequatur temporibus fugit. Fugiat magnam rerum ut non provident nihil. Velit veritatis voluptatem velit qui. Vel non doloribus deleniti sunt nihil ducimus enim magnam.',1,4146.27,'ut',8,'2019-07-12 17:25:17','2020-04-30 16:07:32'),(64,72228,'quae','Molestias harum vel quo eos. Sint necessitatibus fugiat harum cum molestias quidem totam ipsum. Qui aut et eos suscipit. Voluptatum et mollitia possimus qui suscipit.',1,6964.40,'qui',14,'2019-07-17 06:28:43','2020-04-30 16:07:32'),(65,65567,'consequatur','Qui expedita delectus voluptatem placeat eius nihil sequi quae. Odit voluptatum omnis excepturi id mollitia harum. Animi minus autem amet repellat ea ratione. Commodi quibusdam vel similique.',1,585.22,'qui',13,'2010-08-13 22:43:07','2020-04-30 16:07:32'),(66,99045,'fugit','Nobis nihil modi commodi eius. Alias numquam excepturi rerum optio debitis. Ex non ipsam nulla est delectus accusantium sint.',1,3430.89,'et',7,'2010-09-27 14:16:01','2020-04-30 16:07:32'),(67,7023,'dolor','Dolor velit quo repudiandae qui. Dolorem non impedit ut ut veritatis ut eum. Et odit expedita et. A et sed vel deleniti repudiandae nesciunt sunt. Ratione fugiat dolores adipisci.',1,4399.77,'consequuntur',12,'2010-06-01 13:20:46','2020-04-30 16:07:32'),(68,9294,'explicabo','Optio dolores sapiente voluptatem aut aut. Molestiae rerum vitae sit molestiae fugiat sed. Aliquam qui eum et ipsa. Et sed ea repellendus aspernatur voluptatem.',1,707.19,'praesentium',7,'2017-01-13 00:56:35','2020-04-30 16:07:32'),(69,80105,'assumenda','Est consequatur quo suscipit ut voluptatum. Inventore quis debitis delectus laboriosam ex minima. Distinctio voluptatem ipsa quo aut impedit ipsum et. Error veniam cupiditate deleniti iste voluptas. Sed est sit sed tempora voluptas similique quia.',1,935.66,'accusantium',15,'2018-09-15 12:08:35','2020-04-30 16:07:32'),(70,29292,'ipsa','Dolores est voluptas et. Vero quisquam laboriosam suscipit temporibus. Eum amet assumenda aliquam est vero.',1,2356.73,'incidunt',7,'2014-10-22 16:54:12','2020-04-30 16:07:32'),(71,64328,'nisi','Assumenda hic voluptatem ullam omnis totam. Iure unde sunt alias deleniti est facilis aut. Autem asperiores quis aut ut. Consequatur maiores ratione temporibus et.',1,8776.67,'magnam',3,'2016-07-28 06:00:20','2020-04-30 16:07:32'),(72,79144,'ullam','Dolor voluptas maiores facilis nisi rerum voluptatem consequatur. Quo minima quia voluptates qui tenetur at est mollitia. Delectus debitis hic accusantium iste aspernatur provident qui. Quam dignissimos molestias et nihil in nostrum impedit sequi.',1,4216.14,'enim',9,'2019-10-11 00:20:18','2020-04-30 16:07:32'),(73,6538,'unde','Animi excepturi iusto vero inventore eos a dolorem. Ipsa aut qui ut inventore natus impedit. Impedit et magni nisi ducimus repellendus. Ex est iste perferendis soluta occaecati occaecati et.',1,5349.72,'alias',3,'2015-12-28 18:40:32','2020-04-30 16:07:32'),(74,9873,'maxime','Odio sapiente incidunt quia est voluptas beatae. Esse sit optio totam voluptate vero. Modi et quod repellendus sed amet assumenda.',1,3101.15,'suscipit',3,'2015-05-05 21:16:09','2020-04-30 16:07:32'),(75,3941,'corrupti','Incidunt aut commodi reprehenderit iste. Quibusdam sint quas at neque repellat. In libero quasi possimus ipsam rerum sint.',1,10055.62,'id',6,'2013-08-09 21:04:36','2020-04-30 16:07:32'),(76,61832,'accusamus','Omnis eos excepturi numquam. Id nobis distinctio voluptate cumque ad. Perspiciatis aut doloribus tempora et nobis aut. Et voluptas molestiae voluptas sed ratione aliquid. Maxime qui consectetur magni qui.',1,8377.63,'dolorem',6,'2019-06-28 11:40:53','2020-04-30 16:07:32'),(77,8729,'aspernatur','Non vero aut consequatur iste odit dolores. Voluptates atque corrupti mollitia aliquid culpa quod. Reprehenderit facere ut architecto quibusdam aut eius ex.',1,722.29,'facere',13,'2012-06-06 22:02:38','2020-04-30 16:07:32'),(78,13975,'ea','In sed aliquam nihil omnis dolores autem quis. Eum nam veritatis est adipisci. Eius in laborum repellat necessitatibus. Error omnis praesentium ad et.',1,10675.56,'aspernatur',12,'2018-04-03 06:03:54','2020-04-30 16:07:32'),(79,49843,'dolor','Sequi commodi praesentium doloribus impedit voluptatem consequatur incidunt. Vitae harum animi ut dolorum occaecati eos nostrum. Nesciunt adipisci dolor natus delectus. Repudiandae soluta at non ipsam. Modi modi consequatur eos sit nulla et.',1,7814.95,'doloribus',3,'2013-10-11 20:38:10','2020-04-30 16:07:32'),(80,15418,'incidunt','Aut animi modi officiis error et voluptatibus et harum. Laboriosam eum beatae vel enim. Ut aut voluptatem consectetur aut sit. Perferendis exercitationem libero ducimus iure soluta.',1,6848.06,'vitae',14,'2012-05-09 13:52:18','2020-04-30 16:07:32'),(81,43176,'illum','Totam sint sint quis ipsum alias dicta ex. Et reiciendis exercitationem dolores natus amet numquam cupiditate.',1,10595.46,'consequatur',10,'2014-12-15 06:13:51','2020-04-30 16:07:32'),(82,14830,'ratione','Dicta eos dolorum eum velit. Sit architecto tempore aut libero debitis. Quo fugiat exercitationem repellat est qui illum placeat. Libero aliquam alias molestiae laudantium qui facere. Ea sed sed provident qui harum sunt error.',1,10635.11,'vel',8,'2013-05-29 10:53:04','2020-04-30 16:07:32'),(83,94739,'laborum','Maiores esse quibusdam velit animi. Quia explicabo nihil sed molestiae possimus aliquid praesentium voluptatem. Blanditiis totam rerum velit quos et.',1,10390.17,'eos',9,'2016-11-02 04:40:18','2020-04-30 16:07:32'),(84,99701,'quod','Accusantium voluptatem odit amet. Asperiores voluptas iste autem quia est.',1,9046.52,'ad',3,'2012-09-21 18:24:58','2020-04-30 16:07:32'),(85,62021,'quos','Ullam corrupti neque eligendi dolores. Corrupti vel dolorem ad ea autem.',1,3063.10,'est',6,'2010-06-10 00:19:40','2020-04-30 16:07:32'),(86,14595,'perspiciatis','Ducimus et perspiciatis corrupti dolorum quas quia. Recusandae tempora et officiis excepturi magni quos.',1,9573.95,'placeat',5,'2018-12-26 13:10:55','2020-04-30 16:07:32'),(87,37298,'minus','Eum in tempore consequatur dolores ipsum iure pariatur nam. Non sed accusamus vel et. Qui quia rerum incidunt sequi quia.',1,6083.43,'possimus',4,'2014-07-30 11:02:14','2020-04-30 16:07:32'),(88,98732,'itaque','Corporis magnam maxime rem qui. Fuga et et non rerum ratione incidunt. Quasi recusandae eum vero blanditiis ea.',1,1495.29,'nihil',6,'2016-10-22 23:16:47','2020-04-30 16:07:32'),(89,96716,'tempore','Sint praesentium magnam recusandae perspiciatis veritatis sequi suscipit veniam. Ratione animi et illo vel. Reprehenderit soluta totam enim ut accusantium.',1,10624.17,'quo',3,'2015-12-26 04:35:26','2020-04-30 16:07:32'),(90,27001,'explicabo','Corrupti similique accusamus nostrum dolore. Voluptas est at quas est dolorem veritatis et ut. Quia dolor quidem aliquam tempora aut praesentium. Quaerat iure deserunt qui commodi quis.',1,5238.98,'unde',13,'2020-02-01 03:24:38','2020-04-30 16:07:32'),(91,15266,'aut','Dolore incidunt est voluptas et velit quae ratione. In tempora laboriosam molestiae reprehenderit sed. Illo vitae magni culpa aut neque eum. Delectus eveniet fugit numquam omnis. Veniam aut voluptate sunt repudiandae doloremque atque eos harum.',1,4921.40,'natus',5,'2018-10-06 03:15:40','2020-04-30 16:07:32'),(92,85242,'in','Consequatur ad repellendus voluptate voluptatum. Laboriosam error suscipit quia minima et voluptatem aut. Nisi ducimus necessitatibus porro ipsa. Ab nulla atque consequatur fugit sunt animi.',1,8690.07,'voluptatem',4,'2011-04-26 03:05:21','2020-04-30 16:07:32'),(93,33028,'optio','Officia voluptatem perspiciatis dolorem rerum accusamus iste. Molestias sint explicabo et ullam. Sint molestias sit neque labore. Nam qui nam sint consequuntur aut et aspernatur. Tempore unde pariatur est molestiae voluptatem.',1,6888.16,'dolorem',5,'2016-12-19 21:10:54','2020-04-30 16:07:32'),(94,49049,'dicta','Adipisci eius placeat omnis accusamus ut illo ratione vel. Consequatur pariatur quo qui ullam. Expedita id dolor et.',1,8170.58,'dolorem',10,'2015-06-12 21:16:07','2020-04-30 16:07:32'),(95,67379,'nemo','Beatae sed ut est enim aut deleniti. Doloremque voluptatem quisquam et quisquam maiores fugiat. Et eveniet nesciunt aspernatur nobis molestiae. Ut ut sed non est porro a non.',1,9189.42,'eaque',3,'2017-06-11 15:16:02','2020-04-30 16:07:32'),(96,63554,'tenetur','Nulla ratione tenetur repudiandae quaerat sit voluptatibus aperiam. Placeat et voluptas vel unde repudiandae. Quo labore voluptatem eum quaerat. Quis porro vero alias dolorem.',1,10436.35,'qui',16,'2015-01-01 15:46:35','2020-04-30 16:07:32'),(97,65969,'aliquid','Voluptatibus occaecati sint natus officiis perspiciatis deleniti. At voluptas quibusdam modi officiis error dolorem distinctio. Nulla quibusdam quaerat tempora sapiente consectetur labore. Minima impedit nesciunt porro voluptatum rerum occaecati.',1,2815.48,'eos',7,'2010-12-24 08:16:39','2020-04-30 16:07:32'),(98,44187,'ea','Et ipsa esse vel aut recusandae laudantium. Sit veniam omnis quibusdam quo iste. Nobis veniam ipsa esse dicta.',1,4166.34,'eum',16,'2011-09-07 16:59:27','2020-04-30 16:07:32'),(99,11029,'repellat','Laudantium quod et nulla cupiditate sunt possimus. Rerum veniam voluptatum incidunt dignissimos dolorem et unde. Esse voluptatibus aut blanditiis consectetur reiciendis.',1,1386.30,'dolorem',14,'2014-11-07 08:51:22','2020-04-30 16:07:32'),(100,60646,'ut','Et a quos qui pariatur minus sint neque. Quia ipsum atque pariatur dicta quam sed. Vel quos ea ut laudantium autem.',1,5031.44,'perferendis',6,'2020-03-13 13:54:38','2020-04-30 16:07:32');
/*!40000 ALTER TABLE `products` ENABLE KEYS */;
UNLOCK TABLES;

--
-- Table structure for table `profiles`
--

DROP TABLE IF EXISTS `profiles`;
/*!40101 SET @saved_cs_client     = @@character_set_client */;
/*!50503 SET character_set_client = utf8mb4 */;
CREATE TABLE `profiles` (
  `user_id` int unsigned NOT NULL,
  `first_name` varchar(50) DEFAULT NULL,
  `last_name` varchar(50) DEFAULT NULL,
  `middle_name` varchar(50) DEFAULT NULL COMMENT 'Отчество',
  `email` varchar(100) DEFAULT NULL,
  `gender` char(1) DEFAULT NULL,
  `birthday` date DEFAULT NULL,
  `discount_id` int unsigned DEFAULT '1',
  `created_at` datetime DEFAULT CURRENT_TIMESTAMP,
  `updated_at` datetime DEFAULT CURRENT_TIMESTAMP ON UPDATE CURRENT_TIMESTAMP,
  PRIMARY KEY (`user_id`),
  UNIQUE KEY `email` (`email`),
  KEY `profiles_discount_fk` (`discount_id`),
  CONSTRAINT `profiles_discount_fk` FOREIGN KEY (`discount_id`) REFERENCES `discounts` (`id`) ON DELETE SET NULL,
  CONSTRAINT `profiles_user_id_fk` FOREIGN KEY (`user_id`) REFERENCES `users` (`id`) ON DELETE CASCADE
) ENGINE=InnoDB DEFAULT CHARSET=utf8mb4 COLLATE=utf8mb4_0900_ai_ci COMMENT='Профиль пользователя';
/*!40101 SET character_set_client = @saved_cs_client */;

--
-- Dumping data for table `profiles`
--

LOCK TABLES `profiles` WRITE;
/*!40000 ALTER TABLE `profiles` DISABLE KEYS */;
INSERT INTO `profiles` VALUES (1,'Granville','Wolff','Dion','bernhard.willard@example.com','m','1993-08-15',1,'2011-10-10 16:11:26','2015-10-26 15:59:03'),(2,'Shemar','Anderson','Orland','pkuhn@example.com','m','1991-07-20',1,'2016-07-30 23:00:12','2020-02-17 12:18:29'),(3,'Shad','Howell','','rosenbaum.maryse@example.net','f','2008-11-19',1,'2012-06-09 22:35:59','2018-07-01 22:53:47'),(4,'Magdalen','Runolfsdottir','Brennon','eugene.kiehn@example.net','f','1970-11-27',1,'2010-11-06 06:29:58','2013-03-06 08:28:57'),(5,'Vella','Steuber','Lawrence','kaylie72@example.org','m','1984-01-26',1,'2016-08-17 17:35:37','2017-12-25 10:36:12'),(6,'Ashton','Williamson','Madyson','nienow.carleton@example.com','m','2003-01-12',1,'2016-01-29 13:47:14','2020-04-30 16:07:32'),(7,'Lance','Wehner','Dominic','brain14@example.org','f','1993-10-31',1,'2010-12-31 00:03:22','2015-05-29 03:40:15'),(8,'Elian','Halvorson','','vivian.cruickshank@example.com','m','2018-12-27',1,'2020-04-30 16:07:32','2020-04-30 16:07:32'),(9,'Matteo','Schuppe','Maximo','schowalter.alexander@example.org','m','2015-10-12',1,'2020-04-30 16:07:32','2020-04-30 16:07:32'),(10,'Yvonne','Wilderman','Kareem','koelpin.petra@example.com','m','1970-12-26',1,'2012-07-30 06:24:06','2016-03-01 05:54:06'),(11,'Timmy','Kuphal','','zturner@example.net','f','2002-02-19',1,'2014-08-14 02:40:30','2020-03-24 20:53:13'),(12,'Dorothea','Ferry','','chaz39@example.net','f','1980-01-15',1,'2012-10-17 19:14:10','2014-08-14 20:08:08'),(13,'Daniella','Oberbrunner','Marcus','otto.emard@example.net','f','1998-03-19',1,'2014-03-29 06:27:08','2020-04-30 16:07:32'),(14,'Trystan','VonRueden','Camden','lebsack.godfrey@example.com','m','1978-07-18',1,'2011-01-16 09:01:59','2018-02-18 00:31:44'),(15,'Silas','Jaskolski','','bailey.vincent@example.org','f','1983-04-21',1,'2013-01-26 02:37:30','2013-05-15 01:23:56'),(16,'Troy','Green','','tlangworth@example.net','f','1983-04-18',1,'2012-06-18 07:14:47','2020-03-01 13:29:59'),(17,'Ralph','Wisoky','Maxine','champlin.tyrel@example.org','m','1986-01-20',1,'2018-09-03 21:13:12','2020-04-30 16:07:32'),(18,'Walker','Goyette','','tpagac@example.com','m','2008-09-23',1,'2015-08-02 20:34:42','2018-07-15 16:44:24'),(19,'Henderson','Dach','Judd','vklocko@example.net','m','1975-04-09',1,'2015-06-15 13:56:48','2015-09-21 21:18:59'),(20,'Kathryne','Miller','','naomie.borer@example.org','m','2008-01-16',1,'2010-06-23 05:28:03','2019-06-02 17:26:37'),(21,'Jody','Cronin','Kristoffer','raynor.emiliano@example.com','m','1982-03-12',1,'2014-01-20 22:43:58','2020-04-30 16:07:32'),(22,'Abigayle','Mante','Claud','alva25@example.org','f','2013-09-19',1,'2014-09-17 08:46:38','2020-04-30 16:07:32'),(23,'Trace','Armstrong','','clement14@example.com','m','1991-09-03',1,'2020-01-24 11:10:43','2020-04-30 16:07:32'),(24,'Georgianna','McLaughlin','','winnifred.dietrich@example.com','m','2003-11-15',1,'2010-07-12 03:26:57','2016-01-03 12:06:26'),(25,'Weston','Block','','oklocko@example.net','m','2003-12-17',1,'2010-10-07 15:29:37','2017-05-01 09:18:04'),(26,'Makenzie','Hahn','','mfritsch@example.com','m','1983-05-10',1,'2011-12-24 04:16:49','2017-03-03 08:33:39'),(27,'Godfrey','Kilback','Weldon','gusikowski.valentine@example.org','f','2011-09-15',1,'2019-05-30 01:52:22','2019-10-24 01:53:17'),(28,'Meredith','Von','','considine.winifred@example.org','f','1993-09-22',1,'2012-01-26 05:12:37','2020-04-30 16:07:32'),(29,'Daphne','Tromp','','earnest05@example.net','f','2006-04-26',1,'2016-01-14 09:01:11','2020-04-30 16:07:32'),(30,'Liliane','Streich','','eleannon@example.org','m','1979-02-15',1,'2010-10-19 17:47:10','2011-01-26 20:30:54'),(31,'Dimitri','Wilderman','','dietrich.katlynn@example.net','f','1994-06-22',1,'2017-01-15 08:24:49','2017-09-11 20:45:27'),(32,'Isobel','Leannon','','btowne@example.org','m','1987-07-26',1,'2018-05-27 12:32:00','2020-04-30 16:07:32'),(33,'Audra','Leffler','Rory','tevin15@example.com','f','2014-10-14',1,'2020-04-30 16:07:32','2020-04-30 16:07:32'),(34,'Kailee','Kihn','Jasen','rachel.ruecker@example.org','m','1974-02-26',1,'2012-09-24 08:21:06','2017-06-26 01:54:34'),(35,'Ashlee','Klocko','Aurelio','norma.ebert@example.net','f','1997-05-11',1,'2014-12-27 10:32:11','2016-12-28 16:46:49'),(36,'Owen','Kemmer','Alek','walter.anika@example.com','m','1976-02-06',1,'2015-11-29 13:01:59','2017-05-09 03:26:58'),(37,'Burnice','Upton','Bobby','roob.hyman@example.net','f','1985-04-04',1,'2012-04-15 07:29:40','2017-04-14 14:58:39'),(38,'Ronny','Walsh','Jayme','jace.feil@example.org','m','1990-03-13',1,'2015-11-13 18:15:49','2018-01-18 16:26:41'),(39,'Toby','Cormier','','kaci.jacobson@example.com','m','1993-06-02',1,'2013-03-29 12:39:34','2016-07-27 15:08:49'),(40,'Paris','Bahringer','','skylar29@example.com','f','1975-05-11',1,'2015-11-10 13:29:51','2019-10-15 10:52:49'),(41,'Idella','Adams','','mbartell@example.org','f','1974-01-21',1,'2017-03-12 04:45:40','2020-01-31 07:12:03'),(42,'Chelsie','Collins','','mariah43@example.com','m','1998-11-16',1,'2013-09-18 03:19:23','2015-07-18 04:08:07'),(43,'Tanner','Kilback','Jeremy','ritchie.mervin@example.org','m','1977-05-17',1,'2019-04-15 12:24:24','2020-04-30 16:07:32'),(44,'Norbert','Hettinger','','green.paxton@example.org','m','2016-10-10',1,'2020-04-30 16:07:32','2020-04-30 16:07:32'),(45,'Yasmin','Satterfield','Tyrese','mills.maxine@example.net','f','2008-10-17',1,'2015-01-07 22:36:58','2020-01-02 21:53:05'),(46,'Vivianne','Fisher','','ernesto.cummerata@example.org','f','1977-12-14',1,'2012-01-13 17:15:46','2012-03-05 03:49:05'),(47,'Orville','Smitham','Antwon','buford55@example.net','f','2007-08-03',1,'2013-10-09 02:30:50','2018-01-09 20:24:46'),(48,'Liam','Miller','','king.mike@example.com','m','2000-02-28',1,'2013-08-28 15:15:51','2015-04-09 00:06:40'),(49,'Hulda','Prohaska','Keyshawn','randi.dicki@example.org','f','2007-09-02',1,'2018-12-29 13:27:09','2020-04-30 16:07:32'),(50,'Maximo','O\'Hara','','nicolas.anabelle@example.com','f','1999-07-29',1,'2018-09-28 23:59:08','2020-04-30 16:07:32'),(51,'Lucienne','Nader','','bernier.trace@example.net','m','1981-06-13',1,'2020-04-09 17:44:54','2020-04-30 16:07:32'),(52,'Jerad','Upton','','kenyon76@example.com','m','2004-12-20',1,'2018-06-28 01:27:19','2020-04-30 16:07:32'),(53,'Everardo','Kuhic','','mcclure.carolyne@example.net','m','2020-03-06',1,'2020-04-30 16:07:32','2020-04-30 16:07:32'),(54,'Adell','Bode','','gottlieb.sydnie@example.com','m','2014-04-20',1,'2015-07-12 14:39:28','2016-08-31 04:49:52'),(55,'Santina','Harris','','uconnelly@example.net','f','1992-06-11',1,'2011-12-15 19:39:50','2020-04-30 16:07:32'),(56,'Letitia','Ward','Joaquin','phegmann@example.org','m','2006-09-11',1,'2014-01-16 22:24:56','2016-09-20 19:22:20'),(57,'Enrico','Rolfson','','alta.langosh@example.org','m','1984-07-09',1,'2011-06-19 03:33:17','2016-06-10 09:58:03'),(58,'Douglas','Armstrong','','fanny.lowe@example.net','f','1992-08-11',1,'2018-09-27 05:31:59','2020-04-30 16:07:32'),(59,'Julien','Turcotte','Adriel','ivon@example.com','f','2009-03-04',1,'2013-03-17 09:46:37','2015-06-22 18:22:09'),(60,'Eudora','Metz','Keshaun','ishanahan@example.org','f','1980-04-04',1,'2017-03-02 17:24:16','2020-04-30 16:07:32'),(61,'Ezequiel','Ward','','aliyah.sawayn@example.net','m','1975-05-16',1,'2019-08-16 00:25:38','2020-04-30 16:07:32'),(62,'Dixie','Maggio','','carole.oberbrunner@example.org','m','1978-09-13',1,'2012-03-18 12:16:59','2018-12-21 14:24:18'),(63,'Frankie','Mills','','jovani68@example.com','m','2013-09-30',1,'2020-04-30 16:07:32','2020-04-30 16:07:32'),(64,'Wava','Volkman','','reichmann@example.org','m','2011-06-15',1,'2012-01-28 22:12:02','2020-04-30 16:07:32'),(65,'Cara','Monahan','Monserrate','ron.schulist@example.com','m','2016-06-23',1,'2019-11-13 15:48:57','2020-04-30 16:07:32'),(66,'Meggie','Torphy','','lenore.jast@example.org','m','1980-03-18',1,'2018-03-05 22:32:03','2020-01-13 11:45:20'),(67,'Lillie','Nolan','Kamren','hudson.lorenz@example.net','f','2000-11-13',1,'2011-03-10 09:31:56','2017-05-24 04:01:49'),(68,'Mellie','Hodkiewicz','Cleve','kamryn70@example.net','m','2011-02-12',1,'2019-12-09 08:10:25','2020-04-30 16:07:32'),(69,'Afton','Kling','','lbartoletti@example.com','m','1987-09-08',1,'2013-03-01 01:53:28','2018-08-08 18:18:53'),(70,'Jalyn','Hickle','','alex11@example.net','m','1977-03-24',1,'2011-02-21 04:14:10','2019-12-13 18:45:16'),(71,'Flossie','Walter','Hipolito','flavie.thompson@example.com','f','2015-01-05',1,'2020-04-30 16:07:32','2020-04-30 16:07:32'),(72,'Earl','Johnston','','cbernier@example.com','m','1980-07-30',1,'2018-10-11 20:58:08','2020-04-30 16:07:32'),(73,'Kane','Turcotte','','orpha.effertz@example.com','m','1999-05-22',1,'2014-11-30 10:22:22','2020-04-30 16:07:32'),(74,'Sierra','Gusikowski','Melvina','mariam92@example.net','f','1970-06-14',1,'2010-10-24 02:25:52','2020-04-08 10:13:33'),(75,'Kevin','Leuschke','Samson','jaclyn.rippin@example.net','f','1998-05-21',1,'2010-12-27 20:22:02','2019-11-03 22:12:13'),(76,'Beulah','Keeling','','collier.mitchell@example.net','m','1971-03-01',1,'2018-02-27 11:04:16','2020-04-30 16:07:32'),(77,'Ashlynn','Cole','Diego','legros.allan@example.com','m','2008-08-15',1,'2016-02-19 05:04:20','2020-04-30 16:07:32'),(78,'Hilario','Becker','','tom53@example.net','f','1976-08-25',1,'2019-10-31 12:00:09','2019-12-26 04:51:00'),(79,'Stefan','Gerhold','','jalen63@example.org','m','2013-02-06',1,'2018-03-09 14:35:30','2018-05-13 10:43:31'),(80,'Estevan','Ondricka','','marvin.oran@example.org','f','1997-12-26',1,'2015-08-28 07:08:10','2020-04-30 16:07:32'),(81,'Frederick','Gutmann','Sonny','nmoen@example.org','f','2003-03-27',1,'2012-03-25 08:54:54','2015-09-05 05:57:18'),(82,'Yasmin','Haag','','qjacobi@example.com','f','1984-10-13',1,'2017-05-11 21:16:35','2020-04-30 16:07:32'),(83,'Dovie','Paucek','Chadd','justus.homenick@example.org','f','2011-05-12',1,'2017-09-12 14:27:28','2019-12-21 22:16:24'),(84,'Lavina','Wilkinson','','rau.chance@example.com','m','1998-07-11',1,'2017-02-03 17:12:31','2019-03-13 12:38:25'),(85,'Celia','Zieme','','gislason.merlin@example.net','m','1986-10-26',1,'2011-06-18 04:46:03','2012-02-20 21:23:44'),(86,'Hipolito','Johns','Ramiro','malcolm.swaniawski@example.net','f','1974-04-27',1,'2010-08-01 05:16:24','2019-07-27 00:28:00'),(87,'Mittie','Ondricka','Hudson','elsa69@example.org','m','1999-03-01',1,'2016-05-02 07:54:09','2020-04-30 16:07:32'),(88,'Abner','Stehr','','dariana.gutmann@example.net','m','1974-10-06',1,'2016-11-17 03:20:47','2020-04-30 16:07:32'),(89,'Margret','Murazik','Jedidiah','quigley.tanya@example.org','f','1996-06-15',1,'2017-02-22 06:17:41','2019-10-02 16:47:00'),(90,'Marcus','Jakubowski','Bertrand','christine52@example.net','f','2017-09-01',1,'2020-04-30 16:07:32','2020-04-30 16:07:32'),(91,'Zechariah','Zboncak','','hope13@example.net','m','1976-12-05',1,'2013-09-07 05:57:44','2020-01-14 18:54:57'),(92,'Kyra','Barrows','','sibyl85@example.net','m','2011-01-04',1,'2013-05-02 22:48:47','2015-02-04 22:51:44'),(93,'Paul','Emard','Mikel','wisoky.alberto@example.com','m','2002-09-29',1,'2011-01-24 08:54:46','2020-04-30 16:07:32'),(94,'Kobe','Wintheiser','','delbert28@example.com','m','1975-04-26',1,'2011-07-13 23:15:59','2011-10-21 17:33:44'),(95,'Arturo','Cummings','Winfield','myrtle.gleichner@example.org','m','2005-01-01',1,'2015-04-18 11:54:38','2020-04-30 16:07:32'),(96,'Wilfredo','O\'Kon','','bartell.jonathan@example.com','m','1994-02-23',1,'2013-12-31 13:19:58','2015-02-09 03:31:54'),(97,'Ethyl','Halvorson','','ruthie.smitham@example.net','f','1989-09-22',1,'2011-01-07 03:46:21','2016-08-19 10:17:04'),(98,'Susana','White','','ilockman@example.net','m','2002-12-21',1,'2014-10-23 19:04:48','2019-11-12 17:40:52'),(99,'Alanis','Cummerata','Emil','murphy.shyanne@example.net','m','1984-12-29',1,'2011-05-17 11:00:54','2020-04-30 16:07:32'),(100,'Nathanial','Nolan','Emanuel','monserrate22@example.com','f','2002-12-13',1,'2010-12-13 20:16:31','2014-06-25 01:51:15');
/*!40000 ALTER TABLE `profiles` ENABLE KEYS */;
UNLOCK TABLES;

--
-- Table structure for table `promo_codes`
--

DROP TABLE IF EXISTS `promo_codes`;
/*!40101 SET @saved_cs_client     = @@character_set_client */;
/*!50503 SET character_set_client = utf8mb4 */;
CREATE TABLE `promo_codes` (
  `id` int unsigned NOT NULL AUTO_INCREMENT,
  `code` varchar(10) NOT NULL,
  `created_at` datetime DEFAULT CURRENT_TIMESTAMP,
  PRIMARY KEY (`id`),
  UNIQUE KEY `code` (`code`)
) ENGINE=InnoDB AUTO_INCREMENT=11 DEFAULT CHARSET=utf8mb4 COLLATE=utf8mb4_0900_ai_ci COMMENT='Промокоды';
/*!40101 SET character_set_client = @saved_cs_client */;

--
-- Dumping data for table `promo_codes`
--

LOCK TABLES `promo_codes` WRITE;
/*!40000 ALTER TABLE `promo_codes` DISABLE KEYS */;
INSERT INTO `promo_codes` VALUES (1,'xbzo','2010-05-15 06:14:29'),(2,'qhaj','2017-02-05 22:43:47'),(3,'eesw','2020-01-10 18:01:44'),(4,'uyoc','2016-12-17 18:14:09'),(5,'xibz','2017-02-27 09:26:29'),(6,'jxtc','2017-04-21 05:35:29'),(7,'sydc','2017-02-25 20:53:16'),(8,'ceey','2011-01-24 10:37:56'),(9,'cjpi','2020-01-06 02:08:25'),(10,'svbj','2015-06-27 01:46:42');
/*!40000 ALTER TABLE `promo_codes` ENABLE KEYS */;
UNLOCK TABLES;

--
-- Table structure for table `requisites`
--

DROP TABLE IF EXISTS `requisites`;
/*!40101 SET @saved_cs_client     = @@character_set_client */;
/*!50503 SET character_set_client = utf8mb4 */;
CREATE TABLE `requisites` (
  `id` int unsigned NOT NULL AUTO_INCREMENT,
  `user_id` int unsigned NOT NULL,
  `req_name` varchar(20) DEFAULT NULL COMMENT 'Название реквизита',
  `BIC_bank` int DEFAULT NULL COMMENT 'БИК банка',
  `checking_account` varchar(20) DEFAULT NULL COMMENT 'Расчетный счет',
  `first_name` varchar(50) DEFAULT NULL COMMENT 'Имя владельца счета',
  `last_name` varchar(50) DEFAULT NULL COMMENT 'Фамилия владельца счета',
  `middle_name` varchar(50) DEFAULT NULL COMMENT 'Отчество владельца счета',
  `created_at` datetime DEFAULT CURRENT_TIMESTAMP,
  `updated_at` datetime DEFAULT CURRENT_TIMESTAMP ON UPDATE CURRENT_TIMESTAMP,
  PRIMARY KEY (`id`),
  KEY `requisites_user_id_fk` (`user_id`),
  CONSTRAINT `requisites_user_id_fk` FOREIGN KEY (`user_id`) REFERENCES `users` (`id`) ON DELETE CASCADE
) ENGINE=InnoDB AUTO_INCREMENT=101 DEFAULT CHARSET=utf8mb4 COLLATE=utf8mb4_0900_ai_ci COMMENT='Реквизиты';
/*!40101 SET character_set_client = @saved_cs_client */;

--
-- Dumping data for table `requisites`
--

LOCK TABLES `requisites` WRITE;
/*!40000 ALTER TABLE `requisites` DISABLE KEYS */;
INSERT INTO `requisites` VALUES (1,15,'laborum',141514297,'18349992513893794396','Joanie','Schowalter','Jordon','2014-08-12 02:35:33','2020-04-30 16:07:32'),(2,9,'nihil',394424840,'39639745047138489609','Erin','Miller','Jessy','2010-10-01 21:16:29','2020-04-30 16:07:32'),(3,100,'deleniti',547581338,'48005248101587155502','Howell','Dietrich','Buster','2018-04-18 22:01:55','2020-04-30 16:07:32'),(4,73,'ipsa',554632201,'15342033571909550555','Destinee','Muller','Stanton','2012-09-28 22:50:12','2020-04-30 16:07:32'),(5,63,'ad',130417020,'39451429833997063525','Margarete','Schimmel','Bryon','2015-08-11 08:20:41','2020-04-30 16:07:32'),(6,96,'beatae',688188523,'71498889554758254478','Pamela','Wilderman','Pete','2018-10-30 01:19:25','2020-04-30 16:07:32'),(7,91,'numquam',249691584,'13416058059433265863','Dallin','Mante','Lucas','2011-09-13 00:49:55','2020-04-30 16:07:32'),(8,66,'aut',883892380,'61415121821407763596','Bria','Ortiz','Dwight','2019-12-01 12:17:11','2020-04-30 16:07:32'),(9,58,'velit',870387176,'56142817134848118053','Josiane','Armstrong','Evert','2015-01-15 10:06:43','2020-04-30 16:07:32'),(10,89,'iure',700258772,'63977454037444373134','Zelma','Yost','Howell','2016-06-07 19:21:13','2020-04-30 16:07:32'),(11,73,'sint',790132361,'80286297397810029570','Onie','Cole','Brannon','2018-09-04 17:30:39','2020-04-30 16:07:32'),(12,98,'itaque',849885518,'49642589109391206118','Anabel','Marvin','Mike','2014-01-01 08:56:18','2020-04-30 16:07:32'),(13,70,'accusantium',879030536,'40632541409142652623','Johnnie','Lueilwitz','Erwin','2018-01-13 22:54:56','2020-04-30 16:07:32'),(14,57,'iure',845496156,'55235009748189547276','Matt','Moen','Abner','2013-06-01 13:33:39','2020-04-30 16:07:32'),(15,74,'nobis',590389201,'53772337371317527137','Roman','McClure','Jonathan','2013-04-13 14:13:02','2020-04-30 16:07:32'),(16,98,'sequi',315457563,'74559347455327092598','Kane','Lowe','Shayne','2018-09-25 15:43:18','2020-04-30 16:07:32'),(17,68,'adipisci',606120241,'32676590288357017626','Alejandra','Muller','Raul','2010-06-08 03:09:32','2020-04-30 16:07:32'),(18,46,'quas',184228545,'39821113252839504021','Judson','Wolf','Nicholaus','2017-08-03 13:11:32','2020-04-30 16:07:32'),(19,24,'facilis',802782029,'12511864105737420261','Ilene','Fahey','Brad','2015-05-29 20:01:40','2020-04-30 16:07:32'),(20,81,'quo',661224539,'59335423532455451261','Darion','Vandervort','Trent','2019-05-06 04:08:09','2020-04-30 16:07:32'),(21,32,'blanditiis',797776639,'24766295224016794106','Wyatt','Gibson','Hipolito','2018-02-22 12:33:07','2020-04-30 16:07:32'),(22,16,'dolores',105209609,'26540822419220029165','Daryl','Volkman','Darien','2018-05-26 13:25:18','2020-04-30 16:07:32'),(23,87,'veritatis',732718151,'11378993814029409683','Randall','Brown','Kyler','2011-08-11 07:32:02','2020-04-30 16:07:32'),(24,83,'nihil',547961960,'67333505532578523994','Vanessa','Corwin','Mohammed','2010-05-21 04:51:39','2020-04-30 16:07:32'),(25,53,'aut',441655374,'96925685873727271234','Maximillia','Satterfield','Cole','2017-05-29 18:15:49','2020-04-30 16:07:32'),(26,17,'odit',464391019,'65586506862611440005','Dillon','Kerluke','Toni','2011-09-05 18:37:55','2020-04-30 16:07:32'),(27,24,'nihil',896989001,'13812482427071921472','Madyson','Balistreri','Parker','2011-02-19 21:04:41','2020-04-30 16:07:32'),(28,71,'molestias',291771979,'32158629152863550436','Lenora','Nitzsche','Ramon','2013-07-25 05:15:48','2020-04-30 16:07:32'),(29,82,'facilis',467892920,'36701637108760167522','Reanna','Cummings','Wilford','2018-08-28 00:49:21','2020-04-30 16:07:32'),(30,96,'qui',464148692,'47903467575671231498','Naomi','Weimann','Coby','2012-11-11 16:50:43','2020-04-30 16:07:32'),(31,35,'autem',817064729,'39851174941911893255','Elvis','Hand','Karley','2019-05-01 18:11:23','2020-04-30 16:07:32'),(32,85,'expedita',792877597,'56041140703284890864','Adrain','Larson','Nestor','2019-04-14 12:31:36','2020-04-30 16:07:32'),(33,18,'dolorem',513193829,'76121123849205889607','Willow','Mertz','Immanuel','2011-02-28 19:51:36','2020-04-30 16:07:32'),(34,37,'tenetur',987336379,'41931111611347887262','Jerald','Hand','Wilber','2018-12-01 12:40:54','2020-04-30 16:07:32'),(35,31,'quibusdam',597100442,'21601031015756853996','Bruce','Lowe','Skylar','2011-05-15 17:36:07','2020-04-30 16:07:32'),(36,41,'nam',823493100,'33039609597249243082','Elise','Zemlak','Maurice','2010-10-12 18:50:30','2020-04-30 16:07:32'),(37,14,'commodi',426164201,'73343328104923935083','Mabel','Schinner','Willis','2017-04-27 16:20:08','2020-04-30 16:07:32'),(38,46,'porro',460341735,'16166772611311581333','Akeem','Schroeder','Irving','2018-11-11 03:32:07','2020-04-30 16:07:32'),(39,87,'qui',923216099,'97078751587604632071','Lucious','Schulist','Jed','2014-12-06 00:24:57','2020-04-30 16:07:32'),(40,97,'est',435055323,'78995351616683779869','Corbin','Hodkiewicz','Wilburn','2018-01-14 10:51:25','2020-04-30 16:07:32'),(41,22,'rem',205628343,'87202941384550131362','Mireya','Lindgren','Stephon','2010-04-16 02:35:16','2020-04-30 16:07:32'),(42,20,'sapiente',522975772,'45897746718298479546','Ahmed','Keeling','Otto','2014-04-21 18:09:50','2020-04-30 16:07:32'),(43,32,'et',997993862,'87230739968719931620','Alexa','Bauch','Rey','2012-12-17 18:12:22','2020-04-30 16:07:32'),(44,2,'velit',621042025,'74304363929992387378','Jesus','Zemlak','Mekhi','2019-01-12 10:44:13','2020-04-30 16:07:32'),(45,13,'sed',911228566,'86706279923375978103','Jerrold','Cummings','Osbaldo','2012-03-17 15:58:28','2020-04-30 16:07:32'),(46,58,'adipisci',793016786,'78680068171212100053','Geovany','Swift','Tobin','2013-11-05 03:25:54','2020-04-30 16:07:32'),(47,52,'aspernatur',231398262,'84564800891646100566','Ruben','Ankunding','Brook','2013-12-30 16:56:54','2020-04-30 16:07:32'),(48,84,'quia',477940976,'88610628372367012770','Annamae','Hammes','Lavon','2018-04-21 02:36:02','2020-04-30 16:07:32'),(49,64,'in',695510123,'22518756123158340026','Cathy','Leffler','Jeff','2013-06-01 23:46:45','2020-04-30 16:07:32'),(50,67,'est',143727716,'80360735732705348065','Kyra','Gerlach','Hunter','2011-08-14 19:09:11','2020-04-30 16:07:32'),(51,43,'doloremque',332108239,'64185198834976555497','Twila','Batz','Brody','2015-02-24 05:29:11','2020-04-30 16:07:32'),(52,11,'voluptate',229358075,'46272181167206424364','Alfred','Swift','Jimmie','2013-01-30 08:05:54','2020-04-30 16:07:32'),(53,29,'ea',950465687,'31504677512133065939','Rhianna','Konopelski','Dustin','2016-11-08 02:18:43','2020-04-30 16:07:32'),(54,10,'velit',364254243,'92139267202670436064','Hudson','Wilderman','Stefan','2018-06-08 08:05:57','2020-04-30 16:07:32'),(55,63,'repellat',669874180,'27104004334540694252','Christine','Lehner','Gabe','2018-10-25 01:19:46','2020-04-30 16:07:32'),(56,85,'eum',356608200,'45722702398239268717','Amari','Ward','Carlos','2018-10-19 23:41:52','2020-04-30 16:07:32'),(57,34,'doloremque',573418487,'84795331477679859862','Rebeca','Treutel','Howard','2015-07-25 20:24:55','2020-04-30 16:07:32'),(58,17,'tempora',797267865,'29607001478763921424','Sabrina','Johnston','Dameon','2015-06-17 19:13:27','2020-04-30 16:07:32'),(59,83,'illum',366083892,'69375069597395770802','Elton','Reilly','Aric','2019-10-21 07:37:41','2020-04-30 16:07:32'),(60,61,'hic',238615893,'61663334117644354925','Sasha','Ankunding','Kiley','2019-08-17 01:14:05','2020-04-30 16:07:32'),(61,55,'omnis',894827818,'97227746706680808853','Leatha','Fay','Devante','2018-08-08 21:25:26','2020-04-30 16:07:32'),(62,94,'cupiditate',958291440,'32357205324136176380','Michaela','Tremblay','Lourdes','2014-03-06 04:11:11','2020-04-30 16:07:32'),(63,2,'quo',206973779,'99737205789460074031','Julian','Connelly','Alphonso','2012-01-29 19:51:39','2020-04-30 16:07:32'),(64,30,'expedita',759994598,'73792086987515821675','Halie','Kris','Marvin','2014-03-18 06:22:00','2020-04-30 16:07:32'),(65,41,'officiis',379051685,'54414825593659948048','Charlie','Walsh','Julian','2012-06-26 15:13:46','2020-04-30 16:07:32'),(66,13,'cumque',415274659,'99752928391896620330','Lorena','Hegmann','Lionel','2012-02-10 22:03:21','2020-04-30 16:07:32'),(67,45,'sed',839218267,'55572234073096256325','Imogene','Nader','Jamal','2011-10-21 20:07:56','2020-04-30 16:07:32'),(68,84,'nostrum',150267391,'68096116815759289710','Hassie','Moen','Fausto','2016-01-29 16:12:53','2020-04-30 16:07:32'),(69,83,'eveniet',833682178,'73676137859560200072','Maximillia','Kreiger','Irwin','2019-12-27 12:12:30','2020-04-30 16:07:32'),(70,62,'et',917608748,'66981592833810196479','Tressa','Marks','Reyes','2012-01-06 10:07:45','2020-04-30 16:07:32'),(71,64,'voluptatem',186997235,'69565048204351934941','Annabel','Frami','Cristina','2013-01-03 23:43:07','2020-04-30 16:07:32'),(72,31,'molestiae',782159958,'88901605223394998067','Maybelle','VonRueden','Lester','2012-10-24 16:26:20','2020-04-30 16:07:32'),(73,62,'culpa',549808114,'73045090437337551293','Gabe','Wisozk','Wyatt','2017-02-03 23:48:33','2020-04-30 16:07:32'),(74,16,'amet',302560726,'47742296159858494471','Kamryn','Purdy','Colten','2017-09-22 03:30:09','2020-04-30 16:07:32'),(75,93,'laudantium',663379315,'69697837914273435819','Lisa','Murazik','Jerrold','2019-12-15 23:12:02','2020-04-30 16:07:32'),(76,18,'commodi',509214426,'84578279991468832819','Angeline','Dare','Brook','2017-07-17 07:00:35','2020-04-30 16:07:32'),(77,12,'ducimus',455934212,'79706803707446903672','Rosario','Hayes','Brody','2013-01-11 01:35:00','2020-04-30 16:07:32'),(78,4,'neque',652027811,'33224775302271676911','Nicholas','Kuphal','Tristian','2011-06-06 22:41:40','2020-04-30 16:07:32'),(79,83,'iste',892336446,'93909522393139730743','Krystina','Beer','Easton','2017-12-05 20:08:38','2020-04-30 16:07:32'),(80,4,'suscipit',605598830,'45257972723209794409','Eriberto','O\'Keefe','Rey','2010-08-20 23:33:59','2020-04-30 16:07:32'),(81,71,'alias',250984841,'14715805075728519585','Monique','Brown','Bryce','2018-03-20 10:15:05','2020-04-30 16:07:32'),(82,44,'nesciunt',238127740,'52278566817953724928','Keyshawn','Bruen','Clay','2012-10-21 21:32:59','2020-04-30 16:07:32'),(83,3,'qui',337684204,'50850548759564099870','Fatima','Keeling','Darron','2016-09-08 21:46:52','2020-04-30 16:07:32'),(84,86,'alias',874037831,'45653350022134375679','Joaquin','Crooks','Wilmer','2012-09-09 03:23:41','2020-04-30 16:07:32'),(85,17,'nemo',557136575,'49758736638476241557','Alexandria','Wolff','Nick','2015-03-06 02:15:02','2020-04-30 16:07:32'),(86,28,'porro',963569407,'84535870756839210981','Leonel','Bergnaum','Darwin','2017-02-20 02:16:02','2020-04-30 16:07:32'),(87,89,'quasi',346437340,'78352939588658837127','Colleen','Ziemann','Cary','2016-04-13 08:27:20','2020-04-30 16:07:32'),(88,59,'corporis',541478508,'97883040373965009082','Raphaelle','Harvey','Glennie','2010-07-02 00:30:20','2020-04-30 16:07:32'),(89,30,'est',668080549,'74601335766405640912','Gayle','Beatty','Sherwood','2018-08-23 04:09:48','2020-04-30 16:07:32'),(90,71,'omnis',715967249,'86478041115022098099','Ralph','Bruen','Loyal','2014-08-09 09:19:20','2020-04-30 16:07:32'),(91,64,'officia',575594629,'71670784361769098164','Clement','Tremblay','Nathan','2015-01-23 19:31:47','2020-04-30 16:07:32'),(92,6,'deleniti',630071427,'43442557856413984711','Maryam','Reynolds','Jayce','2013-09-16 06:58:11','2020-04-30 16:07:32'),(93,36,'voluptas',423573275,'90371564816943828549','Jett','Schmitt','Irwin','2013-07-17 22:16:48','2020-04-30 16:07:32'),(94,63,'saepe',127652124,'66076735792206882528','Jazmin','Gorczany','Roosevelt','2015-01-10 06:46:06','2020-04-30 16:07:32'),(95,8,'vitae',167540823,'82113921756436313574','Jamir','Schulist','Cristian','2017-10-06 17:25:13','2020-04-30 16:07:32'),(96,49,'nam',354747769,'65473916193428017652','Paris','Hartmann','Derick','2018-11-14 23:11:55','2020-04-30 16:07:32'),(97,20,'quaerat',271116408,'54979136807205515724','Lyda','Wolf','Jovany','2017-06-26 01:44:34','2020-04-30 16:07:32'),(98,53,'nostrum',191338758,'95338378557052642382','Mariah','Konopelski','Eduardo','2015-03-24 01:42:38','2020-04-30 16:07:32'),(99,5,'eaque',943344596,'56616986256150566255','Gerry','Beahan','Kenyon','2014-03-06 21:51:19','2020-04-30 16:07:32'),(100,64,'doloribus',442706737,'37677356778386979896','Alf','Feil','Jarrett','2016-01-14 16:07:46','2020-04-30 16:07:32');
/*!40000 ALTER TABLE `requisites` ENABLE KEYS */;
UNLOCK TABLES;

--
-- Table structure for table `review_media`
--

DROP TABLE IF EXISTS `review_media`;
/*!40101 SET @saved_cs_client     = @@character_set_client */;
/*!50503 SET character_set_client = utf8mb4 */;
CREATE TABLE `review_media` (
  `image_id` int unsigned NOT NULL,
  `review_id` int unsigned NOT NULL,
  `created_at` datetime DEFAULT CURRENT_TIMESTAMP,
  KEY `review_media_review_id_fk` (`review_id`),
  KEY `review_media_image_id_fk` (`image_id`),
  CONSTRAINT `review_media_image_id_fk` FOREIGN KEY (`image_id`) REFERENCES `images` (`id`) ON DELETE CASCADE,
  CONSTRAINT `review_media_review_id_fk` FOREIGN KEY (`review_id`) REFERENCES `reviews` (`id`) ON DELETE CASCADE
) ENGINE=InnoDB DEFAULT CHARSET=utf8mb4 COLLATE=utf8mb4_0900_ai_ci COMMENT='Возможность нескольких фото для отзывов';
/*!40101 SET character_set_client = @saved_cs_client */;

--
-- Dumping data for table `review_media`
--

LOCK TABLES `review_media` WRITE;
/*!40000 ALTER TABLE `review_media` DISABLE KEYS */;
INSERT INTO `review_media` VALUES (67,74,'2017-09-09 01:41:57'),(89,65,'2017-07-09 16:40:53'),(41,2,'2020-04-04 10:46:47'),(40,15,'2018-07-31 21:08:34'),(74,67,'2018-10-10 23:25:13'),(51,88,'2010-05-29 23:19:30'),(32,41,'2015-03-05 04:40:27'),(5,40,'2019-03-15 01:02:48'),(31,76,'2011-10-16 01:15:36'),(38,60,'2014-03-15 13:14:52'),(96,72,'2013-04-19 03:34:39'),(66,79,'2018-02-01 10:27:17'),(42,79,'2016-06-27 09:33:01'),(11,57,'2010-06-08 19:34:31'),(31,47,'2018-12-21 03:20:21'),(18,65,'2012-03-09 09:10:47'),(98,83,'2012-08-09 18:25:26'),(37,19,'2018-12-01 18:42:37'),(91,44,'2017-08-07 20:14:06'),(43,65,'2016-01-19 00:02:01'),(43,90,'2015-08-07 06:02:42'),(85,55,'2016-06-18 01:37:02'),(94,6,'2012-04-15 19:28:21'),(14,65,'2013-02-24 08:26:23'),(87,7,'2011-09-24 16:59:09'),(94,39,'2010-11-09 11:43:59'),(7,72,'2018-06-23 23:11:05'),(54,45,'2019-12-21 14:49:23'),(46,6,'2016-11-29 01:10:05'),(70,94,'2016-07-31 23:11:38'),(12,52,'2011-01-21 16:56:52'),(50,78,'2019-08-15 23:47:16'),(10,32,'2017-01-29 17:16:17'),(3,24,'2012-09-04 20:58:14'),(83,27,'2019-12-10 00:35:46'),(8,61,'2018-07-29 02:29:24'),(87,22,'2015-08-02 09:23:30'),(12,29,'2010-11-25 07:12:27'),(99,76,'2012-08-17 11:48:37'),(57,93,'2018-03-04 05:15:24'),(89,38,'2014-09-30 19:03:17'),(71,11,'2019-04-05 02:11:49'),(91,39,'2019-07-22 19:06:04'),(39,62,'2012-05-14 01:34:40'),(22,93,'2019-09-30 17:26:20'),(95,78,'2015-03-05 06:52:25'),(5,11,'2017-08-21 07:24:40'),(40,19,'2020-04-01 22:38:11'),(87,61,'2011-02-12 06:57:29'),(11,47,'2012-02-08 18:36:17'),(96,53,'2012-08-02 21:30:38'),(46,21,'2013-08-24 06:08:48'),(42,49,'2013-10-11 13:23:55'),(69,81,'2012-08-22 22:09:31'),(22,55,'2015-09-10 17:22:43'),(100,33,'2018-08-18 14:53:52'),(33,98,'2011-12-31 10:14:09'),(66,92,'2014-06-30 03:46:58'),(32,64,'2011-07-17 22:28:04'),(60,44,'2011-05-20 10:03:39'),(2,28,'2013-07-14 17:54:55'),(31,8,'2015-11-28 04:58:51'),(48,56,'2016-08-08 19:45:12'),(47,56,'2013-05-19 21:09:02'),(89,12,'2015-05-15 17:45:59'),(3,88,'2019-06-24 05:28:35'),(48,7,'2012-07-11 20:02:58'),(31,70,'2019-06-24 15:27:33'),(9,28,'2017-12-10 15:42:53'),(52,28,'2013-11-07 01:21:56'),(34,58,'2016-10-08 03:57:24'),(11,5,'2012-10-29 04:19:54'),(52,52,'2019-12-11 05:53:40'),(29,43,'2019-09-22 12:41:27'),(87,58,'2018-05-05 01:12:27'),(47,63,'2019-10-23 20:19:51'),(76,37,'2013-03-31 12:38:41'),(38,97,'2011-08-05 15:51:32'),(62,74,'2014-09-07 20:09:42'),(93,77,'2013-07-21 05:43:54'),(81,64,'2013-02-09 02:13:17'),(25,90,'2018-03-16 05:15:30'),(81,54,'2014-04-21 05:21:37'),(32,1,'2016-04-03 10:57:02'),(13,43,'2017-02-11 04:42:08'),(70,11,'2015-10-13 04:16:39'),(9,25,'2012-09-25 15:34:13'),(37,94,'2017-03-17 00:52:43'),(58,93,'2016-03-16 16:55:24'),(79,82,'2018-12-20 10:16:32'),(21,30,'2012-04-12 00:24:10'),(65,3,'2017-05-11 18:11:04'),(62,24,'2015-12-20 13:20:05'),(13,12,'2014-09-07 02:44:46'),(80,86,'2018-12-04 19:56:44'),(60,95,'2017-03-14 10:14:18'),(60,18,'2011-11-21 21:24:42'),(18,3,'2019-01-19 03:12:06'),(11,60,'2016-12-19 06:50:31'),(2,93,'2020-01-31 07:53:54');
/*!40000 ALTER TABLE `review_media` ENABLE KEYS */;
UNLOCK TABLES;

--
-- Table structure for table `reviews`
--

DROP TABLE IF EXISTS `reviews`;
/*!40101 SET @saved_cs_client     = @@character_set_client */;
/*!50503 SET character_set_client = utf8mb4 */;
CREATE TABLE `reviews` (
  `id` int unsigned NOT NULL AUTO_INCREMENT,
  `user_id` int unsigned NOT NULL,
  `title` varchar(255) DEFAULT NULL,
  `review` text NOT NULL,
  `created_at` datetime DEFAULT CURRENT_TIMESTAMP,
  `updated_at` datetime DEFAULT CURRENT_TIMESTAMP ON UPDATE CURRENT_TIMESTAMP,
  PRIMARY KEY (`id`),
  KEY `reviews_user_id_fk` (`user_id`),
  CONSTRAINT `reviews_user_id_fk` FOREIGN KEY (`user_id`) REFERENCES `users` (`id`) ON DELETE CASCADE
) ENGINE=InnoDB AUTO_INCREMENT=101 DEFAULT CHARSET=utf8mb4 COLLATE=utf8mb4_0900_ai_ci COMMENT='Отзывы';
/*!40101 SET character_set_client = @saved_cs_client */;

--
-- Dumping data for table `reviews`
--

LOCK TABLES `reviews` WRITE;
/*!40000 ALTER TABLE `reviews` DISABLE KEYS */;
INSERT INTO `reviews` VALUES (1,5,'Incidunt in eligendi deleniti tempora pariatur quia.','Aut voluptate ea ut asperiores repellendus libero. Omnis amet ut amet quisquam ipsam quia maxime. Suscipit quod ullam nulla. Veritatis quo neque ad tempora porro necessitatibus ut.','2015-09-07 21:58:31','2020-04-30 16:07:32'),(2,62,'Et et ut sunt aut veritatis natus.','Ad a delectus natus magnam. Quia iste temporibus dignissimos et similique eligendi.','2015-06-12 23:09:15','2020-04-30 16:07:32'),(3,96,'Tempora aperiam maxime ea nesciunt omnis.','Eaque reiciendis explicabo atque aut nihil numquam. Assumenda aut totam debitis laboriosam necessitatibus quis. Quas deserunt libero veritatis provident.','2010-08-09 08:47:06','2020-04-30 16:07:32'),(4,91,'Amet perferendis velit numquam nesciunt.','Fugit aut laboriosam harum quaerat facere eum distinctio labore. Voluptates quos vero non nesciunt veritatis quasi aut aut.','2018-06-09 11:56:09','2020-04-30 16:07:32'),(5,67,'Ipsum voluptatem amet ullam ipsum molestias consequuntur.','Quaerat voluptas nihil asperiores. Et ut voluptatum ut molestias cupiditate. Est ipsum vitae quas dolores vero molestiae nam laboriosam.','2015-10-05 09:19:41','2020-04-30 16:07:32'),(6,63,'Nulla qui enim ut maiores.','Dolorem aliquid odit tempora dolores suscipit quam quod. Quia quia accusamus facilis cupiditate velit provident. Sunt minima et unde ut sit ipsam sit.','2019-07-05 19:50:56','2020-04-30 16:07:32'),(7,14,'Aut aliquam corrupti temporibus sed corporis dolorum libero.','Debitis ducimus vel voluptatem non dolorum perferendis. Placeat ut delectus provident dolorem aut minus voluptas. Provident eaque deleniti commodi perspiciatis natus rerum temporibus enim. Incidunt tempora laborum voluptatem minus aut quo.','2012-05-11 12:53:17','2020-04-30 16:07:32'),(8,79,'Sit suscipit aperiam labore est ad.','Nisi quis qui veniam dolorum placeat non tempora. Quis excepturi rem deleniti molestiae accusantium dolorum dolor.','2020-02-01 02:59:45','2020-04-30 16:07:32'),(9,53,'Tenetur nesciunt ducimus vero voluptatum.','Est accusantium fuga nihil officiis ad voluptatem ut. Consectetur aut modi qui non dolorem dolorum. Veritatis nihil ut quia consequuntur vero quia expedita. Mollitia sunt quo expedita facilis culpa.','2020-02-29 23:19:00','2020-04-30 16:07:32'),(10,28,'Aut sed repellendus voluptatem exercitationem.','Nisi inventore ullam quia enim. Tempore distinctio suscipit numquam possimus quam ex ut. Molestias qui saepe veniam similique officia similique mollitia.','2019-01-14 09:36:50','2020-04-30 16:07:32'),(11,79,'Quia voluptatum facere velit commodi.','Deleniti doloremque enim reiciendis ratione ea. Sint culpa quas eum cumque accusamus dicta beatae vero. Hic est molestiae numquam voluptatibus. Doloribus sapiente harum et nostrum.','2011-08-02 10:56:47','2020-04-30 16:07:32'),(12,10,'Sed et ex ducimus corrupti sed modi.','Laudantium officia voluptatem porro quis eum expedita voluptate. Delectus repellat ut numquam delectus modi. Impedit sapiente iure voluptas consequatur quibusdam a sequi reprehenderit. Aut dolores dolores incidunt illum. Molestias voluptate quae et.','2019-08-02 17:44:22','2020-04-30 16:07:32'),(13,12,'Aut autem distinctio culpa voluptatem.','Eius ullam ea nihil ut veritatis iure a eos. Cum dolores aut ut qui repellendus. Quo labore sed sint quia quia repellat nihil.','2018-12-23 16:03:55','2020-04-30 16:07:32'),(14,32,'Et mollitia perferendis ut nostrum reprehenderit molestiae aperiam.','Vitae nobis eaque minima tempora eligendi ipsam veritatis. Consequuntur et culpa explicabo est nisi temporibus. Nisi numquam et cum magni quod non velit. Officiis vero animi labore ratione veritatis qui ullam. Dolorum incidunt nihil aperiam eos possimus est.','2012-12-28 21:51:14','2020-04-30 16:07:32'),(15,23,'Blanditiis atque perferendis est sint aperiam voluptatum exercitationem consequatur.','Possimus nobis placeat et nisi numquam sint quia. Ut numquam et ad eum. Aut exercitationem cumque officia consequatur illo.','2014-01-02 02:19:43','2020-04-30 16:07:32'),(16,18,'Eveniet corporis porro nam quisquam in.','Vel autem odit unde est ducimus. Qui illo repellat et. Sit voluptas distinctio eum.','2018-11-12 10:34:32','2020-04-30 16:07:32'),(17,21,'Molestiae id ratione velit tempore harum voluptatem.','Temporibus provident velit sit impedit vel similique dolores. Blanditiis quibusdam incidunt et ea delectus molestias modi. Aut facilis aut pariatur suscipit sint dicta. Quis pariatur explicabo sunt sit.','2014-05-04 19:08:45','2020-04-30 16:07:32'),(18,52,'Qui neque aliquid beatae mollitia.','In quae temporibus pariatur corrupti incidunt. Labore ipsum accusantium dignissimos quasi eius. Cumque nisi earum ut saepe ut. Ut quia esse est enim aliquam. Optio earum accusamus qui totam ad consequatur fugiat.','2015-12-25 18:08:03','2020-04-30 16:07:32'),(19,96,'Sit hic et sint temporibus facere.','Sit alias eos itaque est aut. Quibusdam ad recusandae autem consequatur.','2013-08-30 03:07:16','2020-04-30 16:07:32'),(20,22,'Doloremque vel reprehenderit voluptatem quidem alias id aut.','Vero voluptatibus et sit tenetur. Corrupti assumenda esse exercitationem quo dignissimos iste totam. Magni voluptas cupiditate ducimus et et. Non alias sit quisquam ipsa.','2014-09-07 18:15:30','2020-04-30 16:07:32'),(21,22,'Ut aliquid officiis atque consequuntur expedita.','Accusantium impedit eum iste. Doloremque enim modi nobis vel in necessitatibus cupiditate. Ut et unde et commodi veritatis consequuntur. Quam necessitatibus commodi odit consectetur eius autem.','2016-08-30 03:58:20','2020-04-30 16:07:32'),(22,44,'Et temporibus tenetur ex vero esse atque dolorem debitis.','Consectetur voluptatum distinctio vero. Sint nemo cumque quis provident fuga dolore id. Fugiat reprehenderit est fugit omnis minima nulla. Voluptatem debitis in impedit autem est autem.','2011-06-12 01:30:42','2020-04-30 16:07:32'),(23,54,'Vel accusamus nihil modi consequatur qui consequatur.','Impedit sequi nisi explicabo voluptas. Quae qui itaque modi vel repudiandae. Placeat ut odio velit et iusto laboriosam labore temporibus. Fugit laborum commodi ea. Culpa est sint autem omnis.','2011-03-26 05:18:03','2020-04-30 16:07:32'),(24,38,'Incidunt fugit ipsam itaque.','Provident molestiae atque ut dolor dolorum. Neque consectetur sequi vero veritatis animi. Non sapiente et perferendis sapiente.','2012-06-25 11:03:20','2020-04-30 16:07:32'),(25,28,'Autem optio et voluptas molestiae.','Repellendus aut inventore provident accusamus praesentium deleniti molestias. Illum est itaque deleniti ipsum. Animi sit perferendis ut quo officia aut iure.','2018-10-26 01:29:47','2020-04-30 16:07:32'),(26,23,'Suscipit eveniet voluptates est.','Molestias voluptate reprehenderit necessitatibus inventore nisi deleniti repellat voluptas. Adipisci non amet et voluptatem. Quia omnis aut modi nihil numquam. Est voluptas quo qui blanditiis quibusdam beatae nostrum.','2013-11-25 21:37:10','2020-04-30 16:07:32'),(27,32,'Fugiat adipisci consequatur error officia tempore ea.','Nostrum deleniti nobis earum exercitationem placeat soluta optio. Molestias ut ut assumenda tenetur. Facere culpa quo quisquam deleniti qui sint at architecto.','2013-11-11 15:53:06','2020-04-30 16:07:32'),(28,89,'Qui et ipsam excepturi expedita voluptatem voluptatem.','Officia voluptas excepturi omnis numquam tenetur tempora nemo. Dolores rerum illum architecto expedita et ex. Et ea suscipit ipsum cumque. Perspiciatis rerum eius soluta at eligendi fugiat exercitationem.','2017-09-19 03:52:33','2020-04-30 16:07:32'),(29,48,'Voluptatem sed quas rerum expedita illo.','Dolorem omnis distinctio eius ducimus illo quod eligendi. Rem expedita vel modi unde quo. Nihil exercitationem deleniti doloremque odio veritatis.','2020-02-13 21:27:26','2020-04-30 16:07:32'),(30,72,'Placeat et non non ullam qui nostrum.','Molestiae voluptatem suscipit repellat omnis blanditiis. Ipsa dolor rem omnis qui fuga totam maiores sint. Non possimus dolorem aut ducimus hic dignissimos. Ut vitae consequatur est illum dolor est assumenda. Hic eum ad illo nisi incidunt iste dolor.','2015-07-19 10:57:14','2020-04-30 16:07:32'),(31,17,'Consequatur aliquam ut corporis aut sed.','Eum maiores atque eos ex eaque sed. Sed fugiat adipisci recusandae quae quasi iste. Cupiditate magni provident maiores aut dolores atque molestias. Provident et qui labore ea rerum itaque.','2011-05-01 09:32:48','2020-04-30 16:07:32'),(32,69,'Ut sed enim pariatur omnis culpa nostrum corrupti.','Vel excepturi qui non et. Sed ea ea illum distinctio laudantium id autem. Nisi sit harum rerum iusto optio soluta dolorum. Eaque quis cum illo.','2011-09-12 19:19:18','2020-04-30 16:07:32'),(33,94,'Voluptas alias totam excepturi ullam ipsa laboriosam ex.','Ducimus quod qui fugiat et. Est eos consequatur sequi aut facere hic porro. Sunt quae consequatur cupiditate dolores quasi doloremque. Praesentium ea autem veritatis voluptas. Aut iure est dicta beatae debitis fuga consequatur quis.','2010-07-13 21:48:32','2020-04-30 16:07:32'),(34,63,'Ut nemo nesciunt eum fugiat velit maiores totam ut.','Ut provident ratione aut ullam. Omnis nemo vel consequatur quia. Qui praesentium omnis ipsa alias dolorum. Sed deserunt eligendi reiciendis numquam autem omnis.','2012-02-29 01:51:34','2020-04-30 16:07:32'),(35,31,'Corrupti ipsam expedita nostrum ut praesentium magni.','Debitis unde ut ut iure est perspiciatis. Minus quasi sunt impedit corporis doloribus voluptas. Sequi eos ut sequi omnis quasi et qui.','2016-06-08 15:16:55','2020-04-30 16:07:32'),(36,67,'Ut cupiditate repudiandae voluptate sit expedita.','Ea illo saepe rerum perferendis velit molestiae. Tempora sapiente quaerat accusamus voluptate. Ex expedita non reprehenderit nisi veritatis voluptatem nemo.','2016-07-28 05:46:47','2020-04-30 16:07:32'),(37,40,'Totam occaecati iste inventore commodi.','Distinctio omnis deleniti eum aut nihil nisi veniam. Assumenda harum officia natus nisi. Non suscipit accusantium veniam ratione exercitationem fugiat. Sit illo ipsam adipisci eligendi dolore voluptas.','2018-08-09 12:17:56','2020-04-30 16:07:32'),(38,100,'Doloribus quibusdam itaque rem officiis.','Eligendi quis fuga quis. Esse cupiditate et illum sed nisi ipsam. Eum qui repudiandae aut. Sequi soluta qui officiis facilis enim cum iste porro.','2019-06-02 19:33:58','2020-04-30 16:07:32'),(39,80,'Rerum quae reiciendis id voluptate vel voluptatum consequatur id.','Sapiente beatae modi debitis explicabo iste. Repudiandae temporibus quibusdam expedita delectus velit. Et quo illum velit dolorem sit.','2019-01-08 13:17:28','2020-04-30 16:07:32'),(40,97,'Recusandae praesentium vel tenetur id aliquid.','Ducimus debitis dolorem est nostrum assumenda accusantium odit. Est alias dolorem sapiente natus omnis eveniet qui tempora. Tempora possimus facilis quo eum voluptatem. Iusto voluptatem alias qui quia modi expedita corporis.','2010-11-10 12:30:55','2020-04-30 16:07:32'),(41,45,'Ducimus eum provident natus perspiciatis quisquam deserunt.','Praesentium error ad commodi deleniti. Quidem saepe minima non qui sit voluptatem excepturi. Alias autem eum perferendis quisquam.','2019-03-24 06:18:07','2020-04-30 16:07:32'),(42,34,'Eveniet unde magnam nemo saepe perferendis odio placeat.','Aut voluptas praesentium laborum aperiam aperiam. At consectetur ab consequuntur corrupti. Sit sed corrupti tenetur modi facilis. Officiis architecto laborum omnis quos ut.','2011-02-07 03:10:39','2020-04-30 16:07:32'),(43,37,'Enim natus corrupti non vero repellendus iste.','Tempore qui architecto voluptas repellendus accusamus sint dolorum. Nihil quibusdam repellendus et quisquam sit aut quidem. Dolorem officiis debitis laboriosam praesentium qui dolores. Voluptatibus et aperiam molestiae dignissimos nulla.','2020-03-20 16:27:15','2020-04-30 16:07:32'),(44,79,'Nihil et perspiciatis non officiis.','Beatae odio incidunt facilis itaque molestiae et possimus nesciunt. Atque perspiciatis dolor qui officia et impedit aut. Minima voluptatum rerum maiores est facere. Explicabo rerum culpa quia mollitia quia veniam officia.','2011-02-26 08:26:46','2020-04-30 16:07:32'),(45,84,'Porro sint sunt et laborum.','Libero et praesentium nostrum dolor. Quo perspiciatis natus dolorum totam exercitationem laboriosam tempora. Perspiciatis architecto consequuntur ex nobis est consequatur.','2013-07-27 18:44:56','2020-04-30 16:07:32'),(46,84,'Rerum perspiciatis omnis repellat temporibus qui aliquam adipisci.','Esse ab molestiae consequatur sapiente sed. Fugiat rerum magnam omnis dolor quasi. Quaerat fugiat deserunt dolor ut placeat dolor. Corporis aliquid mollitia et pariatur quibusdam.','2014-08-19 23:56:07','2020-04-30 16:07:32'),(47,65,'Temporibus enim eius ut dolor earum sit.','Officiis laboriosam earum velit debitis quia. Consequatur vel molestiae iusto esse provident. Expedita nulla eos est neque. Repellat id quas consequatur quis. Atque aut excepturi quis et aspernatur commodi non.','2011-01-09 21:06:47','2020-04-30 16:07:32'),(48,74,'Occaecati id soluta maxime consectetur esse excepturi deleniti.','Inventore molestiae impedit tenetur qui. Tempore velit consectetur praesentium impedit. Voluptatibus enim quia asperiores qui atque laboriosam.','2015-07-22 16:40:13','2020-04-30 16:07:32'),(49,72,'Suscipit placeat recusandae similique dolores nihil beatae sunt.','Commodi voluptatem sint nobis. Hic facere deleniti sit repellendus. Quibusdam magni mollitia dicta sit autem optio laboriosam quas. Earum ut alias ipsa totam incidunt. Sint cumque dolores eveniet ad.','2017-08-19 14:10:36','2020-04-30 16:07:32'),(50,41,'Quibusdam recusandae fuga voluptatibus impedit qui.','Quia ad ut inventore est eum est numquam. Sapiente sed at natus odio qui. Maiores quia ea voluptatem impedit sit officiis.','2016-08-04 09:30:01','2020-04-30 16:07:32'),(51,88,'Excepturi unde autem hic est.','Iusto ipsa et sit minima corporis rerum. Aut nihil praesentium quaerat tempora dicta. Ipsam eum libero cum accusamus nemo voluptatibus. Non repellendus consequatur maxime optio.','2011-09-07 10:08:08','2020-04-30 16:07:32'),(52,16,'Quae et cumque possimus nisi voluptas voluptatem vero.','Atque aut voluptatem qui tempora minima. Est inventore non sit doloribus adipisci assumenda voluptatem. Consequatur explicabo est aspernatur. Eum saepe suscipit nostrum laborum.','2012-06-17 02:37:08','2020-04-30 16:07:32'),(53,14,'Ad iusto minima doloribus placeat dolor aut voluptatem voluptates.','Sit qui consectetur perferendis modi magnam. Fuga ea consequatur dolores tenetur distinctio dolorum quibusdam.','2011-11-27 22:26:51','2020-04-30 16:07:32'),(54,24,'Quo repellat autem blanditiis est repudiandae aut.','Beatae quasi esse architecto quis sit distinctio repellendus ipsa. Libero eligendi quisquam dolor molestiae. Autem magnam assumenda sapiente. Culpa quidem dolor qui aliquid aperiam blanditiis soluta.','2016-03-15 04:29:49','2020-04-30 16:07:32'),(55,78,'Debitis omnis non illo illo voluptates non.','Adipisci quaerat expedita velit aut aliquid. Possimus non adipisci adipisci inventore illum ut distinctio. Nisi laborum qui fugit non excepturi.','2016-03-23 21:28:17','2020-04-30 16:07:32'),(56,15,'Accusantium sequi earum deserunt voluptatum ut.','Dolorum repellendus aliquid distinctio. Debitis libero enim corporis quas. Sit corrupti dolor quidem distinctio. Nisi deleniti voluptas quidem ut ut.','2018-09-22 00:18:23','2020-04-30 16:07:32'),(57,40,'Ipsum eum fuga error eos dolores.','Doloribus praesentium autem dicta doloribus quis fugit. Nam mollitia corporis velit cumque. Nobis omnis est vel velit commodi assumenda quos.','2015-12-18 09:48:32','2020-04-30 16:07:32'),(58,57,'Sit et sit pariatur est deleniti explicabo.','Aliquid ipsa iusto deleniti. Velit labore minus quaerat fuga autem sed totam. Quia asperiores aliquam soluta architecto sunt id. Praesentium et dolores ut incidunt doloremque.','2010-07-29 23:04:00','2020-04-30 16:07:32'),(59,63,'Et dolor blanditiis maiores impedit.','Harum dolorem omnis ea ut fuga accusamus quia. Commodi ipsum dicta ratione beatae velit qui. Natus eos dolorum omnis accusantium et mollitia. Sit qui a quia aut.','2010-08-16 04:53:02','2020-04-30 16:07:32'),(60,45,'Enim minus totam magni blanditiis quidem.','Aut molestiae perferendis dolore doloribus aut qui cum nulla. Culpa quia quod iusto sed. Et voluptatum animi fugit corporis sint non. Reprehenderit nulla culpa non sequi expedita vitae numquam.','2016-04-22 06:16:19','2020-04-30 16:07:32'),(61,34,'Assumenda sit ut voluptates odit voluptas eaque officia.','Deserunt a perferendis enim dolore nostrum. Perspiciatis nulla aperiam omnis cupiditate in tempore. Amet iure quo velit ut dignissimos doloribus sunt.','2017-06-05 23:50:02','2020-04-30 16:07:32'),(62,36,'Voluptas fugit itaque sit dolorum distinctio ea.','Voluptas minus est saepe et et ut. Ullam cum recusandae eaque praesentium. Molestiae ratione quae id nulla laboriosam. Nulla veniam ad veritatis est enim esse labore facere.','2012-06-19 02:44:15','2020-04-30 16:07:32'),(63,75,'Consequatur nulla ratione voluptatem maxime enim in quos.','Voluptatem velit quia doloremque aut aut. Laboriosam modi animi unde dicta corporis fugiat blanditiis.','2017-11-22 05:17:21','2020-04-30 16:07:32'),(64,66,'Velit molestiae voluptatem mollitia enim iure quisquam magni.','Iste optio rerum laboriosam. Qui aliquam laboriosam nulla doloremque necessitatibus ad quasi. Quae expedita voluptatem quidem corporis.','2010-10-01 17:49:18','2020-04-30 16:07:32'),(65,8,'Commodi eos libero optio quis.','Sed rerum voluptatem at harum a. Delectus rem occaecati quis soluta harum ullam.','2011-09-29 08:38:53','2020-04-30 16:07:32'),(66,39,'Autem quia enim laborum temporibus voluptas consequuntur.','Ad natus nihil atque sed est. Impedit quis sed reiciendis vitae est dolores. Et magnam voluptatem tenetur nulla labore dolor esse. Beatae optio id harum vel vel. Ab sapiente quas molestias ad magni.','2020-01-25 15:49:31','2020-04-30 16:07:32'),(67,73,'Quasi quidem non nulla quae itaque eum iusto.','Officiis culpa reprehenderit hic architecto. Cumque quam velit qui consequuntur ut. Ea ea non qui perferendis sapiente nulla numquam exercitationem. Voluptas magni quia dolor sapiente explicabo. Iure corporis soluta voluptate saepe deleniti cupiditate pariatur nihil.','2014-05-05 15:42:15','2020-04-30 16:07:32'),(68,45,'Aut corrupti accusamus autem consectetur illum animi.','Animi nihil qui impedit accusamus sunt. Ea consequatur asperiores quis. Iusto quibusdam sit minus commodi ullam omnis maxime aliquid.','2012-08-25 16:25:39','2020-04-30 16:07:32'),(69,5,'Perferendis reiciendis praesentium modi.','Dignissimos velit debitis doloribus in. Dolorem numquam necessitatibus deleniti sequi doloribus vel et. Ipsam culpa dicta sapiente. Unde quae alias dolorum eligendi reiciendis repudiandae sed.','2016-09-20 19:21:19','2020-04-30 16:07:32'),(70,89,'Ipsa ea occaecati odio ut voluptas nostrum.','Fugit odit vero consequuntur magni quis molestias. Enim tempore sapiente nam et. Fuga enim molestias ea eaque repellendus vero molestias. Ipsa voluptatibus accusamus est eius architecto.','2012-07-27 12:57:35','2020-04-30 16:07:32'),(71,28,'Ipsa nemo incidunt dolores quia optio laborum architecto.','Laborum magnam impedit optio vero et. Hic architecto magni voluptatibus rerum asperiores. Non molestiae rerum dolores.','2013-06-16 11:51:47','2020-04-30 16:07:32'),(72,76,'Est alias totam voluptatibus iusto qui voluptatem sequi.','Quia dolore error velit at. Facere qui similique voluptatibus repudiandae quae ex. Aliquam quos laborum praesentium laborum ex animi.','2015-10-26 21:18:16','2020-04-30 16:07:32'),(73,95,'Dolor laboriosam voluptatibus quos consequuntur officia.','Perspiciatis excepturi ad voluptatem aut assumenda. Laborum est dolorem occaecati distinctio veritatis aspernatur vitae impedit. Et vero facilis ea facilis omnis officiis ipsam.','2013-10-03 22:39:07','2020-04-30 16:07:32'),(74,48,'Enim numquam delectus incidunt doloremque expedita.','Cupiditate qui animi repudiandae ipsum quae. Dolore vel repudiandae consequatur debitis. Accusantium ex dignissimos error nihil quia officiis aliquid.','2017-11-07 03:27:01','2020-04-30 16:07:32'),(75,54,'Ab doloremque libero illo cumque.','Magni eveniet totam sint tenetur sapiente nobis necessitatibus. Velit labore laudantium et. Maxime et magni aut itaque.','2010-10-21 12:31:27','2020-04-30 16:07:32'),(76,23,'Ab cumque velit et voluptates praesentium officia facilis.','Aut sint unde aut. Provident nam accusantium corporis nisi rem nisi. Facere qui quos sed sint ut quis animi.','2013-05-18 04:10:56','2020-04-30 16:07:32'),(77,56,'Rem dolorum et maxime magni perspiciatis dolorem et.','Quos aliquam ea possimus et et impedit est. Animi sed vero rerum maxime quas alias architecto dolor. Voluptatem quos velit non ipsam unde iste quo. Saepe amet ducimus sequi quo facilis.','2014-09-22 15:00:37','2020-04-30 16:07:32'),(78,8,'Odio dolores soluta labore est ab nihil.','Tenetur voluptas deleniti rerum aut. Et aut voluptas aliquam. Quo voluptatibus deleniti mollitia sunt unde. Repellendus qui est aut est dolor.','2012-11-03 02:28:55','2020-04-30 16:07:32'),(79,73,'Vel voluptate autem beatae quibusdam qui.','Autem ea animi ut aliquam asperiores tempora aliquid. Molestiae in ut minus omnis maiores earum. Saepe aliquid veritatis est sed velit quas qui commodi.','2018-10-29 09:00:49','2020-04-30 16:07:32'),(80,42,'Maiores voluptatum non totam sit repellat ut occaecati.','Dignissimos quam doloremque quaerat. Maiores numquam optio deleniti mollitia. Aliquid vero quia quidem pariatur modi ea.','2011-10-31 08:41:58','2020-04-30 16:07:32'),(81,88,'Voluptas repellat aliquid vel.','Dolorem id molestias ut deleniti reprehenderit cumque est. Repellendus qui saepe est accusantium ex ipsum error. Modi molestias expedita et sunt velit quasi et.','2019-08-28 13:47:23','2020-04-30 16:07:32'),(82,13,'Corporis facere culpa et consectetur ut.','Accusamus nemo dolores ea nostrum suscipit qui pariatur in. Tenetur consequatur quia praesentium in. Ipsam molestiae odit rerum perspiciatis aliquid doloremque.','2017-09-30 15:01:37','2020-04-30 16:07:32'),(83,1,'Quasi qui consequuntur sit optio eos velit.','Aut assumenda est id doloremque. Vero error dolorem expedita est. Explicabo aut non labore quisquam.','2017-05-06 04:51:42','2020-04-30 16:07:32'),(84,65,'Ab id delectus officia accusantium optio.','Ipsa delectus nostrum suscipit aliquid voluptas et sed. Velit dolor fuga laborum.','2011-11-23 23:42:05','2020-04-30 16:07:32'),(85,22,'Reiciendis magni magnam quod animi rerum consequatur.','Nam repudiandae aliquam quisquam provident accusantium excepturi. Incidunt et assumenda vel vel ea. Dolore similique ullam ipsa aut quidem et quibusdam.','2017-03-20 06:45:21','2020-04-30 16:07:32'),(86,16,'Nihil quo eligendi vero.','Architecto sint dolorem aut alias suscipit. Assumenda unde autem quis doloremque esse reiciendis aliquam. Omnis recusandae est incidunt repellendus molestiae deleniti.','2013-06-08 12:16:42','2020-04-30 16:07:32'),(87,14,'Quis perspiciatis omnis consequatur consequatur numquam itaque.','Exercitationem cum dicta nesciunt. Ea enim harum nesciunt omnis est voluptatibus soluta. Qui sit velit totam repellat provident.','2016-09-29 09:05:44','2020-04-30 16:07:32'),(88,23,'Autem recusandae veritatis illo beatae sed officiis voluptatem.','Quo quia quibusdam dolore. Atque molestias corporis est illo rerum sint.','2017-12-19 21:08:16','2020-04-30 16:07:32'),(89,69,'Dolores quaerat iure ipsum ducimus repellat error.','Magni necessitatibus temporibus aut eum voluptatem fugit. Harum dicta enim impedit commodi enim nihil molestiae fugit. Minima dolor rerum quis eaque.','2013-04-24 19:22:15','2020-04-30 16:07:32'),(90,75,'Blanditiis non sit et voluptas necessitatibus reiciendis autem.','Nihil facere vitae hic est rerum est. Dolorem sunt et sed et magnam quo. Dolore natus eum quas fuga.','2017-06-24 14:41:14','2020-04-30 16:07:32'),(91,69,'Atque laudantium velit modi et vel ea qui maiores.','Aut dolore maiores atque eius. Culpa dolor deleniti unde suscipit ducimus voluptas. Voluptatem repellendus amet est labore voluptatem asperiores magni id. Necessitatibus excepturi architecto repudiandae amet consequatur.','2010-09-23 04:41:23','2020-04-30 16:07:32'),(92,20,'Odit quia est id recusandae error quo eum.','Eum cum illo delectus in. Et qui nam et nulla pariatur. Qui facilis quo consequatur aperiam at velit et.','2015-08-13 20:39:14','2020-04-30 16:07:32'),(93,90,'A iusto autem reprehenderit et.','Quod accusamus recusandae dolor dolorem iure at. Minima vel perferendis vel similique ut sequi distinctio et. Ut sunt aliquid magni laboriosam eligendi. Unde est aut possimus dolor vel sit. Dicta molestiae possimus dolorum odio distinctio natus minima.','2014-06-26 05:14:29','2020-04-30 16:07:32'),(94,92,'Suscipit est magni voluptatem velit velit.','Quia et corporis aperiam occaecati. Laudantium delectus facilis quod natus iste. Rerum esse magni ex minima incidunt autem voluptatum voluptas.','2016-11-12 21:29:15','2020-04-30 16:07:32'),(95,91,'Esse ut non aliquid occaecati ut nostrum.','Asperiores provident illo labore illum. Aperiam aliquam molestias dolorem qui et. Voluptas qui quis similique velit reprehenderit qui.','2011-11-29 03:49:50','2020-04-30 16:07:32'),(96,75,'Sunt sunt nesciunt voluptas modi tempore.','Distinctio aut odio et nihil. Officia corrupti sit quia ab ut tenetur consequatur. Nesciunt tempora sit ipsum harum provident excepturi ipsam.','2012-06-02 16:05:02','2020-04-30 16:07:32'),(97,3,'Qui at consequuntur id est assumenda quibusdam et.','Sit fugiat est odio id nobis quisquam quis minus. Asperiores qui sit quo. Doloremque velit voluptatem voluptas architecto ipsam.','2018-09-18 21:42:25','2020-04-30 16:07:32'),(98,89,'Voluptas quo ab sed est quisquam autem in provident.','Suscipit nihil vel et animi velit delectus sequi veniam. Dolor dolorem ullam modi omnis facere voluptatem quo. Enim fuga aut animi voluptates dolorum recusandae. Necessitatibus dicta amet libero et.','2010-04-19 12:13:11','2020-04-30 16:07:32'),(99,37,'Nesciunt ut omnis sequi adipisci sunt.','Omnis necessitatibus autem reiciendis sint neque quam. Molestiae illum minus dolorum voluptatem accusantium. Laudantium quas vitae inventore dolor minus vero. Architecto iste esse exercitationem autem.','2020-02-06 18:17:14','2020-04-30 16:07:32'),(100,16,'Cupiditate aperiam aut molestiae optio nulla.','Ea consequatur voluptatem maiores cupiditate. Minima sunt qui a aut delectus quis est nisi. Earum quo sunt dolores ipsum quod. Facere repudiandae debitis ut dolor est.','2013-09-27 23:00:26','2020-04-30 16:07:32');
/*!40000 ALTER TABLE `reviews` ENABLE KEYS */;
UNLOCK TABLES;

--
-- Table structure for table `storehouses`
--

DROP TABLE IF EXISTS `storehouses`;
/*!40101 SET @saved_cs_client     = @@character_set_client */;
/*!50503 SET character_set_client = utf8mb4 */;
CREATE TABLE `storehouses` (
  `id` int unsigned NOT NULL AUTO_INCREMENT,
  `name` varchar(255) NOT NULL,
  `created_at` datetime DEFAULT CURRENT_TIMESTAMP,
  `updated_at` datetime DEFAULT CURRENT_TIMESTAMP ON UPDATE CURRENT_TIMESTAMP,
  PRIMARY KEY (`id`),
  KEY `storehouses_id_name_idx` (`id`,`name`)
) ENGINE=InnoDB AUTO_INCREMENT=31 DEFAULT CHARSET=utf8mb4 COLLATE=utf8mb4_0900_ai_ci COMMENT='Склады';
/*!40101 SET character_set_client = @saved_cs_client */;

--
-- Dumping data for table `storehouses`
--

LOCK TABLES `storehouses` WRITE;
/*!40000 ALTER TABLE `storehouses` DISABLE KEYS */;
INSERT INTO `storehouses` VALUES (1,'voluptatem','2014-12-18 20:20:46','2015-04-18 11:05:25'),(2,'minima','2014-01-19 16:45:04','2014-08-19 04:08:55'),(3,'eaque','2018-12-17 04:08:15','2020-04-30 16:07:32'),(4,'omnis','2015-12-21 03:14:10','2016-11-21 05:01:11'),(5,'voluptatem','2015-05-16 06:48:03','2019-05-17 15:53:50'),(6,'sint','2017-06-25 22:52:42','2020-04-30 16:07:32'),(7,'nemo','2013-05-20 07:45:07','2014-05-17 19:22:45'),(8,'molestiae','2018-01-05 12:01:10','2020-04-30 16:07:32'),(9,'voluptatem','2018-07-27 20:56:02','2020-04-30 16:07:32'),(10,'rem','2016-07-25 12:39:12','2020-04-30 16:07:32'),(11,'ratione','2017-02-01 19:22:16','2018-07-20 05:19:49'),(12,'consequatur','2020-01-03 21:50:34','2020-04-30 16:07:32'),(13,'expedita','2016-09-22 22:09:15','2020-04-30 16:07:32'),(14,'et','2017-01-11 20:06:07','2020-04-30 16:07:32'),(15,'consectetur','2016-06-08 01:20:44','2020-04-30 16:07:32'),(16,'at','2013-05-01 10:30:14','2019-08-17 23:33:50'),(17,'ad','2018-02-13 11:14:25','2019-06-19 16:06:38'),(18,'quibusdam','2012-05-25 01:01:47','2014-06-28 09:20:08'),(19,'et','2017-04-15 22:07:23','2020-04-30 16:07:32'),(20,'cumque','2016-11-14 17:46:45','2020-04-30 16:07:32'),(21,'voluptas','2011-06-29 11:09:34','2020-04-30 16:07:32'),(22,'fugiat','2014-04-15 20:16:08','2018-01-15 09:25:44'),(23,'dolores','2018-01-19 09:00:52','2020-04-30 16:07:32'),(24,'eos','2012-03-21 01:32:28','2020-04-30 16:07:32'),(25,'corrupti','2018-05-18 08:47:17','2020-04-30 16:07:32'),(26,'doloremque','2018-04-21 14:41:42','2020-04-30 16:07:32'),(27,'impedit','2015-12-01 23:29:22','2017-12-21 10:07:30'),(28,'occaecati','2019-09-15 13:25:04','2020-04-30 16:07:32'),(29,'rerum','2015-10-04 05:18:26','2020-04-30 16:07:32'),(30,'et','2012-02-20 16:28:32','2016-02-02 11:30:31');
/*!40000 ALTER TABLE `storehouses` ENABLE KEYS */;
UNLOCK TABLES;

--
-- Table structure for table `storehouses_products`
--

DROP TABLE IF EXISTS `storehouses_products`;
/*!40101 SET @saved_cs_client     = @@character_set_client */;
/*!50503 SET character_set_client = utf8mb4 */;
CREATE TABLE `storehouses_products` (
  `storehouse_id` int unsigned NOT NULL,
  `product_id` int unsigned NOT NULL,
  `value` smallint unsigned NOT NULL,
  `created_at` datetime DEFAULT CURRENT_TIMESTAMP,
  `updated_at` datetime DEFAULT CURRENT_TIMESTAMP ON UPDATE CURRENT_TIMESTAMP,
  PRIMARY KEY (`product_id`),
  KEY `storehouses_products_storehouse_id_product_id_value_idx` (`storehouse_id`,`product_id`,`value`),
  CONSTRAINT `storehouses_products_product_id_fk` FOREIGN KEY (`product_id`) REFERENCES `products` (`id`) ON DELETE CASCADE,
  CONSTRAINT `storehouses_products_storehouse_id_fk` FOREIGN KEY (`storehouse_id`) REFERENCES `storehouses` (`id`) ON DELETE CASCADE
) ENGINE=InnoDB DEFAULT CHARSET=utf8mb4 COLLATE=utf8mb4_0900_ai_ci COMMENT='Количество товаров';
/*!40101 SET character_set_client = @saved_cs_client */;

--
-- Dumping data for table `storehouses_products`
--

LOCK TABLES `storehouses_products` WRITE;
/*!40000 ALTER TABLE `storehouses_products` DISABLE KEYS */;
INSERT INTO `storehouses_products` VALUES (17,1,868,'2017-11-08 04:51:14','2020-04-30 16:07:32'),(15,2,820,'2015-02-15 13:46:42','2020-04-30 16:07:32'),(25,3,495,'2012-07-24 20:24:26','2020-04-30 16:07:32'),(18,4,954,'2017-10-24 15:03:59','2020-04-30 16:07:32'),(15,5,346,'2018-01-06 02:50:36','2020-04-30 16:07:32'),(21,6,779,'2017-11-22 14:25:05','2020-04-30 16:07:32'),(29,7,884,'2018-09-16 17:21:35','2020-04-30 16:07:32'),(23,8,112,'2010-07-22 12:31:24','2020-04-30 16:07:32'),(25,9,793,'2019-10-27 16:49:23','2020-04-30 16:07:32'),(25,10,686,'2011-12-22 10:47:24','2020-04-30 16:07:32'),(19,11,49,'2011-05-21 15:10:49','2020-04-30 16:07:32'),(21,12,101,'2014-08-02 06:00:33','2020-04-30 16:07:32'),(19,13,327,'2018-05-05 11:12:16','2020-04-30 16:07:32'),(1,14,332,'2015-06-03 05:55:08','2020-04-30 16:07:32'),(7,15,651,'2013-09-20 06:11:12','2020-04-30 16:07:32'),(30,16,287,'2010-08-01 02:39:08','2020-04-30 16:07:32'),(10,17,423,'2017-01-14 09:15:27','2020-04-30 16:07:32'),(20,18,255,'2018-08-18 06:23:13','2020-04-30 16:07:32'),(10,19,946,'2016-01-08 17:20:42','2020-04-30 16:07:32'),(18,20,51,'2020-01-24 13:43:28','2020-04-30 16:07:32'),(30,21,301,'2012-11-01 09:15:09','2020-04-30 16:07:32'),(4,22,352,'2017-08-04 04:03:47','2020-04-30 16:07:32'),(21,23,828,'2011-05-21 03:48:03','2020-04-30 16:07:32'),(4,24,142,'2014-03-18 16:46:48','2020-04-30 16:07:32'),(16,25,138,'2018-05-19 00:05:32','2020-04-30 16:07:32'),(6,26,236,'2019-01-05 15:46:39','2020-04-30 16:07:32'),(13,27,737,'2016-02-06 06:04:13','2020-04-30 16:07:32'),(15,28,34,'2017-01-27 16:11:37','2020-04-30 16:07:32'),(6,29,842,'2015-11-18 19:22:53','2020-04-30 16:07:32'),(15,30,195,'2019-06-26 19:23:45','2020-04-30 16:07:32'),(27,31,363,'2012-01-03 07:35:31','2020-04-30 16:07:32'),(29,32,228,'2016-03-11 06:55:06','2020-04-30 16:07:32'),(2,33,993,'2013-10-02 00:42:45','2020-04-30 16:07:32'),(13,34,367,'2011-04-21 10:18:01','2020-04-30 16:07:32'),(30,35,770,'2013-01-12 08:16:30','2020-04-30 16:07:32'),(21,36,775,'2012-05-11 04:08:49','2020-04-30 16:07:32'),(11,37,568,'2015-07-23 03:33:36','2020-04-30 16:07:32'),(25,38,482,'2010-09-26 07:41:14','2020-04-30 16:07:32'),(2,39,678,'2012-01-12 15:27:31','2020-04-30 16:07:32'),(22,40,943,'2011-03-17 04:11:53','2020-04-30 16:07:32'),(16,41,709,'2015-08-29 11:37:12','2020-04-30 16:07:32'),(12,42,685,'2015-03-23 17:08:45','2020-04-30 16:07:32'),(11,43,299,'2015-05-17 22:18:10','2020-04-30 16:07:32'),(21,44,382,'2012-08-19 19:50:25','2020-04-30 16:07:32'),(8,45,982,'2018-05-12 18:13:01','2020-04-30 16:07:32'),(10,46,822,'2015-12-06 19:07:57','2020-04-30 16:07:32'),(23,47,165,'2019-03-30 09:01:55','2020-04-30 16:07:32'),(25,48,269,'2012-09-23 11:52:44','2020-04-30 16:07:32'),(24,49,823,'2017-01-19 20:20:08','2020-04-30 16:07:32'),(15,50,365,'2011-09-19 11:00:22','2020-04-30 16:07:32'),(2,51,295,'2010-07-02 19:16:23','2020-04-30 16:07:32'),(25,52,353,'2013-12-16 01:34:48','2020-04-30 16:07:32'),(29,53,849,'2018-01-29 15:14:37','2020-04-30 16:07:32'),(7,54,242,'2011-08-21 20:51:57','2020-04-30 16:07:32'),(11,55,577,'2013-07-30 10:15:16','2020-04-30 16:07:32'),(2,56,186,'2018-11-05 22:39:04','2020-04-30 16:07:32'),(6,57,141,'2011-12-27 10:05:53','2020-04-30 16:07:32'),(26,58,116,'2016-08-24 20:18:53','2020-04-30 16:07:32'),(19,59,129,'2010-05-29 05:01:13','2020-04-30 16:07:32'),(15,60,268,'2012-02-06 00:47:24','2020-04-30 16:07:32'),(21,61,923,'2015-08-18 02:45:20','2020-04-30 16:07:32'),(29,62,867,'2011-03-15 06:56:30','2020-04-30 16:07:32'),(20,63,568,'2015-09-24 14:40:59','2020-04-30 16:07:32'),(13,64,211,'2012-05-16 15:31:18','2020-04-30 16:07:32'),(4,65,289,'2011-08-20 18:21:17','2020-04-30 16:07:32'),(12,66,785,'2013-01-08 02:56:43','2020-04-30 16:07:32'),(15,67,114,'2010-07-25 15:35:25','2020-04-30 16:07:32'),(8,68,127,'2018-02-10 07:46:05','2020-04-30 16:07:32'),(27,69,262,'2014-07-21 05:08:25','2020-04-30 16:07:32'),(19,70,902,'2014-01-23 08:34:25','2020-04-30 16:07:32'),(14,71,782,'2013-06-02 06:57:08','2020-04-30 16:07:32'),(12,72,205,'2020-04-01 17:13:49','2020-04-30 16:07:32'),(17,73,589,'2018-03-03 16:55:31','2020-04-30 16:07:32'),(19,74,358,'2015-11-21 05:26:11','2020-04-30 16:07:32'),(12,75,967,'2010-05-16 21:44:33','2020-04-30 16:07:32'),(4,76,818,'2010-09-14 10:03:00','2020-04-30 16:07:32'),(11,77,187,'2012-03-15 19:12:41','2020-04-30 16:07:32'),(15,78,393,'2019-06-01 02:25:23','2020-04-30 16:07:32'),(9,79,406,'2014-05-09 01:51:37','2020-04-30 16:07:32'),(1,80,822,'2011-07-01 22:26:01','2020-04-30 16:07:32'),(8,81,921,'2012-10-28 11:05:03','2020-04-30 16:07:32'),(6,82,166,'2012-02-16 07:55:13','2020-04-30 16:07:32'),(4,83,950,'2013-11-02 12:44:56','2020-04-30 16:07:32'),(4,84,338,'2011-04-17 03:14:21','2020-04-30 16:07:32'),(7,85,754,'2016-07-04 11:28:23','2020-04-30 16:07:32'),(23,86,782,'2015-03-21 11:27:59','2020-04-30 16:07:32'),(4,87,648,'2019-02-16 14:21:40','2020-04-30 16:07:32'),(10,88,866,'2019-04-13 12:33:57','2020-04-30 16:07:32'),(6,89,412,'2018-11-29 13:12:29','2020-04-30 16:07:32'),(29,90,405,'2010-06-28 18:41:21','2020-04-30 16:07:32'),(8,91,759,'2013-01-15 08:24:30','2020-04-30 16:07:32'),(10,92,607,'2019-05-17 18:48:53','2020-04-30 16:07:32'),(29,93,728,'2017-06-15 22:41:10','2020-04-30 16:07:32'),(21,94,820,'2019-01-20 22:29:01','2020-04-30 16:07:32'),(21,95,915,'2013-03-28 15:59:51','2020-04-30 16:07:32'),(11,96,144,'2010-07-01 22:35:19','2020-04-30 16:07:32'),(19,97,857,'2018-07-20 04:56:44','2020-04-30 16:07:32'),(3,98,911,'2014-05-23 02:25:02','2020-04-30 16:07:32'),(17,99,986,'2014-08-18 23:14:21','2020-04-30 16:07:32'),(16,100,223,'2017-10-16 10:51:29','2020-04-30 16:07:32');
/*!40000 ALTER TABLE `storehouses_products` ENABLE KEYS */;
UNLOCK TABLES;

--
-- Temporary view structure for view `storehouses_products_analysis`
--

DROP TABLE IF EXISTS `storehouses_products_analysis`;
/*!50001 DROP VIEW IF EXISTS `storehouses_products_analysis`*/;
SET @saved_cs_client     = @@character_set_client;
/*!50503 SET character_set_client = utf8mb4 */;
/*!50001 CREATE VIEW `storehouses_products_analysis` AS SELECT 
 1 AS `storehouse_id`,
 1 AS `name`,
 1 AS `value`,
 1 AS `total_amount`,
 1 AS `average`,
 1 AS `%`,
 1 AS `%%`*/;
SET character_set_client = @saved_cs_client;

--
-- Table structure for table `user_addresses`
--

DROP TABLE IF EXISTS `user_addresses`;
/*!40101 SET @saved_cs_client     = @@character_set_client */;
/*!50503 SET character_set_client = utf8mb4 */;
CREATE TABLE `user_addresses` (
  `id` int unsigned NOT NULL AUTO_INCREMENT,
  `user_id` int unsigned NOT NULL,
  `region` varchar(50) DEFAULT NULL,
  `city` varchar(50) DEFAULT NULL,
  `street` varchar(50) DEFAULT NULL,
  `house_num` varchar(3) DEFAULT NULL,
  `apart_num` varchar(4) DEFAULT NULL,
  `mail_index` int DEFAULT NULL,
  `created_at` datetime DEFAULT CURRENT_TIMESTAMP,
  `updated_at` datetime DEFAULT CURRENT_TIMESTAMP ON UPDATE CURRENT_TIMESTAMP,
  PRIMARY KEY (`id`),
  KEY `user_addresses_user_id_fk` (`user_id`),
  CONSTRAINT `user_addresses_user_id_fk` FOREIGN KEY (`user_id`) REFERENCES `users` (`id`) ON DELETE CASCADE
) ENGINE=InnoDB AUTO_INCREMENT=101 DEFAULT CHARSET=utf8mb4 COLLATE=utf8mb4_0900_ai_ci COMMENT='Адреса';
/*!40101 SET character_set_client = @saved_cs_client */;

--
-- Dumping data for table `user_addresses`
--

LOCK TABLES `user_addresses` WRITE;
/*!40000 ALTER TABLE `user_addresses` DISABLE KEYS */;
INSERT INTO `user_addresses` VALUES (1,56,'SouthDakota','Lake Fosterfort','Gunnar Key','38','10',979697,'2011-11-21 07:12:13','2020-04-30 16:07:32'),(2,14,'Colorado','South Jamesonhaven','Ziemann Lock','48','10',551004,'2019-01-11 21:42:40','2020-04-30 16:07:32'),(3,99,'Indiana','South Elnora','Marks Spur','27','18',593704,'2016-08-05 14:15:45','2020-04-30 16:07:32'),(4,52,'Nevada','Lake Brianne','Murray Manors','91','60',315511,'2018-10-21 01:45:42','2020-04-30 16:07:32'),(5,61,'California','Corwinmouth','Wayne Fields','73','45',574220,'2014-04-14 08:56:10','2020-04-30 16:07:32'),(6,52,'Iowa','East Stephanie','Josephine Causeway','90','45',924568,'2012-12-12 15:38:38','2020-04-30 16:07:32'),(7,76,'Maryland','Port George','Akeem Trafficway','30','90',122407,'2019-04-12 16:24:29','2020-04-30 16:07:32'),(8,21,'Ohio','West Reystad','Reilly Road','78','15',393882,'2016-06-16 10:55:16','2020-04-30 16:07:32'),(9,77,'California','Giovannifurt','Schumm Trail','3','2',602192,'2011-09-05 15:39:07','2020-04-30 16:07:32'),(10,23,'Oklahoma','Fritschhaven','King Island','79','68',829314,'2015-10-31 13:00:41','2020-04-30 16:07:32'),(11,83,'Virginia','West Vilmahaven','Josiane Mall','86','31',451109,'2010-09-25 20:59:46','2020-04-30 16:07:32'),(12,47,'Georgia','Robelshire','Herbert Via','93','51',545382,'2017-11-17 09:04:44','2020-04-30 16:07:32'),(13,85,'Nebraska','Lake Bobbiechester','Jordyn Pass','4','61',373584,'2012-04-24 10:28:10','2020-04-30 16:07:32'),(14,84,'Vermont','Port Emmittmouth','Upton Locks','43','50',120664,'2017-06-20 08:05:22','2020-04-30 16:07:32'),(15,64,'NewMexico','Blockburgh','Mollie Burgs','4','68',260343,'2017-07-31 00:49:15','2020-04-30 16:07:32'),(16,68,'Arkansas','West Soniaview','Wisozk Roads','88','88',828613,'2011-07-11 17:37:04','2020-04-30 16:07:32'),(17,47,'Wyoming','Wyattside','Shyanne Cove','28','36',584260,'2020-04-08 06:37:10','2020-04-30 16:07:32'),(18,32,'District of Columbia','Lelafurt','Grace Knolls','75','17',324352,'2010-10-26 14:39:45','2020-04-30 16:07:32'),(19,16,'Idaho','Haskellchester','Elian Tunnel','92','77',646759,'2012-08-14 22:52:45','2020-04-30 16:07:32'),(20,86,'NorthDakota','South Shanna','Toy Canyon','32','31',371851,'2016-09-13 07:25:40','2020-04-30 16:07:32'),(21,80,'Maryland','Shanahanport','Samantha Viaduct','86','24',696754,'2011-10-01 10:21:13','2020-04-30 16:07:32'),(22,43,'Maine','Lake Abagail','Isom Extensions','35','28',479334,'2016-12-19 21:25:48','2020-04-30 16:07:32'),(23,74,'Texas','Theresiatown','Crooks View','14','68',195296,'2014-06-03 16:38:14','2020-04-30 16:07:32'),(24,42,'NewMexico','New Curtisland','Dannie Junctions','63','54',316255,'2017-03-18 18:53:44','2020-04-30 16:07:32'),(25,87,'Connecticut','Lefflerfurt','Julien Well','75','65',884277,'2014-12-17 23:16:55','2020-04-30 16:07:32'),(26,7,'Maine','Port Rigoberto','Homenick Rest','86','63',694845,'2011-01-15 00:05:16','2020-04-30 16:07:32'),(27,74,'Wisconsin','Porterfurt','Major Plain','4','18',710284,'2011-02-06 23:41:43','2020-04-30 16:07:32'),(28,47,'California','Port Tre','Hand Keys','62','3',466887,'2014-09-03 20:25:14','2020-04-30 16:07:32'),(29,16,'Idaho','Murphybury','Alta Port','99','61',981362,'2019-08-01 22:17:49','2020-04-30 16:07:32'),(30,35,'Alabama','New Edmond','Wyman Street','7','96',728373,'2013-02-14 22:53:52','2020-04-30 16:07:32'),(31,30,'Arkansas','Alfonsostad','Margaret Freeway','36','94',586668,'2019-03-16 06:47:46','2020-04-30 16:07:32'),(32,42,'Nebraska','Rooseveltborough','McKenzie Corners','58','81',637110,'2015-12-26 22:34:18','2020-04-30 16:07:32'),(33,18,'Montana','Lizziebury','Sanford Extensions','82','23',425548,'2018-10-01 01:02:32','2020-04-30 16:07:32'),(34,67,'Oregon','Hillltown','Corkery Village','34','73',994186,'2016-05-09 12:12:43','2020-04-30 16:07:32'),(35,80,'NorthCarolina','New Quinton','Wiegand Valleys','27','95',916512,'2013-12-25 23:27:28','2020-04-30 16:07:32'),(36,97,'Florida','Lake Lauryview','Collins Forge','29','56',600006,'2016-09-03 22:55:05','2020-04-30 16:07:32'),(37,45,'Idaho','Rockyville','Raina Canyon','65','94',139381,'2012-08-18 00:08:43','2020-04-30 16:07:32'),(38,35,'NorthCarolina','Lake Kadenbury','Queen Mews','37','1',563552,'2016-01-18 07:41:05','2020-04-30 16:07:32'),(39,37,'Nevada','Trinityside','Sally Port','90','22',510730,'2011-11-06 04:15:46','2020-04-30 16:07:32'),(40,81,'RhodeIsland','Flatleyville','Moses Wall','37','8',751883,'2017-05-22 03:42:43','2020-04-30 16:07:32'),(41,91,'Alabama','Krystinaport','Casper Manor','14','75',338341,'2020-01-10 13:19:45','2020-04-30 16:07:32'),(42,14,'Maine','Ardenhaven','Hagenes Keys','61','48',213832,'2016-03-13 01:22:07','2020-04-30 16:07:32'),(43,95,'Missouri','Kieranburgh','Bernier Underpass','60','16',831915,'2018-11-19 07:36:17','2020-04-30 16:07:32'),(44,32,'Tennessee','Bayertown','Genoveva Hill','16','35',740304,'2017-03-24 02:28:39','2020-04-30 16:07:32'),(45,75,'District of Columbia','Terencefurt','Rodriguez Lodge','99','27',205776,'2011-12-26 20:29:51','2020-04-30 16:07:32'),(46,77,'Indiana','Port Daniellaville','Friesen Curve','49','31',474633,'2015-06-24 13:56:35','2020-04-30 16:07:32'),(47,59,'Montana','Zitaberg','Mueller Drive','48','72',755839,'2015-09-25 09:14:27','2020-04-30 16:07:32'),(48,63,'Massachusetts','West Jedediah','Keeling Park','91','69',466408,'2019-11-01 04:19:12','2020-04-30 16:07:32'),(49,39,'Tennessee','West Dawson','Ritchie Skyway','11','26',842302,'2014-08-27 14:06:20','2020-04-30 16:07:32'),(50,5,'Idaho','West Elvafurt','Libbie Mission','81','22',923401,'2013-05-19 03:34:46','2020-04-30 16:07:32'),(51,7,'SouthCarolina','Nicolasview','Marks Mountain','72','33',201211,'2019-08-13 14:10:08','2020-04-30 16:07:32'),(52,22,'Virginia','Feilmouth','Bogisich Groves','18','97',791407,'2018-04-30 17:43:10','2020-04-30 16:07:32'),(53,87,'Oklahoma','Port Loniehaven','Upton Plains','71','88',575625,'2015-05-24 04:32:12','2020-04-30 16:07:32'),(54,70,'Utah','Godfreymouth','Trace Keys','2','47',392795,'2019-01-07 04:09:21','2020-04-30 16:07:32'),(55,89,'California','Verdieview','Brandt Pass','98','72',125988,'2012-07-14 18:20:25','2020-04-30 16:07:32'),(56,34,'SouthCarolina','Port Carolannefurt','Jarvis Rest','82','16',229334,'2016-06-01 19:22:13','2020-04-30 16:07:32'),(57,1,'Nevada','Wehnertown','Donnelly Locks','14','65',657596,'2014-03-02 07:18:30','2020-04-30 16:07:32'),(58,3,'Delaware','Lake Patsy','Lyla Cliffs','26','77',711091,'2014-09-17 16:14:27','2020-04-30 16:07:32'),(59,12,'Ohio','Runolfsdottirmouth','Ernest Bypass','85','90',582667,'2011-10-30 00:39:40','2020-04-30 16:07:32'),(60,50,'Maine','Richardburgh','Leuschke Station','46','17',668951,'2011-12-03 07:26:23','2020-04-30 16:07:32'),(61,15,'Maine','Traceymouth','Rex Lake','75','17',596756,'2011-09-21 04:11:22','2020-04-30 16:07:32'),(62,22,'Hawaii','Lake Madisyn','Bauch Square','38','33',865817,'2016-04-01 10:28:03','2020-04-30 16:07:32'),(63,68,'NewMexico','Tomasport','Rollin Meadow','65','12',649930,'2016-07-26 10:07:14','2020-04-30 16:07:32'),(64,70,'Nevada','Wiegandbury','Sharon Corners','12','60',541089,'2011-12-26 12:54:54','2020-04-30 16:07:32'),(65,47,'Wisconsin','Eugeniaburgh','Mayer Plains','62','63',644543,'2011-08-27 12:53:54','2020-04-30 16:07:32'),(66,25,'Mississippi','South Cory','Demario Cove','72','34',599449,'2014-04-12 08:00:15','2020-04-30 16:07:32'),(67,82,'Idaho','Ryanfort','Ernser Circles','76','81',952509,'2014-04-10 16:24:01','2020-04-30 16:07:32'),(68,37,'Georgia','Lueilwitzland','Bednar Trail','63','1',186420,'2015-04-19 06:15:18','2020-04-30 16:07:32'),(69,37,'Wyoming','North Arnold','Ross Plain','87','62',630130,'2011-03-16 08:20:31','2020-04-30 16:07:32'),(70,72,'Delaware','Kelvinstad','Oberbrunner Drive','43','8',702502,'2013-11-06 12:54:30','2020-04-30 16:07:32'),(71,49,'WestVirginia','Kianton','Cory Summit','55','52',622119,'2014-05-13 02:44:51','2020-04-30 16:07:32'),(72,31,'Illinois','Zoieview','Nick Point','47','37',891982,'2016-09-10 10:32:12','2020-04-30 16:07:32'),(73,6,'Arizona','Heidenreichfort','Hettinger Gardens','70','28',704666,'2012-06-26 12:21:02','2020-04-30 16:07:32'),(74,38,'Oregon','East Fatima','Aida Forge','6','30',736271,'2011-09-28 15:27:09','2020-04-30 16:07:32'),(75,71,'Louisiana','Cedrickville','Liliana Ferry','21','66',567360,'2014-01-22 19:24:38','2020-04-30 16:07:32'),(76,38,'NorthCarolina','New Jacky','Heathcote Key','88','40',516878,'2014-05-27 03:45:18','2020-04-30 16:07:32'),(77,78,'Michigan','Cartwrightland','Rosalee Walk','74','1',771197,'2015-10-25 19:00:57','2020-04-30 16:07:32'),(78,75,'Arizona','Runteside','Larson Glens','7','84',416467,'2015-12-31 14:00:12','2020-04-30 16:07:32'),(79,43,'Texas','North Jeraldbury','Vada Forge','13','16',546519,'2015-02-01 06:13:25','2020-04-30 16:07:32'),(80,88,'Kentucky','West Janiya','Lemke Well','43','27',483196,'2019-01-19 08:06:54','2020-04-30 16:07:32'),(81,10,'WestVirginia','Wuckertstad','Javon Junction','77','89',665312,'2012-05-15 23:54:55','2020-04-30 16:07:32'),(82,87,'Mississippi','South Ronaldomouth','Helga Isle','55','62',876973,'2010-10-26 16:52:53','2020-04-30 16:07:32'),(83,5,'Tennessee','Darrenland','Hettinger Street','45','45',500042,'2017-08-12 04:16:06','2020-04-30 16:07:32'),(84,64,'Alaska','Satterfieldburgh','O\'Keefe Freeway','56','36',647068,'2013-12-31 12:03:57','2020-04-30 16:07:32'),(85,5,'Alabama','East Kaceyton','Windler Island','46','43',735216,'2015-09-16 15:32:35','2020-04-30 16:07:32'),(86,31,'District of Columbia','Gislasonburgh','Batz Forge','62','9',734878,'2017-04-16 06:50:18','2020-04-30 16:07:32'),(87,40,'Vermont','Jordynbury','Thiel Shoal','71','17',468742,'2017-09-11 14:07:56','2020-04-30 16:07:32'),(88,6,'Oklahoma','East Maiahaven','Dameon Lodge','70','55',916854,'2018-06-03 00:44:23','2020-04-30 16:07:32'),(89,10,'Delaware','Harmonyside','Barton Drives','34','26',400270,'2019-07-12 19:58:57','2020-04-30 16:07:32'),(90,32,'Nebraska','East Silas','Zoe Mission','62','61',917453,'2010-05-30 07:28:39','2020-04-30 16:07:32'),(91,31,'Missouri','South Pablobury','Samara Lake','5','30',608681,'2019-07-19 23:59:23','2020-04-30 16:07:32'),(92,55,'Massachusetts','Consueloton','Wilkinson Ford','38','64',179935,'2019-07-04 23:08:12','2020-04-30 16:07:32'),(93,85,'SouthDakota','Hackettton','Walter Stravenue','75','32',740299,'2019-02-11 13:45:45','2020-04-30 16:07:32'),(94,56,'Indiana','Hermannside','Tromp Ferry','60','68',383914,'2018-11-03 04:47:44','2020-04-30 16:07:32'),(95,26,'Minnesota','South Robbie','Zula Lake','73','42',476449,'2015-08-18 18:41:42','2020-04-30 16:07:32'),(96,61,'NorthCarolina','Lake Jarrett','Kuhic Spurs','88','7',230506,'2016-06-29 04:29:39','2020-04-30 16:07:32'),(97,28,'Kentucky','East Brielle','Jaclyn Tunnel','19','6',500961,'2017-09-24 06:09:39','2020-04-30 16:07:32'),(98,57,'Pennsylvania','South Clemens','Vince Pines','31','8',813290,'2011-07-31 20:22:51','2020-04-30 16:07:32'),(99,99,'SouthCarolina','Lake Krystina','Chasity Meadow','96','21',674679,'2014-08-17 13:44:36','2020-04-30 16:07:32'),(100,22,'NewHampshire','East Onie','Solon Rue','89','80',822414,'2010-12-16 14:34:12','2020-04-30 16:07:32');
/*!40000 ALTER TABLE `user_addresses` ENABLE KEYS */;
UNLOCK TABLES;

--
-- Table structure for table `users`
--

DROP TABLE IF EXISTS `users`;
/*!40101 SET @saved_cs_client     = @@character_set_client */;
/*!50503 SET character_set_client = utf8mb4 */;
CREATE TABLE `users` (
  `id` int unsigned NOT NULL AUTO_INCREMENT,
  `phone` varchar(15) NOT NULL,
  `created_at` datetime DEFAULT CURRENT_TIMESTAMP,
  `updated_at` datetime DEFAULT CURRENT_TIMESTAMP ON UPDATE CURRENT_TIMESTAMP,
  PRIMARY KEY (`id`),
  UNIQUE KEY `phone` (`phone`)
) ENGINE=InnoDB AUTO_INCREMENT=101 DEFAULT CHARSET=utf8mb4 COLLATE=utf8mb4_0900_ai_ci COMMENT='Регистрационная форма';
/*!40101 SET character_set_client = @saved_cs_client */;

--
-- Dumping data for table `users`
--

LOCK TABLES `users` WRITE;
/*!40000 ALTER TABLE `users` DISABLE KEYS */;
INSERT INTO `users` VALUES (1,'8(954)354-77-94','2011-12-31 00:36:03','2020-04-30 16:07:32'),(2,'8(944)496-84-85','2011-11-29 17:39:35','2020-04-30 16:07:32'),(3,'8(973)247-62-52','2016-01-10 23:35:53','2020-04-30 16:07:32'),(4,'8(961)727-63-90','2020-01-29 01:25:04','2020-04-30 16:07:32'),(5,'8(973)994-76-75','2015-10-10 12:27:27','2020-04-30 16:07:32'),(6,'8(942)960-54-63','2020-02-20 01:09:41','2020-04-30 16:07:32'),(7,'8(951)839-57-28','2014-10-07 22:59:16','2020-04-30 16:07:32'),(8,'8(941)565-37-96','2019-01-21 12:11:17','2020-04-30 16:07:32'),(9,'8(995)889-55-91','2019-11-27 08:50:18','2020-04-30 16:07:32'),(10,'8(901)470-96-64','2019-05-19 20:30:58','2020-04-30 16:07:32'),(11,'8(916)124-64-95','2011-03-14 01:33:56','2020-04-30 16:07:32'),(12,'8(998)185-52-21','2019-10-20 15:28:25','2020-04-30 16:07:32'),(13,'8(917)588-24-25','2015-12-25 13:45:57','2020-04-30 16:07:32'),(14,'8(940)570-43-38','2014-07-01 12:21:18','2020-04-30 16:07:32'),(15,'8(946)484-72-28','2010-09-03 18:36:48','2020-04-30 16:07:32'),(16,'8(994)228-85-84','2011-01-30 03:33:47','2020-04-30 16:07:32'),(17,'8(960)600-94-17','2015-10-17 11:48:26','2020-04-30 16:07:32'),(18,'8(954)582-11-51','2018-02-22 02:07:38','2020-04-30 16:07:32'),(19,'8(928)170-54-33','2015-12-01 16:05:52','2020-04-30 16:07:32'),(20,'8(981)378-17-55','2015-12-29 16:09:10','2020-04-30 16:07:32'),(21,'8(925)845-40-27','2019-10-21 00:40:58','2020-04-30 16:07:32'),(22,'8(998)420-81-95','2012-09-26 18:10:39','2020-04-30 16:07:32'),(23,'8(937)151-21-49','2015-11-23 17:44:52','2020-04-30 16:07:32'),(24,'8(985)976-35-55','2015-03-21 14:18:05','2020-04-30 16:07:32'),(25,'8(966)856-27-49','2015-04-12 18:45:15','2020-04-30 16:07:32'),(26,'8(960)788-97-63','2014-02-06 00:30:40','2020-04-30 16:07:32'),(27,'8(904)527-29-67','2013-10-28 01:58:16','2020-04-30 16:07:32'),(28,'8(956)962-15-47','2010-07-06 06:34:58','2020-04-30 16:07:32'),(29,'8(993)517-52-98','2013-09-27 10:46:26','2020-04-30 16:07:32'),(30,'8(954)792-27-68','2010-08-15 19:33:14','2020-04-30 16:07:32'),(31,'8(969)595-67-60','2015-02-12 00:30:34','2020-04-30 16:07:32'),(32,'8(989)836-44-50','2018-04-27 14:50:50','2020-04-30 16:07:32'),(33,'8(914)439-48-12','2015-07-10 13:57:42','2020-04-30 16:07:32'),(34,'8(983)210-17-17','2015-01-09 09:55:06','2020-04-30 16:07:32'),(35,'8(912)484-75-46','2016-12-06 13:49:52','2020-04-30 16:07:32'),(36,'8(980)886-91-95','2012-09-02 03:00:49','2020-04-30 16:07:32'),(37,'8(903)403-59-79','2018-03-02 05:11:40','2020-04-30 16:07:32'),(38,'8(922)825-40-36','2014-05-05 23:50:25','2020-04-30 16:07:32'),(39,'8(946)515-89-15','2017-04-29 18:56:18','2020-04-30 16:07:32'),(40,'8(963)120-26-87','2010-09-14 14:35:27','2020-04-30 16:07:32'),(41,'8(979)443-55-45','2014-10-19 20:13:10','2020-04-30 16:07:32'),(42,'8(945)225-36-15','2015-11-21 19:35:46','2020-04-30 16:07:32'),(43,'8(941)939-45-25','2014-08-28 02:37:38','2020-04-30 16:07:32'),(44,'8(967)901-46-43','2013-12-28 01:27:25','2020-04-30 16:07:32'),(45,'8(963)191-61-60','2017-04-14 08:40:06','2020-04-30 16:07:32'),(46,'8(909)860-90-96','2015-01-30 16:02:34','2020-04-30 16:07:32'),(47,'8(916)960-32-45','2014-10-27 20:25:15','2020-04-30 16:07:32'),(48,'8(920)910-85-60','2013-09-14 08:09:57','2020-04-30 16:07:32'),(49,'8(924)613-19-81','2014-06-09 08:39:19','2020-04-30 16:07:32'),(50,'8(967)123-16-37','2012-05-15 22:41:08','2020-04-30 16:07:32'),(51,'8(932)746-63-84','2019-06-07 17:11:58','2020-04-30 16:07:32'),(52,'8(937)464-88-26','2016-07-24 16:40:30','2020-04-30 16:07:32'),(53,'8(925)820-27-62','2017-09-20 17:19:46','2020-04-30 16:07:32'),(54,'8(933)960-76-89','2019-08-14 05:11:04','2020-04-30 16:07:32'),(55,'8(917)344-80-24','2016-10-23 16:42:16','2020-04-30 16:07:32'),(56,'8(940)645-79-18','2012-09-04 23:47:03','2020-04-30 16:07:32'),(57,'8(910)378-27-14','2018-10-11 03:57:50','2020-04-30 16:07:32'),(58,'8(966)290-13-59','2017-11-24 11:51:11','2020-04-30 16:07:32'),(59,'8(967)756-63-84','2015-05-03 07:47:16','2020-04-30 16:07:32'),(60,'8(935)390-56-64','2016-12-25 13:07:19','2020-04-30 16:07:32'),(61,'8(951)791-34-16','2013-11-01 11:06:43','2020-04-30 16:07:32'),(62,'8(952)518-73-26','2013-08-29 18:52:50','2020-04-30 16:07:32'),(63,'8(976)387-34-46','2010-10-28 19:08:07','2020-04-30 16:07:32'),(64,'8(920)884-72-90','2016-05-24 01:42:27','2020-04-30 16:07:32'),(65,'8(942)487-86-10','2019-10-12 11:27:12','2020-04-30 16:07:32'),(66,'8(943)283-71-85','2014-05-24 10:47:14','2020-04-30 16:07:32'),(67,'8(913)265-53-91','2014-09-14 18:30:06','2020-04-30 16:07:32'),(68,'8(907)735-33-28','2015-10-14 10:17:25','2020-04-30 16:07:32'),(69,'8(922)590-12-55','2011-06-10 16:05:57','2020-04-30 16:07:32'),(70,'8(944)776-45-73','2017-01-08 22:29:07','2020-04-30 16:07:32'),(71,'8(938)838-92-25','2012-08-08 14:20:26','2020-04-30 16:07:32'),(72,'8(909)109-74-61','2018-06-25 13:37:17','2020-04-30 16:07:32'),(73,'8(970)871-22-20','2010-08-31 20:17:58','2020-04-30 16:07:32'),(74,'8(916)574-19-96','2012-04-30 15:07:51','2020-04-30 16:07:32'),(75,'8(949)659-63-21','2011-06-18 23:13:47','2020-04-30 16:07:32'),(76,'8(981)775-35-23','2013-02-17 01:54:39','2020-04-30 16:07:32'),(77,'8(991)235-98-53','2013-04-02 13:49:08','2020-04-30 16:07:32'),(78,'8(948)110-59-78','2010-12-03 07:20:42','2020-04-30 16:07:32'),(79,'8(917)627-44-26','2011-04-13 15:49:48','2020-04-30 16:07:32'),(80,'8(973)250-64-58','2014-12-11 19:45:38','2020-04-30 16:07:32'),(81,'8(989)891-71-82','2012-10-04 10:01:40','2020-04-30 16:07:32'),(82,'8(900)646-10-27','2014-04-13 13:59:17','2020-04-30 16:07:32'),(83,'8(995)313-36-77','2016-08-15 02:57:33','2020-04-30 16:07:32'),(84,'8(989)322-56-88','2011-03-19 21:29:53','2020-04-30 16:07:32'),(85,'8(982)567-18-93','2019-04-29 12:57:41','2020-04-30 16:07:32'),(86,'8(940)323-98-31','2014-02-24 07:10:01','2020-04-30 16:07:32'),(87,'8(918)348-80-20','2013-11-03 02:14:19','2020-04-30 16:07:32'),(88,'8(920)751-97-74','2013-03-03 06:48:16','2020-04-30 16:07:32'),(89,'8(967)325-27-30','2016-05-04 11:14:45','2020-04-30 16:07:32'),(90,'8(955)236-14-80','2011-04-24 09:11:24','2020-04-30 16:07:32'),(91,'8(979)695-89-50','2019-01-09 23:02:20','2020-04-30 16:07:32'),(92,'8(962)801-10-70','2014-09-19 01:02:41','2020-04-30 16:07:32'),(93,'8(937)907-39-94','2017-01-05 15:41:27','2020-04-30 16:07:32'),(94,'8(976)112-76-71','2015-01-04 02:53:44','2020-04-30 16:07:32'),(95,'8(921)137-57-59','2016-02-10 20:28:34','2020-04-30 16:07:32'),(96,'8(917)330-74-84','2011-09-27 12:07:58','2020-04-30 16:07:32'),(97,'8(901)668-16-50','2010-09-30 21:58:46','2020-04-30 16:07:32'),(98,'8(904)935-52-61','2014-07-27 00:28:20','2020-04-30 16:07:32'),(99,'8(945)631-60-14','2018-04-19 23:44:32','2020-04-30 16:07:32'),(100,'8(953)610-29-43','2016-02-06 03:50:48','2020-04-30 16:07:32');
/*!40000 ALTER TABLE `users` ENABLE KEYS */;
UNLOCK TABLES;
/*!50003 SET @saved_cs_client      = @@character_set_client */ ;
/*!50003 SET @saved_cs_results     = @@character_set_results */ ;
/*!50003 SET @saved_col_connection = @@collation_connection */ ;
/*!50003 SET character_set_client  = utf8mb4 */ ;
/*!50003 SET character_set_results = utf8mb4 */ ;
/*!50003 SET collation_connection  = utf8mb4_0900_ai_ci */ ;
/*!50003 SET @saved_sql_mode       = @@sql_mode */ ;
/*!50003 SET sql_mode              = 'ONLY_FULL_GROUP_BY,STRICT_TRANS_TABLES,NO_ZERO_IN_DATE,NO_ZERO_DATE,ERROR_FOR_DIVISION_BY_ZERO,NO_ENGINE_SUBSTITUTION' */ ;
DELIMITER ;;
/*!50003 CREATE*/ /*!50017 DEFINER=`root`@`localhost`*/ /*!50003 TRIGGER `create_usr_profile` AFTER INSERT ON `users` FOR EACH ROW BEGIN
	INSERT INTO profiles(user_id) VALUES (NEW.id);
END */;;
DELIMITER ;
/*!50003 SET sql_mode              = @saved_sql_mode */ ;
/*!50003 SET character_set_client  = @saved_cs_client */ ;
/*!50003 SET character_set_results = @saved_cs_results */ ;
/*!50003 SET collation_connection  = @saved_col_connection */ ;

--
-- Table structure for table `users_carts`
--

DROP TABLE IF EXISTS `users_carts`;
/*!40101 SET @saved_cs_client     = @@character_set_client */;
/*!50503 SET character_set_client = utf8mb4 */;
CREATE TABLE `users_carts` (
  `id` int unsigned NOT NULL AUTO_INCREMENT,
  `user_id` int unsigned NOT NULL,
  `product_id` int unsigned NOT NULL,
  `created_at` datetime DEFAULT CURRENT_TIMESTAMP,
  `updated_at` datetime DEFAULT CURRENT_TIMESTAMP ON UPDATE CURRENT_TIMESTAMP,
  PRIMARY KEY (`id`),
  KEY `users_carts_user_id_fk` (`user_id`),
  KEY `users_carts_product_id_fk` (`product_id`),
  CONSTRAINT `users_carts_product_id_fk` FOREIGN KEY (`product_id`) REFERENCES `products` (`id`) ON DELETE CASCADE,
  CONSTRAINT `users_carts_user_id_fk` FOREIGN KEY (`user_id`) REFERENCES `users` (`id`) ON DELETE CASCADE
) ENGINE=InnoDB AUTO_INCREMENT=101 DEFAULT CHARSET=utf8mb4 COLLATE=utf8mb4_0900_ai_ci COMMENT='Корзина пользователя';
/*!40101 SET character_set_client = @saved_cs_client */;

--
-- Dumping data for table `users_carts`
--

LOCK TABLES `users_carts` WRITE;
/*!40000 ALTER TABLE `users_carts` DISABLE KEYS */;
INSERT INTO `users_carts` VALUES (1,61,84,'2017-01-19 07:16:34','2020-04-30 16:07:32'),(2,59,22,'2012-09-22 10:12:49','2020-04-30 16:07:32'),(3,15,56,'2013-05-14 12:14:08','2020-04-30 16:07:32'),(4,96,15,'2017-06-23 06:15:27','2020-04-30 16:07:32'),(5,35,6,'2016-02-17 16:37:35','2020-04-30 16:07:32'),(6,85,84,'2017-07-01 22:07:10','2020-04-30 16:07:32'),(7,20,4,'2012-12-11 18:29:13','2020-04-30 16:07:32'),(8,47,67,'2010-08-01 15:43:12','2020-04-30 16:07:32'),(9,72,22,'2012-04-03 09:38:21','2020-04-30 16:07:32'),(10,21,8,'2016-07-05 15:43:31','2020-04-30 16:07:32'),(11,87,73,'2011-12-15 20:46:22','2020-04-30 16:07:32'),(12,70,41,'2014-10-12 21:48:48','2020-04-30 16:07:32'),(13,90,85,'2018-05-13 00:23:45','2020-04-30 16:07:32'),(14,39,1,'2018-12-16 11:14:20','2020-04-30 16:07:32'),(15,27,49,'2016-10-06 01:19:27','2020-04-30 16:07:32'),(16,14,44,'2014-04-13 23:44:47','2020-04-30 16:07:32'),(17,91,70,'2019-05-24 13:38:48','2020-04-30 16:07:32'),(18,13,20,'2016-07-05 00:56:28','2020-04-30 16:07:32'),(19,92,90,'2017-04-28 08:59:05','2020-04-30 16:07:32'),(20,20,89,'2016-03-23 03:15:07','2020-04-30 16:07:32'),(21,21,73,'2016-09-21 07:26:06','2020-04-30 16:07:32'),(22,47,97,'2019-07-24 15:14:10','2020-04-30 16:07:32'),(23,69,65,'2018-10-21 23:25:31','2020-04-30 16:07:32'),(24,4,34,'2012-12-12 05:32:06','2020-04-30 16:07:32'),(25,14,73,'2014-11-29 07:03:37','2020-04-30 16:07:32'),(26,56,64,'2017-11-22 16:01:23','2020-04-30 16:07:32'),(27,39,1,'2015-04-01 02:34:38','2020-04-30 16:07:32'),(28,28,13,'2017-09-01 02:33:59','2020-04-30 16:07:32'),(29,20,62,'2012-01-18 23:36:15','2020-04-30 16:07:32'),(30,17,69,'2014-10-07 19:14:49','2020-04-30 16:07:32'),(31,23,58,'2016-10-29 11:35:46','2020-04-30 16:07:32'),(32,65,83,'2013-02-23 07:05:26','2020-04-30 16:07:32'),(33,53,41,'2012-01-30 21:00:35','2020-04-30 16:07:32'),(34,71,55,'2019-10-16 13:45:51','2020-04-30 16:07:32'),(35,95,52,'2019-10-13 06:45:47','2020-04-30 16:07:32'),(36,63,95,'2016-12-01 11:09:26','2020-04-30 16:07:32'),(37,27,18,'2013-08-04 23:22:36','2020-04-30 16:07:32'),(38,48,3,'2015-01-07 16:38:06','2020-04-30 16:07:32'),(39,59,63,'2012-12-08 03:06:46','2020-04-30 16:07:32'),(40,50,3,'2017-04-18 00:43:38','2020-04-30 16:07:32'),(41,71,25,'2011-05-20 19:44:46','2020-04-30 16:07:32'),(42,5,17,'2010-10-11 21:09:25','2020-04-30 16:07:32'),(43,12,8,'2013-04-11 09:40:51','2020-04-30 16:07:32'),(44,45,89,'2011-03-21 07:13:14','2020-04-30 16:07:32'),(45,90,19,'2014-11-16 00:22:49','2020-04-30 16:07:32'),(46,12,30,'2016-01-08 14:33:19','2020-04-30 16:07:32'),(47,90,89,'2013-01-13 01:28:19','2020-04-30 16:07:32'),(48,14,58,'2016-08-12 18:14:53','2020-04-30 16:07:32'),(49,98,23,'2018-10-29 15:53:37','2020-04-30 16:07:32'),(50,46,39,'2010-07-07 13:51:44','2020-04-30 16:07:32'),(51,39,25,'2011-12-04 05:20:28','2020-04-30 16:07:32'),(52,56,8,'2011-03-05 03:51:47','2020-04-30 16:07:32'),(53,63,66,'2020-01-14 14:46:25','2020-04-30 16:07:32'),(54,46,6,'2013-03-16 04:30:01','2020-04-30 16:07:32'),(55,39,30,'2014-08-01 07:22:03','2020-04-30 16:07:32'),(56,58,31,'2017-12-16 17:29:11','2020-04-30 16:07:32'),(57,72,63,'2015-04-05 03:13:19','2020-04-30 16:07:32'),(58,84,23,'2020-03-23 05:02:30','2020-04-30 16:07:32'),(59,4,24,'2019-12-03 08:11:56','2020-04-30 16:07:32'),(60,66,50,'2015-07-17 11:50:52','2020-04-30 16:07:32'),(61,18,79,'2018-11-05 21:08:17','2020-04-30 16:07:32'),(62,94,46,'2013-08-21 00:36:12','2020-04-30 16:07:32'),(63,13,91,'2010-05-26 00:34:20','2020-04-30 16:07:32'),(64,82,19,'2013-02-02 15:00:54','2020-04-30 16:07:32'),(65,73,18,'2013-06-08 16:13:00','2020-04-30 16:07:32'),(66,18,36,'2016-12-22 01:46:55','2020-04-30 16:07:32'),(67,71,24,'2015-03-21 07:39:12','2020-04-30 16:07:32'),(68,99,9,'2015-11-26 21:23:24','2020-04-30 16:07:32'),(69,82,76,'2014-11-07 07:51:51','2020-04-30 16:07:32'),(70,15,52,'2017-06-19 15:08:49','2020-04-30 16:07:32'),(71,25,30,'2011-06-20 05:26:05','2020-04-30 16:07:32'),(72,83,94,'2016-09-29 20:41:10','2020-04-30 16:07:32'),(73,36,81,'2017-08-04 20:17:18','2020-04-30 16:07:32'),(74,33,22,'2012-06-10 09:31:39','2020-04-30 16:07:32'),(75,57,67,'2019-01-05 17:06:53','2020-04-30 16:07:32'),(76,86,67,'2011-07-11 06:41:13','2020-04-30 16:07:32'),(77,58,34,'2015-12-12 10:43:47','2020-04-30 16:07:32'),(78,30,69,'2014-12-16 21:26:08','2020-04-30 16:07:32'),(79,77,43,'2012-02-18 23:03:00','2020-04-30 16:07:32'),(80,93,6,'2011-01-05 15:09:57','2020-04-30 16:07:32'),(81,35,2,'2016-01-20 10:06:59','2020-04-30 16:07:32'),(82,95,91,'2010-11-02 20:05:45','2020-04-30 16:07:32'),(83,68,50,'2017-03-03 07:37:07','2020-04-30 16:07:32'),(84,58,74,'2017-03-15 02:41:35','2020-04-30 16:07:32'),(85,82,22,'2014-08-03 22:51:45','2020-04-30 16:07:32'),(86,36,88,'2018-02-14 13:21:57','2020-04-30 16:07:32'),(87,33,74,'2012-06-03 04:44:43','2020-04-30 16:07:32'),(88,56,4,'2010-06-20 08:11:40','2020-04-30 16:07:32'),(89,80,99,'2016-04-23 08:15:09','2020-04-30 16:07:32'),(90,32,82,'2019-06-29 01:03:54','2020-04-30 16:07:32'),(91,19,10,'2011-12-25 04:42:43','2020-04-30 16:07:32'),(92,99,6,'2017-07-27 15:50:23','2020-04-30 16:07:32'),(93,39,1,'2012-08-25 03:46:05','2020-04-30 16:07:32'),(94,97,83,'2012-10-27 08:15:14','2020-04-30 16:07:32'),(95,68,13,'2018-02-27 05:28:12','2020-04-30 16:07:32'),(96,48,14,'2013-08-12 23:52:02','2020-04-30 16:07:32'),(97,34,33,'2012-08-11 23:35:26','2020-04-30 16:07:32'),(98,28,22,'2019-10-31 02:08:15','2020-04-30 16:07:32'),(99,37,8,'2019-09-13 22:44:15','2020-04-30 16:07:32'),(100,99,76,'2018-11-21 17:55:56','2020-04-30 16:07:32');
/*!40000 ALTER TABLE `users_carts` ENABLE KEYS */;
UNLOCK TABLES;

--
-- Final view structure for view `orders_info`
--

/*!50001 DROP VIEW IF EXISTS `orders_info`*/;
/*!50001 SET @saved_cs_client          = @@character_set_client */;
/*!50001 SET @saved_cs_results         = @@character_set_results */;
/*!50001 SET @saved_col_connection     = @@collation_connection */;
/*!50001 SET character_set_client      = utf8mb4 */;
/*!50001 SET character_set_results     = utf8mb4 */;
/*!50001 SET collation_connection      = utf8mb4_0900_ai_ci */;
/*!50001 CREATE ALGORITHM=UNDEFINED */
/*!50013 DEFINER=`root`@`localhost` SQL SECURITY DEFINER */
/*!50001 VIEW `orders_info` AS select `o`.`id` AS `order_id`,`u`.`id` AS `user_id`,count(`op`.`order_id`) AS `products_amount`,`pt`.`name` AS `payment_type`,`dm`.`name` AS `delivery_method`,`dm`.`id` AS `dm_id`,`ds`.`name` AS `delivery_service`,`ds`.`id` AS `ds_id` from ((((((`users` `u` join `delivery_services` `ds`) join `delivery_methods` `dm`) join `payment_types` `pt`) join `orders` `o` on(((`o`.`user_id` = `u`.`id`) and (`o`.`payment_type_id` = `pt`.`id`)))) join `orders_products` `op` on((`op`.`order_id` = `o`.`id`))) join `orders_delivery` `od` on(((`od`.`delivery_method_id` = `dm`.`id`) and (`od`.`delivery_service_id` = `ds`.`id`) and (`od`.`order_id` = `o`.`id`)))) group by `o`.`id` order by `o`.`id` */;
/*!50001 SET character_set_client      = @saved_cs_client */;
/*!50001 SET character_set_results     = @saved_cs_results */;
/*!50001 SET collation_connection      = @saved_col_connection */;

--
-- Final view structure for view `orders_with_offline_payment`
--

/*!50001 DROP VIEW IF EXISTS `orders_with_offline_payment`*/;
/*!50001 SET @saved_cs_client          = @@character_set_client */;
/*!50001 SET @saved_cs_results         = @@character_set_results */;
/*!50001 SET @saved_col_connection     = @@collation_connection */;
/*!50001 SET character_set_client      = utf8mb4 */;
/*!50001 SET character_set_results     = utf8mb4 */;
/*!50001 SET collation_connection      = utf8mb4_0900_ai_ci */;
/*!50001 CREATE ALGORITHM=UNDEFINED */
/*!50013 DEFINER=`root`@`localhost` SQL SECURITY DEFINER */
/*!50001 VIEW `orders_with_offline_payment` AS select `orders`.`id` AS `id`,`orders`.`user_id` AS `user_id` from `orders` where ((`orders`.`payment_type_id` = 1) or (`orders`.`payment_type_id` = 2)) */;
/*!50001 SET character_set_client      = @saved_cs_client */;
/*!50001 SET character_set_results     = @saved_cs_results */;
/*!50001 SET collation_connection      = @saved_col_connection */;

--
-- Final view structure for view `orders_with_online_payment`
--

/*!50001 DROP VIEW IF EXISTS `orders_with_online_payment`*/;
/*!50001 SET @saved_cs_client          = @@character_set_client */;
/*!50001 SET @saved_cs_results         = @@character_set_results */;
/*!50001 SET @saved_col_connection     = @@collation_connection */;
/*!50001 SET character_set_client      = utf8mb4 */;
/*!50001 SET character_set_results     = utf8mb4 */;
/*!50001 SET collation_connection      = utf8mb4_0900_ai_ci */;
/*!50001 CREATE ALGORITHM=UNDEFINED */
/*!50013 DEFINER=`root`@`localhost` SQL SECURITY DEFINER */
/*!50001 VIEW `orders_with_online_payment` AS select `orders`.`id` AS `id`,`orders`.`user_id` AS `user_id` from `orders` where (`orders`.`payment_type_id` = 3) */;
/*!50001 SET character_set_client      = @saved_cs_client */;
/*!50001 SET character_set_results     = @saved_cs_results */;
/*!50001 SET collation_connection      = @saved_col_connection */;

--
-- Final view structure for view `storehouses_products_analysis`
--

/*!50001 DROP VIEW IF EXISTS `storehouses_products_analysis`*/;
/*!50001 SET @saved_cs_client          = @@character_set_client */;
/*!50001 SET @saved_cs_results         = @@character_set_results */;
/*!50001 SET @saved_col_connection     = @@collation_connection */;
/*!50001 SET character_set_client      = utf8mb4 */;
/*!50001 SET character_set_results     = utf8mb4 */;
/*!50001 SET collation_connection      = utf8mb4_0900_ai_ci */;
/*!50001 CREATE ALGORITHM=UNDEFINED */
/*!50013 DEFINER=`root`@`localhost` SQL SECURITY DEFINER */
/*!50001 VIEW `storehouses_products_analysis` AS select `sp`.`storehouse_id` AS `storehouse_id`,`s`.`name` AS `name`,`sp`.`value` AS `value`,sum(`sp`.`value`) OVER ()  AS `total_amount`,(sum(`sp`.`value`) OVER (PARTITION BY `sp`.`storehouse_id` )  / 2) AS `average`,round(((`sp`.`value` / sum(`sp`.`value`) OVER (PARTITION BY `sp`.`storehouse_id` ) ) * 100),2) AS `%`,round(((`sp`.`value` / sum(`sp`.`value`) OVER () ) * 100),2) AS `%%` from ((`storehouses_products` `sp` join `storehouses` `s` on((`s`.`id` = `sp`.`storehouse_id`))) join `products` `p` on((`p`.`id` = `sp`.`product_id`))) order by `sp`.`storehouse_id` */;
/*!50001 SET character_set_client      = @saved_cs_client */;
/*!50001 SET character_set_results     = @saved_cs_results */;
/*!50001 SET collation_connection      = @saved_col_connection */;
/*!40103 SET TIME_ZONE=@OLD_TIME_ZONE */;

/*!40101 SET SQL_MODE=@OLD_SQL_MODE */;
/*!40014 SET FOREIGN_KEY_CHECKS=@OLD_FOREIGN_KEY_CHECKS */;
/*!40014 SET UNIQUE_CHECKS=@OLD_UNIQUE_CHECKS */;
/*!40101 SET CHARACTER_SET_CLIENT=@OLD_CHARACTER_SET_CLIENT */;
/*!40101 SET CHARACTER_SET_RESULTS=@OLD_CHARACTER_SET_RESULTS */;
/*!40101 SET COLLATION_CONNECTION=@OLD_COLLATION_CONNECTION */;
/*!40111 SET SQL_NOTES=@OLD_SQL_NOTES */;

-- Dump completed on 2020-04-30 16:31:58
