-- Заполенние users

INSERT INTO `users` (`id`, `phone`, `created_at`, `updated_at`) VALUES (1, '01291171068', '2011-12-31 00:36:03', '2019-03-22 19:05:43');
INSERT INTO `users` (`id`, `phone`, `created_at`, `updated_at`) VALUES (2, '610.376.8230', '2011-11-29 17:39:35', '2014-12-02 11:54:23');
INSERT INTO `users` (`id`, `phone`, `created_at`, `updated_at`) VALUES (3, '08353179035', '2016-01-10 23:35:53', '2011-04-06 01:08:35');
INSERT INTO `users` (`id`, `phone`, `created_at`, `updated_at`) VALUES (4, '092.040.0653x01', '2020-01-29 01:25:04', '2012-04-11 13:22:12');
INSERT INTO `users` (`id`, `phone`, `created_at`, `updated_at`) VALUES (5, '1-710-904-0442x', '2015-10-10 12:27:27', '2017-01-21 09:28:53');
INSERT INTO `users` (`id`, `phone`, `created_at`, `updated_at`) VALUES (6, '+20(1)061496728', '2020-02-20 01:09:41', '2016-10-23 07:30:51');
INSERT INTO `users` (`id`, `phone`, `created_at`, `updated_at`) VALUES (7, '543-314-2590x30', '2014-10-07 22:59:16', '2012-03-04 14:38:05');
INSERT INTO `users` (`id`, `phone`, `created_at`, `updated_at`) VALUES (8, '1-491-802-1593x', '2019-01-21 12:11:17', '2020-01-02 20:03:23');
INSERT INTO `users` (`id`, `phone`, `created_at`, `updated_at`) VALUES (9, '1-859-942-1673', '2019-11-27 08:50:18', '2012-05-03 23:36:33');
INSERT INTO `users` (`id`, `phone`, `created_at`, `updated_at`) VALUES (10, '+36(8)281566609', '2019-05-19 20:30:58', '2019-07-04 14:34:36');
INSERT INTO `users` (`id`, `phone`, `created_at`, `updated_at`) VALUES (11, '(994)378-0205', '2011-03-14 01:33:56', '2013-08-16 02:22:52');
INSERT INTO `users` (`id`, `phone`, `created_at`, `updated_at`) VALUES (12, '1-163-472-0341', '2019-10-20 15:28:25', '2019-08-08 23:21:47');
INSERT INTO `users` (`id`, `phone`, `created_at`, `updated_at`) VALUES (13, '1-340-957-9447', '2015-12-25 13:45:57', '2019-04-09 17:47:58');
INSERT INTO `users` (`id`, `phone`, `created_at`, `updated_at`) VALUES (14, '571.923.9903x02', '2014-07-01 12:21:18', '2012-05-14 05:44:52');
INSERT INTO `users` (`id`, `phone`, `created_at`, `updated_at`) VALUES (15, '896-618-9802x25', '2010-09-03 18:36:48', '2013-03-23 07:30:21');
INSERT INTO `users` (`id`, `phone`, `created_at`, `updated_at`) VALUES (16, '(674)070-5605x5', '2011-01-30 03:33:47', '2019-08-19 23:13:39');
INSERT INTO `users` (`id`, `phone`, `created_at`, `updated_at`) VALUES (17, '08803867948', '2015-10-17 11:48:26', '2015-09-14 10:22:47');
INSERT INTO `users` (`id`, `phone`, `created_at`, `updated_at`) VALUES (18, '+10(5)328517271', '2018-02-22 02:07:38', '2018-07-27 05:48:50');
INSERT INTO `users` (`id`, `phone`, `created_at`, `updated_at`) VALUES (19, '(975)532-9844x1', '2015-12-01 16:05:52', '2018-11-24 03:25:51');
INSERT INTO `users` (`id`, `phone`, `created_at`, `updated_at`) VALUES (20, '1-419-216-7789x', '2015-12-29 16:09:10', '2015-06-27 16:50:02');
INSERT INTO `users` (`id`, `phone`, `created_at`, `updated_at`) VALUES (21, '1-380-312-4474x', '2019-10-21 00:40:58', '2014-09-21 21:12:11');
INSERT INTO `users` (`id`, `phone`, `created_at`, `updated_at`) VALUES (22, '1-207-459-4196', '2012-09-26 18:10:39', '2019-03-15 10:20:42');
INSERT INTO `users` (`id`, `phone`, `created_at`, `updated_at`) VALUES (23, '(257)918-3101', '2015-11-23 17:44:52', '2012-02-08 21:46:10');
INSERT INTO `users` (`id`, `phone`, `created_at`, `updated_at`) VALUES (24, '1-271-281-3235', '2015-03-21 14:18:05', '2018-01-05 04:50:33');
INSERT INTO `users` (`id`, `phone`, `created_at`, `updated_at`) VALUES (25, '09317704010', '2015-04-12 18:45:15', '2011-02-05 00:06:02');
INSERT INTO `users` (`id`, `phone`, `created_at`, `updated_at`) VALUES (26, '09130032820', '2014-02-06 00:30:40', '2018-03-28 01:54:41');
INSERT INTO `users` (`id`, `phone`, `created_at`, `updated_at`) VALUES (27, '809-336-1127', '2013-10-28 01:58:16', '2013-09-12 18:48:32');
INSERT INTO `users` (`id`, `phone`, `created_at`, `updated_at`) VALUES (28, '554-243-0144x21', '2010-07-06 06:34:58', '2015-03-13 12:54:24');
INSERT INTO `users` (`id`, `phone`, `created_at`, `updated_at`) VALUES (29, '537.444.0629', '2013-09-27 10:46:26', '2019-01-30 01:14:23');
INSERT INTO `users` (`id`, `phone`, `created_at`, `updated_at`) VALUES (30, '1-254-164-9018x', '2010-08-15 19:33:14', '2018-07-04 17:10:15');
INSERT INTO `users` (`id`, `phone`, `created_at`, `updated_at`) VALUES (31, '08125478257', '2015-02-12 00:30:34', '2013-06-22 07:04:11');
INSERT INTO `users` (`id`, `phone`, `created_at`, `updated_at`) VALUES (32, '1-036-171-3809x', '2018-04-27 14:50:50', '2012-09-20 16:54:24');
INSERT INTO `users` (`id`, `phone`, `created_at`, `updated_at`) VALUES (33, '307.520.2459x97', '2015-07-10 13:57:42', '2012-06-20 20:16:45');
INSERT INTO `users` (`id`, `phone`, `created_at`, `updated_at`) VALUES (34, '1-409-252-2866', '2015-01-09 09:55:06', '2017-05-31 18:00:17');
INSERT INTO `users` (`id`, `phone`, `created_at`, `updated_at`) VALUES (35, '+11(9)810834836', '2016-12-06 13:49:52', '2018-01-02 03:38:37');
INSERT INTO `users` (`id`, `phone`, `created_at`, `updated_at`) VALUES (36, '265.929.1478x22', '2012-09-02 03:00:49', '2014-01-14 18:40:55');
INSERT INTO `users` (`id`, `phone`, `created_at`, `updated_at`) VALUES (37, '839.776.4418x78', '2018-03-02 05:11:40', '2018-08-25 13:04:02');
INSERT INTO `users` (`id`, `phone`, `created_at`, `updated_at`) VALUES (38, '402-568-9076x25', '2014-05-05 23:50:25', '2011-12-29 23:04:59');
INSERT INTO `users` (`id`, `phone`, `created_at`, `updated_at`) VALUES (39, '078.632.9234', '2017-04-29 18:56:18', '2012-12-23 02:42:32');
INSERT INTO `users` (`id`, `phone`, `created_at`, `updated_at`) VALUES (40, '372-242-5882x64', '2010-09-14 14:35:27', '2012-12-04 22:58:04');
INSERT INTO `users` (`id`, `phone`, `created_at`, `updated_at`) VALUES (41, '406.303.5488x48', '2014-10-19 20:13:10', '2017-02-03 16:32:39');
INSERT INTO `users` (`id`, `phone`, `created_at`, `updated_at`) VALUES (42, '417.915.8083', '2015-11-21 19:35:46', '2014-11-28 12:34:57');
INSERT INTO `users` (`id`, `phone`, `created_at`, `updated_at`) VALUES (43, '(553)624-5026', '2014-08-28 02:37:38', '2012-05-29 23:40:00');
INSERT INTO `users` (`id`, `phone`, `created_at`, `updated_at`) VALUES (44, '1-117-360-5306x', '2013-12-28 01:27:25', '2018-10-24 01:47:38');
INSERT INTO `users` (`id`, `phone`, `created_at`, `updated_at`) VALUES (45, '(506)217-2347x7', '2017-04-14 08:40:06', '2016-07-04 06:48:16');
INSERT INTO `users` (`id`, `phone`, `created_at`, `updated_at`) VALUES (46, '781-039-4790x07', '2015-01-30 16:02:34', '2018-02-24 07:57:08');
INSERT INTO `users` (`id`, `phone`, `created_at`, `updated_at`) VALUES (47, '(923)570-2739x7', '2014-10-27 20:25:15', '2013-06-03 23:48:19');
INSERT INTO `users` (`id`, `phone`, `created_at`, `updated_at`) VALUES (48, '174-549-4400', '2013-09-14 08:09:57', '2015-12-07 13:18:43');
INSERT INTO `users` (`id`, `phone`, `created_at`, `updated_at`) VALUES (49, '274-148-2346', '2014-06-09 08:39:19', '2015-07-25 02:41:02');
INSERT INTO `users` (`id`, `phone`, `created_at`, `updated_at`) VALUES (50, '317-105-9424', '2012-05-15 22:41:08', '2010-05-24 10:30:53');
INSERT INTO `users` (`id`, `phone`, `created_at`, `updated_at`) VALUES (51, '154-680-9411x66', '2019-06-07 17:11:58', '2015-02-17 22:34:35');
INSERT INTO `users` (`id`, `phone`, `created_at`, `updated_at`) VALUES (52, '908.014.6478x07', '2016-07-24 16:40:30', '2016-10-05 00:11:28');
INSERT INTO `users` (`id`, `phone`, `created_at`, `updated_at`) VALUES (53, '410-484-8525', '2017-09-20 17:19:46', '2010-09-22 11:37:14');
INSERT INTO `users` (`id`, `phone`, `created_at`, `updated_at`) VALUES (54, '734.207.6997x54', '2019-08-14 05:11:04', '2013-12-13 07:18:53');
INSERT INTO `users` (`id`, `phone`, `created_at`, `updated_at`) VALUES (55, '1-744-041-3644x', '2016-10-23 16:42:16', '2013-07-14 20:36:37');
INSERT INTO `users` (`id`, `phone`, `created_at`, `updated_at`) VALUES (56, '1-499-818-3685', '2012-09-04 23:47:03', '2019-02-09 11:26:48');
INSERT INTO `users` (`id`, `phone`, `created_at`, `updated_at`) VALUES (57, '+81(3)826505614', '2018-10-11 03:57:50', '2015-12-29 11:31:35');
INSERT INTO `users` (`id`, `phone`, `created_at`, `updated_at`) VALUES (58, '+17(3)146855150', '2017-11-24 11:51:11', '2017-07-17 21:03:19');
INSERT INTO `users` (`id`, `phone`, `created_at`, `updated_at`) VALUES (59, '992-126-1352x97', '2015-05-03 07:47:16', '2011-09-02 05:06:29');
INSERT INTO `users` (`id`, `phone`, `created_at`, `updated_at`) VALUES (60, '(609)273-4109x4', '2016-12-25 13:07:19', '2012-06-02 06:56:38');
INSERT INTO `users` (`id`, `phone`, `created_at`, `updated_at`) VALUES (61, '206.982.4063x19', '2013-11-01 11:06:43', '2018-01-12 15:39:33');
INSERT INTO `users` (`id`, `phone`, `created_at`, `updated_at`) VALUES (62, '(634)698-5821', '2013-08-29 18:52:50', '2010-12-17 13:34:04');
INSERT INTO `users` (`id`, `phone`, `created_at`, `updated_at`) VALUES (63, '02306674495', '2010-10-28 19:08:07', '2018-09-05 13:23:57');
INSERT INTO `users` (`id`, `phone`, `created_at`, `updated_at`) VALUES (64, '106.130.8942x21', '2016-05-24 01:42:27', '2016-03-22 23:07:39');
INSERT INTO `users` (`id`, `phone`, `created_at`, `updated_at`) VALUES (65, '+96(1)898641376', '2019-10-12 11:27:12', '2017-10-31 11:05:55');
INSERT INTO `users` (`id`, `phone`, `created_at`, `updated_at`) VALUES (66, '078-449-8195', '2014-05-24 10:47:14', '2015-03-10 05:56:23');
INSERT INTO `users` (`id`, `phone`, `created_at`, `updated_at`) VALUES (67, '(396)546-6236x7', '2014-09-14 18:30:06', '2011-07-29 22:29:52');
INSERT INTO `users` (`id`, `phone`, `created_at`, `updated_at`) VALUES (68, '1-775-948-5330', '2015-10-14 10:17:25', '2020-01-27 16:29:08');
INSERT INTO `users` (`id`, `phone`, `created_at`, `updated_at`) VALUES (69, '(925)183-3503', '2011-06-10 16:05:57', '2013-12-23 06:03:07');
INSERT INTO `users` (`id`, `phone`, `created_at`, `updated_at`) VALUES (70, '1-114-985-2674x', '2017-01-08 22:29:07', '2012-11-29 21:30:43');
INSERT INTO `users` (`id`, `phone`, `created_at`, `updated_at`) VALUES (71, '(095)087-4772', '2012-08-08 14:20:26', '2013-01-21 12:02:30');
INSERT INTO `users` (`id`, `phone`, `created_at`, `updated_at`) VALUES (72, '(148)683-5380x4', '2018-06-25 13:37:17', '2016-11-04 10:03:08');
INSERT INTO `users` (`id`, `phone`, `created_at`, `updated_at`) VALUES (73, '(505)081-9436x9', '2010-08-31 20:17:58', '2016-10-10 03:55:28');
INSERT INTO `users` (`id`, `phone`, `created_at`, `updated_at`) VALUES (74, '217-229-9318', '2012-04-30 15:07:51', '2018-03-05 12:42:14');
INSERT INTO `users` (`id`, `phone`, `created_at`, `updated_at`) VALUES (75, '974-705-9686', '2011-06-18 23:13:47', '2016-07-03 10:11:16');
INSERT INTO `users` (`id`, `phone`, `created_at`, `updated_at`) VALUES (76, '121.628.0258x64', '2013-02-17 01:54:39', '2014-03-16 08:10:10');
INSERT INTO `users` (`id`, `phone`, `created_at`, `updated_at`) VALUES (77, '04424809392', '2013-04-02 13:49:08', '2015-07-29 09:23:12');
INSERT INTO `users` (`id`, `phone`, `created_at`, `updated_at`) VALUES (78, '1-303-439-8347x', '2010-12-03 07:20:42', '2010-06-18 17:34:39');
INSERT INTO `users` (`id`, `phone`, `created_at`, `updated_at`) VALUES (79, '(659)684-8633x2', '2011-04-13 15:49:48', '2019-09-24 11:17:04');
INSERT INTO `users` (`id`, `phone`, `created_at`, `updated_at`) VALUES (80, '950.376.4326x03', '2014-12-11 19:45:38', '2014-04-30 20:44:27');
INSERT INTO `users` (`id`, `phone`, `created_at`, `updated_at`) VALUES (81, '348-341-4271', '2012-10-04 10:01:40', '2011-08-21 16:48:50');
INSERT INTO `users` (`id`, `phone`, `created_at`, `updated_at`) VALUES (82, '+32(2)635379783', '2014-04-13 13:59:17', '2011-01-14 18:14:16');
INSERT INTO `users` (`id`, `phone`, `created_at`, `updated_at`) VALUES (83, '07343342698', '2016-08-15 02:57:33', '2019-06-25 03:37:32');
INSERT INTO `users` (`id`, `phone`, `created_at`, `updated_at`) VALUES (84, '489.175.2942x13', '2011-03-19 21:29:53', '2017-07-15 14:44:42');
INSERT INTO `users` (`id`, `phone`, `created_at`, `updated_at`) VALUES (85, '(702)994-3687x6', '2019-04-29 12:57:41', '2012-04-26 10:23:49');
INSERT INTO `users` (`id`, `phone`, `created_at`, `updated_at`) VALUES (86, '279.492.1613', '2014-02-24 07:10:01', '2019-07-14 09:20:08');
INSERT INTO `users` (`id`, `phone`, `created_at`, `updated_at`) VALUES (87, '+12(4)810673738', '2013-11-03 02:14:19', '2016-11-25 07:44:14');
INSERT INTO `users` (`id`, `phone`, `created_at`, `updated_at`) VALUES (88, '(037)002-5521', '2013-03-03 06:48:16', '2015-07-05 23:25:30');
INSERT INTO `users` (`id`, `phone`, `created_at`, `updated_at`) VALUES (89, '536-956-9254x84', '2016-05-04 11:14:45', '2012-07-22 09:32:52');
INSERT INTO `users` (`id`, `phone`, `created_at`, `updated_at`) VALUES (90, '(328)887-9031x4', '2011-04-24 09:11:24', '2012-01-28 10:46:20');
INSERT INTO `users` (`id`, `phone`, `created_at`, `updated_at`) VALUES (91, '1-015-344-8502x', '2019-01-09 23:02:20', '2017-12-01 11:48:02');
INSERT INTO `users` (`id`, `phone`, `created_at`, `updated_at`) VALUES (92, '271-135-7842x63', '2014-09-19 01:02:41', '2013-07-15 06:20:38');
INSERT INTO `users` (`id`, `phone`, `created_at`, `updated_at`) VALUES (93, '(960)416-1379x9', '2017-01-05 15:41:27', '2017-05-10 23:36:26');
INSERT INTO `users` (`id`, `phone`, `created_at`, `updated_at`) VALUES (94, '966-456-2254', '2015-01-04 02:53:44', '2010-05-13 10:50:17');
INSERT INTO `users` (`id`, `phone`, `created_at`, `updated_at`) VALUES (95, '472.887.3390', '2016-02-10 20:28:34', '2019-01-20 00:47:49');
INSERT INTO `users` (`id`, `phone`, `created_at`, `updated_at`) VALUES (96, '(260)243-1885x0', '2011-09-27 12:07:58', '2019-10-23 10:29:37');
INSERT INTO `users` (`id`, `phone`, `created_at`, `updated_at`) VALUES (97, '238.974.8510x64', '2010-09-30 21:58:46', '2014-02-25 21:39:50');
INSERT INTO `users` (`id`, `phone`, `created_at`, `updated_at`) VALUES (98, '(969)363-3097x1', '2014-07-27 00:28:20', '2011-01-22 13:40:28');
INSERT INTO `users` (`id`, `phone`, `created_at`, `updated_at`) VALUES (99, '1-491-981-0479', '2018-04-19 23:44:32', '2013-04-29 18:52:13');
INSERT INTO `users` (`id`, `phone`, `created_at`, `updated_at`) VALUES (100, '(650)604-4486x8', '2016-02-06 03:50:48', '2012-09-09 17:37:39');

-- заполнение profiles

INSERT INTO `profiles` (`user_id`, `first_name`, `last_name`, `middle_name`, `email`, `gender`, `birthday`, `discount_id`, `created_at`, `updated_at`) VALUES (1, 'Granville', 'Wolff', 'Dion', 'bernhard.willard@example.com', 'm', '1993-08-15', 1, '2011-10-10 16:11:26', '2015-10-26 15:59:03');
INSERT INTO `profiles` (`user_id`, `first_name`, `last_name`, `middle_name`, `email`, `gender`, `birthday`, `discount_id`, `created_at`, `updated_at`) VALUES (2, 'Shemar', 'Anderson', 'Orland', 'pkuhn@example.com', 'm', '1991-07-20', 1, '2016-07-30 23:00:12', '2020-02-17 12:18:29');
INSERT INTO `profiles` (`user_id`, `first_name`, `last_name`, `middle_name`, `email`, `gender`, `birthday`, `discount_id`, `created_at`, `updated_at`) VALUES (3, 'Shad', 'Howell', '', 'rosenbaum.maryse@example.net', 'f', '2008-11-19', 1, '2012-06-09 22:35:59', '2018-07-01 22:53:47');
INSERT INTO `profiles` (`user_id`, `first_name`, `last_name`, `middle_name`, `email`, `gender`, `birthday`, `discount_id`, `created_at`, `updated_at`) VALUES (4, 'Magdalen', 'Runolfsdottir', 'Brennon', 'eugene.kiehn@example.net', 'f', '1970-11-27', 1, '2010-11-06 06:29:58', '2013-03-06 08:28:57');
INSERT INTO `profiles` (`user_id`, `first_name`, `last_name`, `middle_name`, `email`, `gender`, `birthday`, `discount_id`, `created_at`, `updated_at`) VALUES (5, 'Vella', 'Steuber', 'Lawrence', 'kaylie72@example.org', 'm', '1984-01-26', 1, '2016-08-17 17:35:37', '2017-12-25 10:36:12');
INSERT INTO `profiles` (`user_id`, `first_name`, `last_name`, `middle_name`, `email`, `gender`, `birthday`, `discount_id`, `created_at`, `updated_at`) VALUES (6, 'Ashton', 'Williamson', 'Madyson', 'nienow.carleton@example.com', 'm', '2003-01-12', 1, '2016-01-29 13:47:14', '2012-07-19 23:37:12');
INSERT INTO `profiles` (`user_id`, `first_name`, `last_name`, `middle_name`, `email`, `gender`, `birthday`, `discount_id`, `created_at`, `updated_at`) VALUES (7, 'Lance', 'Wehner', 'Dominic', 'brain14@example.org', 'f', '1993-10-31', 1, '2010-12-31 00:03:22', '2015-05-29 03:40:15');
INSERT INTO `profiles` (`user_id`, `first_name`, `last_name`, `middle_name`, `email`, `gender`, `birthday`, `discount_id`, `created_at`, `updated_at`) VALUES (8, 'Elian', 'Halvorson', '', 'vivian.cruickshank@example.com', 'm', '2018-12-27', 1, '2013-11-08 19:15:26', '2016-12-20 10:31:22');
INSERT INTO `profiles` (`user_id`, `first_name`, `last_name`, `middle_name`, `email`, `gender`, `birthday`, `discount_id`, `created_at`, `updated_at`) VALUES (9, 'Matteo', 'Schuppe', 'Maximo', 'schowalter.alexander@example.org', 'm', '2015-10-12', 1, '2012-02-16 19:58:31', '2019-08-13 10:47:06');
INSERT INTO `profiles` (`user_id`, `first_name`, `last_name`, `middle_name`, `email`, `gender`, `birthday`, `discount_id`, `created_at`, `updated_at`) VALUES (10, 'Yvonne', 'Wilderman', 'Kareem', 'koelpin.petra@example.com', 'm', '1970-12-26', 1, '2012-07-30 06:24:06', '2016-03-01 05:54:06');
INSERT INTO `profiles` (`user_id`, `first_name`, `last_name`, `middle_name`, `email`, `gender`, `birthday`, `discount_id`, `created_at`, `updated_at`) VALUES (11, 'Timmy', 'Kuphal', '', 'zturner@example.net', 'f', '2002-02-19', 1, '2014-08-14 02:40:30', '2020-03-24 20:53:13');
INSERT INTO `profiles` (`user_id`, `first_name`, `last_name`, `middle_name`, `email`, `gender`, `birthday`, `discount_id`, `created_at`, `updated_at`) VALUES (12, 'Dorothea', 'Ferry', '', 'chaz39@example.net', 'f', '1980-01-15', 1, '2012-10-17 19:14:10', '2014-08-14 20:08:08');
INSERT INTO `profiles` (`user_id`, `first_name`, `last_name`, `middle_name`, `email`, `gender`, `birthday`, `discount_id`, `created_at`, `updated_at`) VALUES (13, 'Daniella', 'Oberbrunner', 'Marcus', 'otto.emard@example.net', 'f', '1998-03-19', 1, '2014-03-29 06:27:08', '2013-01-02 08:17:09');
INSERT INTO `profiles` (`user_id`, `first_name`, `last_name`, `middle_name`, `email`, `gender`, `birthday`, `discount_id`, `created_at`, `updated_at`) VALUES (14, 'Trystan', 'VonRueden', 'Camden', 'lebsack.godfrey@example.com', 'm', '1978-07-18', 1, '2011-01-16 09:01:59', '2018-02-18 00:31:44');
INSERT INTO `profiles` (`user_id`, `first_name`, `last_name`, `middle_name`, `email`, `gender`, `birthday`, `discount_id`, `created_at`, `updated_at`) VALUES (15, 'Silas', 'Jaskolski', '', 'bailey.vincent@example.org', 'f', '1983-04-21', 1, '2013-01-26 02:37:30', '2013-05-15 01:23:56');
INSERT INTO `profiles` (`user_id`, `first_name`, `last_name`, `middle_name`, `email`, `gender`, `birthday`, `discount_id`, `created_at`, `updated_at`) VALUES (16, 'Troy', 'Green', '', 'tlangworth@example.net', 'f', '1983-04-18', 1, '2012-06-18 07:14:47', '2020-03-01 13:29:59');
INSERT INTO `profiles` (`user_id`, `first_name`, `last_name`, `middle_name`, `email`, `gender`, `birthday`, `discount_id`, `created_at`, `updated_at`) VALUES (17, 'Ralph', 'Wisoky', 'Maxine', 'champlin.tyrel@example.org', 'm', '1986-01-20', 1, '2018-09-03 21:13:12', '2017-07-12 16:11:49');
INSERT INTO `profiles` (`user_id`, `first_name`, `last_name`, `middle_name`, `email`, `gender`, `birthday`, `discount_id`, `created_at`, `updated_at`) VALUES (18, 'Walker', 'Goyette', '', 'tpagac@example.com', 'm', '2008-09-23', 1, '2015-08-02 20:34:42', '2018-07-15 16:44:24');
INSERT INTO `profiles` (`user_id`, `first_name`, `last_name`, `middle_name`, `email`, `gender`, `birthday`, `discount_id`, `created_at`, `updated_at`) VALUES (19, 'Henderson', 'Dach', 'Judd', 'vklocko@example.net', 'm', '1975-04-09', 1, '2015-06-15 13:56:48', '2015-09-21 21:18:59');
INSERT INTO `profiles` (`user_id`, `first_name`, `last_name`, `middle_name`, `email`, `gender`, `birthday`, `discount_id`, `created_at`, `updated_at`) VALUES (20, 'Kathryne', 'Miller', '', 'naomie.borer@example.org', 'm', '2008-01-16', 1, '2010-06-23 05:28:03', '2019-06-02 17:26:37');
INSERT INTO `profiles` (`user_id`, `first_name`, `last_name`, `middle_name`, `email`, `gender`, `birthday`, `discount_id`, `created_at`, `updated_at`) VALUES (21, 'Jody', 'Cronin', 'Kristoffer', 'raynor.emiliano@example.com', 'm', '1982-03-12', 1, '2014-01-20 22:43:58', '2011-12-26 00:14:13');
INSERT INTO `profiles` (`user_id`, `first_name`, `last_name`, `middle_name`, `email`, `gender`, `birthday`, `discount_id`, `created_at`, `updated_at`) VALUES (22, 'Abigayle', 'Mante', 'Claud', 'alva25@example.org', 'f', '2013-09-19', 1, '2014-09-17 08:46:38', '2013-01-18 23:56:41');
INSERT INTO `profiles` (`user_id`, `first_name`, `last_name`, `middle_name`, `email`, `gender`, `birthday`, `discount_id`, `created_at`, `updated_at`) VALUES (23, 'Trace', 'Armstrong', '', 'clement14@example.com', 'm', '1991-09-03', 1, '2020-01-24 11:10:43', '2018-05-07 23:02:57');
INSERT INTO `profiles` (`user_id`, `first_name`, `last_name`, `middle_name`, `email`, `gender`, `birthday`, `discount_id`, `created_at`, `updated_at`) VALUES (24, 'Georgianna', 'McLaughlin', '', 'winnifred.dietrich@example.com', 'm', '2003-11-15', 1, '2010-07-12 03:26:57', '2016-01-03 12:06:26');
INSERT INTO `profiles` (`user_id`, `first_name`, `last_name`, `middle_name`, `email`, `gender`, `birthday`, `discount_id`, `created_at`, `updated_at`) VALUES (25, 'Weston', 'Block', '', 'oklocko@example.net', 'm', '2003-12-17', 1, '2010-10-07 15:29:37', '2017-05-01 09:18:04');
INSERT INTO `profiles` (`user_id`, `first_name`, `last_name`, `middle_name`, `email`, `gender`, `birthday`, `discount_id`, `created_at`, `updated_at`) VALUES (26, 'Makenzie', 'Hahn', '', 'mfritsch@example.com', 'm', '1983-05-10', 1, '2011-12-24 04:16:49', '2017-03-03 08:33:39');
INSERT INTO `profiles` (`user_id`, `first_name`, `last_name`, `middle_name`, `email`, `gender`, `birthday`, `discount_id`, `created_at`, `updated_at`) VALUES (27, 'Godfrey', 'Kilback', 'Weldon', 'gusikowski.valentine@example.org', 'f', '2011-09-15', 1, '2019-05-30 01:52:22', '2019-10-24 01:53:17');
INSERT INTO `profiles` (`user_id`, `first_name`, `last_name`, `middle_name`, `email`, `gender`, `birthday`, `discount_id`, `created_at`, `updated_at`) VALUES (28, 'Meredith', 'Von', '', 'considine.winifred@example.org', 'f', '1993-09-22', 1, '2012-01-26 05:12:37', '2010-11-19 11:29:51');
INSERT INTO `profiles` (`user_id`, `first_name`, `last_name`, `middle_name`, `email`, `gender`, `birthday`, `discount_id`, `created_at`, `updated_at`) VALUES (29, 'Daphne', 'Tromp', '', 'earnest05@example.net', 'f', '2006-04-26', 1, '2016-01-14 09:01:11', '2011-03-18 23:12:43');
INSERT INTO `profiles` (`user_id`, `first_name`, `last_name`, `middle_name`, `email`, `gender`, `birthday`, `discount_id`, `created_at`, `updated_at`) VALUES (30, 'Liliane', 'Streich', '', 'eleannon@example.org', 'm', '1979-02-15', 1, '2010-10-19 17:47:10', '2011-01-26 20:30:54');
INSERT INTO `profiles` (`user_id`, `first_name`, `last_name`, `middle_name`, `email`, `gender`, `birthday`, `discount_id`, `created_at`, `updated_at`) VALUES (31, 'Dimitri', 'Wilderman', '', 'dietrich.katlynn@example.net', 'f', '1994-06-22', 1, '2017-01-15 08:24:49', '2017-09-11 20:45:27');
INSERT INTO `profiles` (`user_id`, `first_name`, `last_name`, `middle_name`, `email`, `gender`, `birthday`, `discount_id`, `created_at`, `updated_at`) VALUES (32, 'Isobel', 'Leannon', '', 'btowne@example.org', 'm', '1987-07-26', 1, '2018-05-27 12:32:00', '2013-07-07 00:23:30');
INSERT INTO `profiles` (`user_id`, `first_name`, `last_name`, `middle_name`, `email`, `gender`, `birthday`, `discount_id`, `created_at`, `updated_at`) VALUES (33, 'Audra', 'Leffler', 'Rory', 'tevin15@example.com', 'f', '2014-10-14', 1, '2012-04-23 17:36:08', '2016-11-30 03:03:44');
INSERT INTO `profiles` (`user_id`, `first_name`, `last_name`, `middle_name`, `email`, `gender`, `birthday`, `discount_id`, `created_at`, `updated_at`) VALUES (34, 'Kailee', 'Kihn', 'Jasen', 'rachel.ruecker@example.org', 'm', '1974-02-26', 1, '2012-09-24 08:21:06', '2017-06-26 01:54:34');
INSERT INTO `profiles` (`user_id`, `first_name`, `last_name`, `middle_name`, `email`, `gender`, `birthday`, `discount_id`, `created_at`, `updated_at`) VALUES (35, 'Ashlee', 'Klocko', 'Aurelio', 'norma.ebert@example.net', 'f', '1997-05-11', 1, '2014-12-27 10:32:11', '2016-12-28 16:46:49');
INSERT INTO `profiles` (`user_id`, `first_name`, `last_name`, `middle_name`, `email`, `gender`, `birthday`, `discount_id`, `created_at`, `updated_at`) VALUES (36, 'Owen', 'Kemmer', 'Alek', 'walter.anika@example.com', 'm', '1976-02-06', 1, '2015-11-29 13:01:59', '2017-05-09 03:26:58');
INSERT INTO `profiles` (`user_id`, `first_name`, `last_name`, `middle_name`, `email`, `gender`, `birthday`, `discount_id`, `created_at`, `updated_at`) VALUES (37, 'Burnice', 'Upton', 'Bobby', 'roob.hyman@example.net', 'f', '1985-04-04', 1, '2012-04-15 07:29:40', '2017-04-14 14:58:39');
INSERT INTO `profiles` (`user_id`, `first_name`, `last_name`, `middle_name`, `email`, `gender`, `birthday`, `discount_id`, `created_at`, `updated_at`) VALUES (38, 'Ronny', 'Walsh', 'Jayme', 'jace.feil@example.org', 'm', '1990-03-13', 1, '2015-11-13 18:15:49', '2018-01-18 16:26:41');
INSERT INTO `profiles` (`user_id`, `first_name`, `last_name`, `middle_name`, `email`, `gender`, `birthday`, `discount_id`, `created_at`, `updated_at`) VALUES (39, 'Toby', 'Cormier', '', 'kaci.jacobson@example.com', 'm', '1993-06-02', 1, '2013-03-29 12:39:34', '2016-07-27 15:08:49');
INSERT INTO `profiles` (`user_id`, `first_name`, `last_name`, `middle_name`, `email`, `gender`, `birthday`, `discount_id`, `created_at`, `updated_at`) VALUES (40, 'Paris', 'Bahringer', '', 'skylar29@example.com', 'f', '1975-05-11', 1, '2015-11-10 13:29:51', '2019-10-15 10:52:49');
INSERT INTO `profiles` (`user_id`, `first_name`, `last_name`, `middle_name`, `email`, `gender`, `birthday`, `discount_id`, `created_at`, `updated_at`) VALUES (41, 'Idella', 'Adams', '', 'mbartell@example.org', 'f', '1974-01-21', 1, '2017-03-12 04:45:40', '2020-01-31 07:12:03');
INSERT INTO `profiles` (`user_id`, `first_name`, `last_name`, `middle_name`, `email`, `gender`, `birthday`, `discount_id`, `created_at`, `updated_at`) VALUES (42, 'Chelsie', 'Collins', '', 'mariah43@example.com', 'm', '1998-11-16', 1, '2013-09-18 03:19:23', '2015-07-18 04:08:07');
INSERT INTO `profiles` (`user_id`, `first_name`, `last_name`, `middle_name`, `email`, `gender`, `birthday`, `discount_id`, `created_at`, `updated_at`) VALUES (43, 'Tanner', 'Kilback', 'Jeremy', 'ritchie.mervin@example.org', 'm', '1977-05-17', 1, '2019-04-15 12:24:24', '2010-05-09 15:05:07');
INSERT INTO `profiles` (`user_id`, `first_name`, `last_name`, `middle_name`, `email`, `gender`, `birthday`, `discount_id`, `created_at`, `updated_at`) VALUES (44, 'Norbert', 'Hettinger', '', 'green.paxton@example.org', 'm', '2016-10-10', 1, '2010-11-08 20:30:45', '2011-11-28 06:54:27');
INSERT INTO `profiles` (`user_id`, `first_name`, `last_name`, `middle_name`, `email`, `gender`, `birthday`, `discount_id`, `created_at`, `updated_at`) VALUES (45, 'Yasmin', 'Satterfield', 'Tyrese', 'mills.maxine@example.net', 'f', '2008-10-17', 1, '2015-01-07 22:36:58', '2020-01-02 21:53:05');
INSERT INTO `profiles` (`user_id`, `first_name`, `last_name`, `middle_name`, `email`, `gender`, `birthday`, `discount_id`, `created_at`, `updated_at`) VALUES (46, 'Vivianne', 'Fisher', '', 'ernesto.cummerata@example.org', 'f', '1977-12-14', 1, '2012-01-13 17:15:46', '2012-03-05 03:49:05');
INSERT INTO `profiles` (`user_id`, `first_name`, `last_name`, `middle_name`, `email`, `gender`, `birthday`, `discount_id`, `created_at`, `updated_at`) VALUES (47, 'Orville', 'Smitham', 'Antwon', 'buford55@example.net', 'f', '2007-08-03', 1, '2013-10-09 02:30:50', '2018-01-09 20:24:46');
INSERT INTO `profiles` (`user_id`, `first_name`, `last_name`, `middle_name`, `email`, `gender`, `birthday`, `discount_id`, `created_at`, `updated_at`) VALUES (48, 'Liam', 'Miller', '', 'king.mike@example.com', 'm', '2000-02-28', 1, '2013-08-28 15:15:51', '2015-04-09 00:06:40');
INSERT INTO `profiles` (`user_id`, `first_name`, `last_name`, `middle_name`, `email`, `gender`, `birthday`, `discount_id`, `created_at`, `updated_at`) VALUES (49, 'Hulda', 'Prohaska', 'Keyshawn', 'randi.dicki@example.org', 'f', '2007-09-02', 1, '2018-12-29 13:27:09', '2015-01-19 05:09:35');
INSERT INTO `profiles` (`user_id`, `first_name`, `last_name`, `middle_name`, `email`, `gender`, `birthday`, `discount_id`, `created_at`, `updated_at`) VALUES (50, 'Maximo', 'O\'Hara', '', 'nicolas.anabelle@example.com', 'f', '1999-07-29', 1, '2018-09-28 23:59:08', '2014-05-04 00:56:27');
INSERT INTO `profiles` (`user_id`, `first_name`, `last_name`, `middle_name`, `email`, `gender`, `birthday`, `discount_id`, `created_at`, `updated_at`) VALUES (51, 'Lucienne', 'Nader', '', 'bernier.trace@example.net', 'm', '1981-06-13', 1, '2020-04-09 17:44:54', '2015-06-05 14:25:00');
INSERT INTO `profiles` (`user_id`, `first_name`, `last_name`, `middle_name`, `email`, `gender`, `birthday`, `discount_id`, `created_at`, `updated_at`) VALUES (52, 'Jerad', 'Upton', '', 'kenyon76@example.com', 'm', '2004-12-20', 1, '2018-06-28 01:27:19', '2010-09-09 19:03:29');
INSERT INTO `profiles` (`user_id`, `first_name`, `last_name`, `middle_name`, `email`, `gender`, `birthday`, `discount_id`, `created_at`, `updated_at`) VALUES (53, 'Everardo', 'Kuhic', '', 'mcclure.carolyne@example.net', 'm', '2020-03-06', 1, '2020-02-07 04:31:25', '2013-01-28 17:25:26');
INSERT INTO `profiles` (`user_id`, `first_name`, `last_name`, `middle_name`, `email`, `gender`, `birthday`, `discount_id`, `created_at`, `updated_at`) VALUES (54, 'Adell', 'Bode', '', 'gottlieb.sydnie@example.com', 'm', '2014-04-20', 1, '2015-07-12 14:39:28', '2016-08-31 04:49:52');
INSERT INTO `profiles` (`user_id`, `first_name`, `last_name`, `middle_name`, `email`, `gender`, `birthday`, `discount_id`, `created_at`, `updated_at`) VALUES (55, 'Santina', 'Harris', '', 'uconnelly@example.net', 'f', '1992-06-11', 1, '2011-12-15 19:39:50', '2011-12-12 01:42:24');
INSERT INTO `profiles` (`user_id`, `first_name`, `last_name`, `middle_name`, `email`, `gender`, `birthday`, `discount_id`, `created_at`, `updated_at`) VALUES (56, 'Letitia', 'Ward', 'Joaquin', 'phegmann@example.org', 'm', '2006-09-11', 1, '2014-01-16 22:24:56', '2016-09-20 19:22:20');
INSERT INTO `profiles` (`user_id`, `first_name`, `last_name`, `middle_name`, `email`, `gender`, `birthday`, `discount_id`, `created_at`, `updated_at`) VALUES (57, 'Enrico', 'Rolfson', '', 'alta.langosh@example.org', 'm', '1984-07-09', 1, '2011-06-19 03:33:17', '2016-06-10 09:58:03');
INSERT INTO `profiles` (`user_id`, `first_name`, `last_name`, `middle_name`, `email`, `gender`, `birthday`, `discount_id`, `created_at`, `updated_at`) VALUES (58, 'Douglas', 'Armstrong', '', 'fanny.lowe@example.net', 'f', '1992-08-11', 1, '2018-09-27 05:31:59', '2014-03-11 19:11:42');
INSERT INTO `profiles` (`user_id`, `first_name`, `last_name`, `middle_name`, `email`, `gender`, `birthday`, `discount_id`, `created_at`, `updated_at`) VALUES (59, 'Julien', 'Turcotte', 'Adriel', 'ivon@example.com', 'f', '2009-03-04', 1, '2013-03-17 09:46:37', '2015-06-22 18:22:09');
INSERT INTO `profiles` (`user_id`, `first_name`, `last_name`, `middle_name`, `email`, `gender`, `birthday`, `discount_id`, `created_at`, `updated_at`) VALUES (60, 'Eudora', 'Metz', 'Keshaun', 'ishanahan@example.org', 'f', '1980-04-04', 1, '2017-03-02 17:24:16', '2014-01-01 12:19:30');
INSERT INTO `profiles` (`user_id`, `first_name`, `last_name`, `middle_name`, `email`, `gender`, `birthday`, `discount_id`, `created_at`, `updated_at`) VALUES (61, 'Ezequiel', 'Ward', '', 'aliyah.sawayn@example.net', 'm', '1975-05-16', 1, '2019-08-16 00:25:38', '2011-02-28 03:15:00');
INSERT INTO `profiles` (`user_id`, `first_name`, `last_name`, `middle_name`, `email`, `gender`, `birthday`, `discount_id`, `created_at`, `updated_at`) VALUES (62, 'Dixie', 'Maggio', '', 'carole.oberbrunner@example.org', 'm', '1978-09-13', 1, '2012-03-18 12:16:59', '2018-12-21 14:24:18');
INSERT INTO `profiles` (`user_id`, `first_name`, `last_name`, `middle_name`, `email`, `gender`, `birthday`, `discount_id`, `created_at`, `updated_at`) VALUES (63, 'Frankie', 'Mills', '', 'jovani68@example.com', 'm', '2013-09-30', 1, '2012-03-11 01:21:14', '2012-06-18 22:02:18');
INSERT INTO `profiles` (`user_id`, `first_name`, `last_name`, `middle_name`, `email`, `gender`, `birthday`, `discount_id`, `created_at`, `updated_at`) VALUES (64, 'Wava', 'Volkman', '', 'reichmann@example.org', 'm', '2011-06-15', 1, '2012-01-28 22:12:02', '2011-10-29 15:42:43');
INSERT INTO `profiles` (`user_id`, `first_name`, `last_name`, `middle_name`, `email`, `gender`, `birthday`, `discount_id`, `created_at`, `updated_at`) VALUES (65, 'Cara', 'Monahan', 'Monserrate', 'ron.schulist@example.com', 'm', '2016-06-23', 1, '2019-11-13 15:48:57', '2013-09-17 06:14:47');
INSERT INTO `profiles` (`user_id`, `first_name`, `last_name`, `middle_name`, `email`, `gender`, `birthday`, `discount_id`, `created_at`, `updated_at`) VALUES (66, 'Meggie', 'Torphy', '', 'lenore.jast@example.org', 'm', '1980-03-18', 1, '2018-03-05 22:32:03', '2020-01-13 11:45:20');
INSERT INTO `profiles` (`user_id`, `first_name`, `last_name`, `middle_name`, `email`, `gender`, `birthday`, `discount_id`, `created_at`, `updated_at`) VALUES (67, 'Lillie', 'Nolan', 'Kamren', 'hudson.lorenz@example.net', 'f', '2000-11-13', 1, '2011-03-10 09:31:56', '2017-05-24 04:01:49');
INSERT INTO `profiles` (`user_id`, `first_name`, `last_name`, `middle_name`, `email`, `gender`, `birthday`, `discount_id`, `created_at`, `updated_at`) VALUES (68, 'Mellie', 'Hodkiewicz', 'Cleve', 'kamryn70@example.net', 'm', '2011-02-12', 1, '2019-12-09 08:10:25', '2014-07-13 06:24:44');
INSERT INTO `profiles` (`user_id`, `first_name`, `last_name`, `middle_name`, `email`, `gender`, `birthday`, `discount_id`, `created_at`, `updated_at`) VALUES (69, 'Afton', 'Kling', '', 'lbartoletti@example.com', 'm', '1987-09-08', 1, '2013-03-01 01:53:28', '2018-08-08 18:18:53');
INSERT INTO `profiles` (`user_id`, `first_name`, `last_name`, `middle_name`, `email`, `gender`, `birthday`, `discount_id`, `created_at`, `updated_at`) VALUES (70, 'Jalyn', 'Hickle', '', 'alex11@example.net', 'm', '1977-03-24', 1, '2011-02-21 04:14:10', '2019-12-13 18:45:16');
INSERT INTO `profiles` (`user_id`, `first_name`, `last_name`, `middle_name`, `email`, `gender`, `birthday`, `discount_id`, `created_at`, `updated_at`) VALUES (71, 'Flossie', 'Walter', 'Hipolito', 'flavie.thompson@example.com', 'f', '2015-01-05', 1, '2013-01-04 22:54:27', '2018-10-27 22:11:55');
INSERT INTO `profiles` (`user_id`, `first_name`, `last_name`, `middle_name`, `email`, `gender`, `birthday`, `discount_id`, `created_at`, `updated_at`) VALUES (72, 'Earl', 'Johnston', '', 'cbernier@example.com', 'm', '1980-07-30', 1, '2018-10-11 20:58:08', '2014-05-15 15:52:17');
INSERT INTO `profiles` (`user_id`, `first_name`, `last_name`, `middle_name`, `email`, `gender`, `birthday`, `discount_id`, `created_at`, `updated_at`) VALUES (73, 'Kane', 'Turcotte', '', 'orpha.effertz@example.com', 'm', '1999-05-22', 1, '2014-11-30 10:22:22', '2014-07-10 17:20:02');
INSERT INTO `profiles` (`user_id`, `first_name`, `last_name`, `middle_name`, `email`, `gender`, `birthday`, `discount_id`, `created_at`, `updated_at`) VALUES (74, 'Sierra', 'Gusikowski', 'Melvina', 'mariam92@example.net', 'f', '1970-06-14', 1, '2010-10-24 02:25:52', '2020-04-08 10:13:33');
INSERT INTO `profiles` (`user_id`, `first_name`, `last_name`, `middle_name`, `email`, `gender`, `birthday`, `discount_id`, `created_at`, `updated_at`) VALUES (75, 'Kevin', 'Leuschke', 'Samson', 'jaclyn.rippin@example.net', 'f', '1998-05-21', 1, '2010-12-27 20:22:02', '2019-11-03 22:12:13');
INSERT INTO `profiles` (`user_id`, `first_name`, `last_name`, `middle_name`, `email`, `gender`, `birthday`, `discount_id`, `created_at`, `updated_at`) VALUES (76, 'Beulah', 'Keeling', '', 'collier.mitchell@example.net', 'm', '1971-03-01', 1, '2018-02-27 11:04:16', '2011-07-31 09:57:52');
INSERT INTO `profiles` (`user_id`, `first_name`, `last_name`, `middle_name`, `email`, `gender`, `birthday`, `discount_id`, `created_at`, `updated_at`) VALUES (77, 'Ashlynn', 'Cole', 'Diego', 'legros.allan@example.com', 'm', '2008-08-15', 1, '2016-02-19 05:04:20', '2011-01-23 07:22:24');
INSERT INTO `profiles` (`user_id`, `first_name`, `last_name`, `middle_name`, `email`, `gender`, `birthday`, `discount_id`, `created_at`, `updated_at`) VALUES (78, 'Hilario', 'Becker', '', 'tom53@example.net', 'f', '1976-08-25', 1, '2019-10-31 12:00:09', '2019-12-26 04:51:00');
INSERT INTO `profiles` (`user_id`, `first_name`, `last_name`, `middle_name`, `email`, `gender`, `birthday`, `discount_id`, `created_at`, `updated_at`) VALUES (79, 'Stefan', 'Gerhold', '', 'jalen63@example.org', 'm', '2013-02-06', 1, '2018-03-09 14:35:30', '2018-05-13 10:43:31');
INSERT INTO `profiles` (`user_id`, `first_name`, `last_name`, `middle_name`, `email`, `gender`, `birthday`, `discount_id`, `created_at`, `updated_at`) VALUES (80, 'Estevan', 'Ondricka', '', 'marvin.oran@example.org', 'f', '1997-12-26', 1, '2015-08-28 07:08:10', '2011-07-22 23:31:24');
INSERT INTO `profiles` (`user_id`, `first_name`, `last_name`, `middle_name`, `email`, `gender`, `birthday`, `discount_id`, `created_at`, `updated_at`) VALUES (81, 'Frederick', 'Gutmann', 'Sonny', 'nmoen@example.org', 'f', '2003-03-27', 1, '2012-03-25 08:54:54', '2015-09-05 05:57:18');
INSERT INTO `profiles` (`user_id`, `first_name`, `last_name`, `middle_name`, `email`, `gender`, `birthday`, `discount_id`, `created_at`, `updated_at`) VALUES (82, 'Yasmin', 'Haag', '', 'qjacobi@example.com', 'f', '1984-10-13', 1, '2017-05-11 21:16:35', '2010-10-11 22:19:00');
INSERT INTO `profiles` (`user_id`, `first_name`, `last_name`, `middle_name`, `email`, `gender`, `birthday`, `discount_id`, `created_at`, `updated_at`) VALUES (83, 'Dovie', 'Paucek', 'Chadd', 'justus.homenick@example.org', 'f', '2011-05-12', 1, '2017-09-12 14:27:28', '2019-12-21 22:16:24');
INSERT INTO `profiles` (`user_id`, `first_name`, `last_name`, `middle_name`, `email`, `gender`, `birthday`, `discount_id`, `created_at`, `updated_at`) VALUES (84, 'Lavina', 'Wilkinson', '', 'rau.chance@example.com', 'm', '1998-07-11', 1, '2017-02-03 17:12:31', '2019-03-13 12:38:25');
INSERT INTO `profiles` (`user_id`, `first_name`, `last_name`, `middle_name`, `email`, `gender`, `birthday`, `discount_id`, `created_at`, `updated_at`) VALUES (85, 'Celia', 'Zieme', '', 'gislason.merlin@example.net', 'm', '1986-10-26', 1, '2011-06-18 04:46:03', '2012-02-20 21:23:44');
INSERT INTO `profiles` (`user_id`, `first_name`, `last_name`, `middle_name`, `email`, `gender`, `birthday`, `discount_id`, `created_at`, `updated_at`) VALUES (86, 'Hipolito', 'Johns', 'Ramiro', 'malcolm.swaniawski@example.net', 'f', '1974-04-27', 1, '2010-08-01 05:16:24', '2019-07-27 00:28:00');
INSERT INTO `profiles` (`user_id`, `first_name`, `last_name`, `middle_name`, `email`, `gender`, `birthday`, `discount_id`, `created_at`, `updated_at`) VALUES (87, 'Mittie', 'Ondricka', 'Hudson', 'elsa69@example.org', 'm', '1999-03-01', 1, '2016-05-02 07:54:09', '2011-04-09 15:49:13');
INSERT INTO `profiles` (`user_id`, `first_name`, `last_name`, `middle_name`, `email`, `gender`, `birthday`, `discount_id`, `created_at`, `updated_at`) VALUES (88, 'Abner', 'Stehr', '', 'dariana.gutmann@example.net', 'm', '1974-10-06', 1, '2016-11-17 03:20:47', '2013-07-31 18:35:45');
INSERT INTO `profiles` (`user_id`, `first_name`, `last_name`, `middle_name`, `email`, `gender`, `birthday`, `discount_id`, `created_at`, `updated_at`) VALUES (89, 'Margret', 'Murazik', 'Jedidiah', 'quigley.tanya@example.org', 'f', '1996-06-15', 1, '2017-02-22 06:17:41', '2019-10-02 16:47:00');
INSERT INTO `profiles` (`user_id`, `first_name`, `last_name`, `middle_name`, `email`, `gender`, `birthday`, `discount_id`, `created_at`, `updated_at`) VALUES (90, 'Marcus', 'Jakubowski', 'Bertrand', 'christine52@example.net', 'f', '2017-09-01', 1, '2014-10-31 11:17:15', '2014-12-11 21:06:19');
INSERT INTO `profiles` (`user_id`, `first_name`, `last_name`, `middle_name`, `email`, `gender`, `birthday`, `discount_id`, `created_at`, `updated_at`) VALUES (91, 'Zechariah', 'Zboncak', '', 'hope13@example.net', 'm', '1976-12-05', 1, '2013-09-07 05:57:44', '2020-01-14 18:54:57');
INSERT INTO `profiles` (`user_id`, `first_name`, `last_name`, `middle_name`, `email`, `gender`, `birthday`, `discount_id`, `created_at`, `updated_at`) VALUES (92, 'Kyra', 'Barrows', '', 'sibyl85@example.net', 'm', '2011-01-04', 1, '2013-05-02 22:48:47', '2015-02-04 22:51:44');
INSERT INTO `profiles` (`user_id`, `first_name`, `last_name`, `middle_name`, `email`, `gender`, `birthday`, `discount_id`, `created_at`, `updated_at`) VALUES (93, 'Paul', 'Emard', 'Mikel', 'wisoky.alberto@example.com', 'm', '2002-09-29', 1, '2011-01-24 08:54:46', '2010-10-04 19:24:40');
INSERT INTO `profiles` (`user_id`, `first_name`, `last_name`, `middle_name`, `email`, `gender`, `birthday`, `discount_id`, `created_at`, `updated_at`) VALUES (94, 'Kobe', 'Wintheiser', '', 'delbert28@example.com', 'm', '1975-04-26', 1, '2011-07-13 23:15:59', '2011-10-21 17:33:44');
INSERT INTO `profiles` (`user_id`, `first_name`, `last_name`, `middle_name`, `email`, `gender`, `birthday`, `discount_id`, `created_at`, `updated_at`) VALUES (95, 'Arturo', 'Cummings', 'Winfield', 'myrtle.gleichner@example.org', 'm', '2005-01-01', 1, '2015-04-18 11:54:38', '2012-10-03 10:56:34');
INSERT INTO `profiles` (`user_id`, `first_name`, `last_name`, `middle_name`, `email`, `gender`, `birthday`, `discount_id`, `created_at`, `updated_at`) VALUES (96, 'Wilfredo', 'O\'Kon', '', 'bartell.jonathan@example.com', 'm', '1994-02-23', 1, '2013-12-31 13:19:58', '2015-02-09 03:31:54');
INSERT INTO `profiles` (`user_id`, `first_name`, `last_name`, `middle_name`, `email`, `gender`, `birthday`, `discount_id`, `created_at`, `updated_at`) VALUES (97, 'Ethyl', 'Halvorson', '', 'ruthie.smitham@example.net', 'f', '1989-09-22', 1, '2011-01-07 03:46:21', '2016-08-19 10:17:04');
INSERT INTO `profiles` (`user_id`, `first_name`, `last_name`, `middle_name`, `email`, `gender`, `birthday`, `discount_id`, `created_at`, `updated_at`) VALUES (98, 'Susana', 'White', '', 'ilockman@example.net', 'm', '2002-12-21', 1, '2014-10-23 19:04:48', '2019-11-12 17:40:52');
INSERT INTO `profiles` (`user_id`, `first_name`, `last_name`, `middle_name`, `email`, `gender`, `birthday`, `discount_id`, `created_at`, `updated_at`) VALUES (99, 'Alanis', 'Cummerata', 'Emil', 'murphy.shyanne@example.net', 'm', '1984-12-29', 1, '2011-05-17 11:00:54', '2010-10-18 03:04:05');
INSERT INTO `profiles` (`user_id`, `first_name`, `last_name`, `middle_name`, `email`, `gender`, `birthday`, `discount_id`, `created_at`, `updated_at`) VALUES (100, 'Nathanial', 'Nolan', 'Emanuel', 'monserrate22@example.com', 'f', '2002-12-13', 1, '2010-12-13 20:16:31', '2014-06-25 01:51:15');

-- заполнение figure_params

INSERT INTO `figure_params` (`user_id`, `height`, `chest_girth`, `waist_girth`, `hip_girth`, `shoes_size`, `sleeve_length`, `weight`, `created_at`, `updated_at`) VALUES (1, '0.0', '0.0', '0.0', '115.0', '0.0', NULL, 0, '2017-01-26 14:55:09', '2016-07-04 19:21:25');
INSERT INTO `figure_params` (`user_id`, `height`, `chest_girth`, `waist_girth`, `hip_girth`, `shoes_size`, `sleeve_length`, `weight`, `created_at`, `updated_at`) VALUES (2, '0.0', '0.0', '84.0', '0.0', '0.0', NULL, 0, '2018-08-04 21:02:16', '2010-10-14 20:51:33');
INSERT INTO `figure_params` (`user_id`, `height`, `chest_girth`, `waist_girth`, `hip_girth`, `shoes_size`, `sleeve_length`, `weight`, `created_at`, `updated_at`) VALUES (3, '114.1', '95.0', '66.0', '91.0', '0.0', NULL, 5453, '2016-09-04 11:55:53', '2017-06-16 10:54:26');
INSERT INTO `figure_params` (`user_id`, `height`, `chest_girth`, `waist_girth`, `hip_girth`, `shoes_size`, `sleeve_length`, `weight`, `created_at`, `updated_at`) VALUES (4, '0.0', '110.0', '69.0', '112.0', '48.0', NULL, 79615, '2019-07-11 16:38:25', '2017-02-21 19:39:21');
INSERT INTO `figure_params` (`user_id`, `height`, `chest_girth`, `waist_girth`, `hip_girth`, `shoes_size`, `sleeve_length`, `weight`, `created_at`, `updated_at`) VALUES (5, '999.9', '0.0', '0.0', '0.0', '42.0', NULL, 331, '2010-12-19 19:38:19', '2012-12-13 22:18:27');
INSERT INTO `figure_params` (`user_id`, `height`, `chest_girth`, `waist_girth`, `hip_girth`, `shoes_size`, `sleeve_length`, `weight`, `created_at`, `updated_at`) VALUES (6, '0.0', '93.0', '0.0', '99.0', '33.0', NULL, 0, '2014-03-08 17:03:50', '2010-07-25 03:03:19');
INSERT INTO `figure_params` (`user_id`, `height`, `chest_girth`, `waist_girth`, `hip_girth`, `shoes_size`, `sleeve_length`, `weight`, `created_at`, `updated_at`) VALUES (7, '542.4', '0.0', '0.0', '110.0', '0.0', NULL, 145090568, '2015-07-12 02:19:47', '2012-08-14 08:29:54');
INSERT INTO `figure_params` (`user_id`, `height`, `chest_girth`, `waist_girth`, `hip_girth`, `shoes_size`, `sleeve_length`, `weight`, `created_at`, `updated_at`) VALUES (8, '90.3', '96.0', '0.0', '0.0', '0.0', NULL, 15106, '2019-01-28 00:08:20', '2011-02-24 08:48:33');
INSERT INTO `figure_params` (`user_id`, `height`, `chest_girth`, `waist_girth`, `hip_girth`, `shoes_size`, `sleeve_length`, `weight`, `created_at`, `updated_at`) VALUES (9, '0.0', '89.0', '0.0', '0.0', '30.0', NULL, 20684, '2019-08-02 22:50:31', '2013-02-17 06:20:13');
INSERT INTO `figure_params` (`user_id`, `height`, `chest_girth`, `waist_girth`, `hip_girth`, `shoes_size`, `sleeve_length`, `weight`, `created_at`, `updated_at`) VALUES (10, '0.0', '0.0', '0.0', '112.0', '34.0', NULL, 3047786, '2010-10-26 07:54:54', '2018-03-06 08:48:48');
INSERT INTO `figure_params` (`user_id`, `height`, `chest_girth`, `waist_girth`, `hip_girth`, `shoes_size`, `sleeve_length`, `weight`, `created_at`, `updated_at`) VALUES (11, '164.4', '0.0', '0.0', '0.0', '44.0', NULL, 0, '2012-10-21 02:16:00', '2014-12-20 22:09:38');
INSERT INTO `figure_params` (`user_id`, `height`, `chest_girth`, `waist_girth`, `hip_girth`, `shoes_size`, `sleeve_length`, `weight`, `created_at`, `updated_at`) VALUES (12, '0.0', '0.0', '0.0', '0.0', '0.0', NULL, 333, '2017-02-22 18:27:37', '2014-08-07 11:23:16');
INSERT INTO `figure_params` (`user_id`, `height`, `chest_girth`, `waist_girth`, `hip_girth`, `shoes_size`, `sleeve_length`, `weight`, `created_at`, `updated_at`) VALUES (13, '0.0', '99.0', '0.0', '0.0', '0.0', NULL, 0, '2011-09-03 19:14:24', '2012-12-05 09:29:35');
INSERT INTO `figure_params` (`user_id`, `height`, `chest_girth`, `waist_girth`, `hip_girth`, `shoes_size`, `sleeve_length`, `weight`, `created_at`, `updated_at`) VALUES (14, '81.6', '100.0', '0.0', '85.0', '31.0', NULL, 957232, '2010-07-03 06:09:33', '2018-05-13 22:30:19');
INSERT INTO `figure_params` (`user_id`, `height`, `chest_girth`, `waist_girth`, `hip_girth`, `shoes_size`, `sleeve_length`, `weight`, `created_at`, `updated_at`) VALUES (15, '574.3', '0.0', '71.0', '87.0', '0.0', NULL, 0, '2018-06-20 09:07:42', '2014-09-09 19:43:03');
INSERT INTO `figure_params` (`user_id`, `height`, `chest_girth`, `waist_girth`, `hip_girth`, `shoes_size`, `sleeve_length`, `weight`, `created_at`, `updated_at`) VALUES (16, '0.0', '0.0', '84.0', '0.0', '0.0', NULL, 960491, '2014-08-07 05:39:23', '2014-03-07 03:40:25');
INSERT INTO `figure_params` (`user_id`, `height`, `chest_girth`, `waist_girth`, `hip_girth`, `shoes_size`, `sleeve_length`, `weight`, `created_at`, `updated_at`) VALUES (17, '66.1', '0.0', '0.0', '0.0', '0.0', NULL, 0, '2011-02-28 14:24:42', '2019-06-07 05:19:10');
INSERT INTO `figure_params` (`user_id`, `height`, `chest_girth`, `waist_girth`, `hip_girth`, `shoes_size`, `sleeve_length`, `weight`, `created_at`, `updated_at`) VALUES (18, '999.9', '0.0', '0.0', '0.0', '0.0', NULL, 0, '2019-05-01 04:43:43', '2014-04-05 08:23:07');
INSERT INTO `figure_params` (`user_id`, `height`, `chest_girth`, `waist_girth`, `hip_girth`, `shoes_size`, `sleeve_length`, `weight`, `created_at`, `updated_at`) VALUES (19, '999.9', '0.0', '0.0', '93.0', '0.0', NULL, 4432696, '2014-12-03 21:58:34', '2017-01-23 20:04:06');
INSERT INTO `figure_params` (`user_id`, `height`, `chest_girth`, `waist_girth`, `hip_girth`, `shoes_size`, `sleeve_length`, `weight`, `created_at`, `updated_at`) VALUES (20, '403.2', '0.0', '0.0', '95.0', '0.0', NULL, 0, '2014-11-01 19:04:59', '2013-03-20 07:04:17');
INSERT INTO `figure_params` (`user_id`, `height`, `chest_girth`, `waist_girth`, `hip_girth`, `shoes_size`, `sleeve_length`, `weight`, `created_at`, `updated_at`) VALUES (21, '0.0', '0.0', '63.0', '0.0', '41.0', NULL, 445275466, '2011-04-24 21:30:52', '2010-11-22 03:49:36');
INSERT INTO `figure_params` (`user_id`, `height`, `chest_girth`, `waist_girth`, `hip_girth`, `shoes_size`, `sleeve_length`, `weight`, `created_at`, `updated_at`) VALUES (22, '170.7', '88.0', '80.0', '0.0', '0.0', NULL, 14117, '2016-01-10 00:42:15', '2014-02-02 08:20:08');
INSERT INTO `figure_params` (`user_id`, `height`, `chest_girth`, `waist_girth`, `hip_girth`, `shoes_size`, `sleeve_length`, `weight`, `created_at`, `updated_at`) VALUES (23, '0.0', '103.0', '0.0', '0.0', '0.0', NULL, 0, '2016-01-02 19:16:25', '2015-01-12 02:49:28');
INSERT INTO `figure_params` (`user_id`, `height`, `chest_girth`, `waist_girth`, `hip_girth`, `shoes_size`, `sleeve_length`, `weight`, `created_at`, `updated_at`) VALUES (24, '0.0', '0.0', '67.0', '0.0', '34.0', NULL, 108, '2016-03-27 04:07:10', '2012-08-22 12:19:55');
INSERT INTO `figure_params` (`user_id`, `height`, `chest_girth`, `waist_girth`, `hip_girth`, `shoes_size`, `sleeve_length`, `weight`, `created_at`, `updated_at`) VALUES (25, '0.0', '0.0', '78.0', '0.0', '0.0', NULL, 0, '2015-12-19 06:56:49', '2012-02-17 02:30:31');
INSERT INTO `figure_params` (`user_id`, `height`, `chest_girth`, `waist_girth`, `hip_girth`, `shoes_size`, `sleeve_length`, `weight`, `created_at`, `updated_at`) VALUES (26, '62.6', '0.0', '0.0', '0.0', '30.0', NULL, 109320, '2013-04-11 04:53:29', '2010-07-23 20:04:12');
INSERT INTO `figure_params` (`user_id`, `height`, `chest_girth`, `waist_girth`, `hip_girth`, `shoes_size`, `sleeve_length`, `weight`, `created_at`, `updated_at`) VALUES (27, '0.0', '0.0', '0.0', '114.0', '0.0', NULL, 437, '2014-07-13 00:32:08', '2016-07-15 14:14:34');
INSERT INTO `figure_params` (`user_id`, `height`, `chest_girth`, `waist_girth`, `hip_girth`, `shoes_size`, `sleeve_length`, `weight`, `created_at`, `updated_at`) VALUES (28, '0.0', '0.0', '0.0', '0.0', '0.0', NULL, 624989, '2017-07-13 07:09:57', '2018-12-02 08:43:45');
INSERT INTO `figure_params` (`user_id`, `height`, `chest_girth`, `waist_girth`, `hip_girth`, `shoes_size`, `sleeve_length`, `weight`, `created_at`, `updated_at`) VALUES (29, '207.6', '107.0', '60.0', '0.0', '0.0', NULL, 1536190, '2018-07-01 15:58:17', '2015-04-12 19:39:41');
INSERT INTO `figure_params` (`user_id`, `height`, `chest_girth`, `waist_girth`, `hip_girth`, `shoes_size`, `sleeve_length`, `weight`, `created_at`, `updated_at`) VALUES (30, '0.0', '100.0', '0.0', '0.0', '32.0', NULL, 287, '2015-01-13 18:42:58', '2019-12-26 13:07:10');
INSERT INTO `figure_params` (`user_id`, `height`, `chest_girth`, `waist_girth`, `hip_girth`, `shoes_size`, `sleeve_length`, `weight`, `created_at`, `updated_at`) VALUES (31, '0.0', '84.0', '71.0', '109.0', '0.0', NULL, 0, '2017-10-02 20:50:13', '2019-02-21 22:32:52');
INSERT INTO `figure_params` (`user_id`, `height`, `chest_girth`, `waist_girth`, `hip_girth`, `shoes_size`, `sleeve_length`, `weight`, `created_at`, `updated_at`) VALUES (32, '0.0', '0.0', '88.0', '112.0', '0.0', NULL, 34390191, '2016-06-02 11:51:53', '2015-07-01 09:41:16');
INSERT INTO `figure_params` (`user_id`, `height`, `chest_girth`, `waist_girth`, `hip_girth`, `shoes_size`, `sleeve_length`, `weight`, `created_at`, `updated_at`) VALUES (33, '999.9', '0.0', '75.0', '88.0', '0.0', NULL, 0, '2019-07-24 02:08:21', '2012-10-24 09:39:00');
INSERT INTO `figure_params` (`user_id`, `height`, `chest_girth`, `waist_girth`, `hip_girth`, `shoes_size`, `sleeve_length`, `weight`, `created_at`, `updated_at`) VALUES (34, '172.7', '84.0', '84.0', '0.0', '0.0', NULL, 152320, '2010-08-06 09:36:12', '2015-12-30 12:30:20');
INSERT INTO `figure_params` (`user_id`, `height`, `chest_girth`, `waist_girth`, `hip_girth`, `shoes_size`, `sleeve_length`, `weight`, `created_at`, `updated_at`) VALUES (35, '999.9', '108.0', '0.0', '99.0', '48.0', NULL, 163, '2014-06-05 15:11:23', '2011-06-24 04:57:38');
INSERT INTO `figure_params` (`user_id`, `height`, `chest_girth`, `waist_girth`, `hip_girth`, `shoes_size`, `sleeve_length`, `weight`, `created_at`, `updated_at`) VALUES (36, '999.9', '109.0', '67.0', '112.0', '46.0', NULL, 139, '2018-12-29 00:54:51', '2011-11-08 06:20:08');
INSERT INTO `figure_params` (`user_id`, `height`, `chest_girth`, `waist_girth`, `hip_girth`, `shoes_size`, `sleeve_length`, `weight`, `created_at`, `updated_at`) VALUES (37, '999.9', '96.0', '0.0', '107.0', '38.0', NULL, 0, '2018-12-21 15:08:09', '2017-04-17 04:58:36');
INSERT INTO `figure_params` (`user_id`, `height`, `chest_girth`, `waist_girth`, `hip_girth`, `shoes_size`, `sleeve_length`, `weight`, `created_at`, `updated_at`) VALUES (38, '167.6', '89.0', '70.0', '93.0', '32.0', NULL, 0, '2013-07-21 17:32:55', '2012-08-25 19:21:18');
INSERT INTO `figure_params` (`user_id`, `height`, `chest_girth`, `waist_girth`, `hip_girth`, `shoes_size`, `sleeve_length`, `weight`, `created_at`, `updated_at`) VALUES (39, '0.0', '86.0', '63.0', '0.0', '39.0', NULL, 0, '2011-09-07 22:33:14', '2020-03-24 05:14:54');
INSERT INTO `figure_params` (`user_id`, `height`, `chest_girth`, `waist_girth`, `hip_girth`, `shoes_size`, `sleeve_length`, `weight`, `created_at`, `updated_at`) VALUES (40, '999.9', '85.0', '0.0', '101.0', '0.0', NULL, 756, '2016-01-01 10:32:27', '2018-09-09 16:38:58');
INSERT INTO `figure_params` (`user_id`, `height`, `chest_girth`, `waist_girth`, `hip_girth`, `shoes_size`, `sleeve_length`, `weight`, `created_at`, `updated_at`) VALUES (41, '999.9', '103.0', '81.0', '106.0', '42.0', NULL, 0, '2017-06-29 03:30:37', '2011-06-01 19:42:45');
INSERT INTO `figure_params` (`user_id`, `height`, `chest_girth`, `waist_girth`, `hip_girth`, `shoes_size`, `sleeve_length`, `weight`, `created_at`, `updated_at`) VALUES (42, '999.9', '0.0', '83.0', '94.0', '0.0', NULL, 0, '2013-04-07 05:55:18', '2017-02-13 06:42:20');
INSERT INTO `figure_params` (`user_id`, `height`, `chest_girth`, `waist_girth`, `hip_girth`, `shoes_size`, `sleeve_length`, `weight`, `created_at`, `updated_at`) VALUES (43, '87.9', '98.0', '86.0', '0.0', '42.0', NULL, 0, '2013-10-11 06:22:43', '2015-09-26 20:18:41');
INSERT INTO `figure_params` (`user_id`, `height`, `chest_girth`, `waist_girth`, `hip_girth`, `shoes_size`, `sleeve_length`, `weight`, `created_at`, `updated_at`) VALUES (44, '999.9', '0.0', '60.0', '116.0', '36.0', NULL, 0, '2020-04-14 03:03:40', '2018-10-10 21:35:55');
INSERT INTO `figure_params` (`user_id`, `height`, `chest_girth`, `waist_girth`, `hip_girth`, `shoes_size`, `sleeve_length`, `weight`, `created_at`, `updated_at`) VALUES (45, '999.9', '109.0', '68.0', '97.0', '43.0', NULL, 156, '2012-10-02 00:41:18', '2017-12-10 21:33:19');
INSERT INTO `figure_params` (`user_id`, `height`, `chest_girth`, `waist_girth`, `hip_girth`, `shoes_size`, `sleeve_length`, `weight`, `created_at`, `updated_at`) VALUES (46, '0.0', '95.0', '89.0', '109.0', '50.0', NULL, 0, '2013-11-09 01:26:14', '2018-07-14 05:30:03');
INSERT INTO `figure_params` (`user_id`, `height`, `chest_girth`, `waist_girth`, `hip_girth`, `shoes_size`, `sleeve_length`, `weight`, `created_at`, `updated_at`) VALUES (47, '0.0', '102.0', '0.0', '113.0', '39.0', NULL, 0, '2013-01-08 07:16:39', '2016-07-10 20:37:41');
INSERT INTO `figure_params` (`user_id`, `height`, `chest_girth`, `waist_girth`, `hip_girth`, `shoes_size`, `sleeve_length`, `weight`, `created_at`, `updated_at`) VALUES (48, '999.9', '0.0', '0.0', '0.0', '0.0', NULL, 82, '2014-01-23 09:39:11', '2013-06-19 23:40:54');
INSERT INTO `figure_params` (`user_id`, `height`, `chest_girth`, `waist_girth`, `hip_girth`, `shoes_size`, `sleeve_length`, `weight`, `created_at`, `updated_at`) VALUES (49, '999.9', '90.0', '0.0', '107.0', '0.0', NULL, 0, '2010-04-30 23:38:59', '2016-07-31 19:45:46');
INSERT INTO `figure_params` (`user_id`, `height`, `chest_girth`, `waist_girth`, `hip_girth`, `shoes_size`, `sleeve_length`, `weight`, `created_at`, `updated_at`) VALUES (50, '177.9', '96.0', '70.0', '0.0', '0.0', NULL, 28677646, '2012-04-24 12:34:52', '2017-09-27 08:22:54');
INSERT INTO `figure_params` (`user_id`, `height`, `chest_girth`, `waist_girth`, `hip_girth`, `shoes_size`, `sleeve_length`, `weight`, `created_at`, `updated_at`) VALUES (51, '999.9', '0.0', '79.0', '85.0', '44.0', NULL, 0, '2013-03-17 00:24:33', '2016-05-05 01:27:51');
INSERT INTO `figure_params` (`user_id`, `height`, `chest_girth`, `waist_girth`, `hip_girth`, `shoes_size`, `sleeve_length`, `weight`, `created_at`, `updated_at`) VALUES (52, '0.0', '0.0', '0.0', '0.0', '0.0', NULL, 0, '2012-09-02 21:47:07', '2018-05-06 15:45:26');
INSERT INTO `figure_params` (`user_id`, `height`, `chest_girth`, `waist_girth`, `hip_girth`, `shoes_size`, `sleeve_length`, `weight`, `created_at`, `updated_at`) VALUES (53, '999.9', '0.0', '0.0', '98.0', '45.0', NULL, 63, '2012-05-30 06:21:40', '2014-07-02 10:51:45');
INSERT INTO `figure_params` (`user_id`, `height`, `chest_girth`, `waist_girth`, `hip_girth`, `shoes_size`, `sleeve_length`, `weight`, `created_at`, `updated_at`) VALUES (54, '0.0', '98.0', '0.0', '0.0', '0.0', NULL, 0, '2016-10-04 19:27:50', '2017-03-26 17:18:01');
INSERT INTO `figure_params` (`user_id`, `height`, `chest_girth`, `waist_girth`, `hip_girth`, `shoes_size`, `sleeve_length`, `weight`, `created_at`, `updated_at`) VALUES (55, '0.0', '0.0', '62.0', '113.0', '38.0', NULL, 0, '2018-08-15 21:15:36', '2016-12-07 08:03:14');
INSERT INTO `figure_params` (`user_id`, `height`, `chest_girth`, `waist_girth`, `hip_girth`, `shoes_size`, `sleeve_length`, `weight`, `created_at`, `updated_at`) VALUES (56, '108.4', '0.0', '63.0', '0.0', '0.0', NULL, 0, '2013-09-14 11:50:29', '2018-03-19 04:58:55');
INSERT INTO `figure_params` (`user_id`, `height`, `chest_girth`, `waist_girth`, `hip_girth`, `shoes_size`, `sleeve_length`, `weight`, `created_at`, `updated_at`) VALUES (57, '13.7', '102.0', '0.0', '114.0', '50.0', NULL, 0, '2014-03-20 10:36:51', '2015-09-01 13:02:42');
INSERT INTO `figure_params` (`user_id`, `height`, `chest_girth`, `waist_girth`, `hip_girth`, `shoes_size`, `sleeve_length`, `weight`, `created_at`, `updated_at`) VALUES (58, '0.0', '85.0', '80.0', '0.0', '39.0', NULL, 204, '2015-11-07 15:46:23', '2018-03-31 22:47:30');
INSERT INTO `figure_params` (`user_id`, `height`, `chest_girth`, `waist_girth`, `hip_girth`, `shoes_size`, `sleeve_length`, `weight`, `created_at`, `updated_at`) VALUES (59, '999.9', '100.0', '90.0', '105.0', '0.0', NULL, 145, '2013-09-25 13:47:49', '2016-06-23 18:18:00');
INSERT INTO `figure_params` (`user_id`, `height`, `chest_girth`, `waist_girth`, `hip_girth`, `shoes_size`, `sleeve_length`, `weight`, `created_at`, `updated_at`) VALUES (60, '999.9', '88.0', '67.0', '114.0', '42.0', NULL, 134, '2015-04-20 22:24:29', '2012-11-19 03:24:00');
INSERT INTO `figure_params` (`user_id`, `height`, `chest_girth`, `waist_girth`, `hip_girth`, `shoes_size`, `sleeve_length`, `weight`, `created_at`, `updated_at`) VALUES (61, '999.9', '91.0', '67.0', '0.0', '41.0', NULL, 256828851, '2014-11-16 03:18:42', '2016-03-31 14:14:47');
INSERT INTO `figure_params` (`user_id`, `height`, `chest_girth`, `waist_girth`, `hip_girth`, `shoes_size`, `sleeve_length`, `weight`, `created_at`, `updated_at`) VALUES (62, '999.9', '0.0', '0.0', '93.0', '46.0', NULL, 0, '2020-01-18 10:04:37', '2010-05-11 20:29:37');
INSERT INTO `figure_params` (`user_id`, `height`, `chest_girth`, `waist_girth`, `hip_girth`, `shoes_size`, `sleeve_length`, `weight`, `created_at`, `updated_at`) VALUES (63, '0.0', '0.0', '84.0', '86.0', '48.0', NULL, 762, '2014-12-19 13:12:40', '2015-12-15 09:05:57');
INSERT INTO `figure_params` (`user_id`, `height`, `chest_girth`, `waist_girth`, `hip_girth`, `shoes_size`, `sleeve_length`, `weight`, `created_at`, `updated_at`) VALUES (64, '737.2', '0.0', '66.0', '93.0', '0.0', NULL, 33926911, '2017-07-01 09:51:08', '2017-01-25 07:35:07');
INSERT INTO `figure_params` (`user_id`, `height`, `chest_girth`, `waist_girth`, `hip_girth`, `shoes_size`, `sleeve_length`, `weight`, `created_at`, `updated_at`) VALUES (65, '0.0', '98.0', '0.0', '112.0', '30.0', NULL, 0, '2015-06-30 08:41:48', '2013-10-16 07:28:51');
INSERT INTO `figure_params` (`user_id`, `height`, `chest_girth`, `waist_girth`, `hip_girth`, `shoes_size`, `sleeve_length`, `weight`, `created_at`, `updated_at`) VALUES (66, '0.0', '0.0', '0.0', '101.0', '39.0', NULL, 0, '2017-10-12 19:00:17', '2015-01-27 15:54:07');
INSERT INTO `figure_params` (`user_id`, `height`, `chest_girth`, `waist_girth`, `hip_girth`, `shoes_size`, `sleeve_length`, `weight`, `created_at`, `updated_at`) VALUES (67, '19.5', '95.0', '86.0', '105.0', '41.0', NULL, 0, '2014-03-01 12:38:13', '2020-01-21 18:38:10');
INSERT INTO `figure_params` (`user_id`, `height`, `chest_girth`, `waist_girth`, `hip_girth`, `shoes_size`, `sleeve_length`, `weight`, `created_at`, `updated_at`) VALUES (68, '0.0', '0.0', '58.0', '0.0', '0.0', NULL, 0, '2012-07-15 16:11:06', '2019-09-09 03:26:38');
INSERT INTO `figure_params` (`user_id`, `height`, `chest_girth`, `waist_girth`, `hip_girth`, `shoes_size`, `sleeve_length`, `weight`, `created_at`, `updated_at`) VALUES (69, '0.0', '0.0', '0.0', '0.0', '0.0', NULL, 0, '2012-06-12 02:03:43', '2019-02-23 14:55:17');
INSERT INTO `figure_params` (`user_id`, `height`, `chest_girth`, `waist_girth`, `hip_girth`, `shoes_size`, `sleeve_length`, `weight`, `created_at`, `updated_at`) VALUES (70, '114.0', '0.0', '0.0', '0.0', '0.0', NULL, 0, '2010-08-09 05:38:43', '2018-06-06 12:04:23');
INSERT INTO `figure_params` (`user_id`, `height`, `chest_girth`, `waist_girth`, `hip_girth`, `shoes_size`, `sleeve_length`, `weight`, `created_at`, `updated_at`) VALUES (71, '119.1', '0.0', '68.0', '0.0', '30.0', NULL, 286161, '2015-08-05 21:13:02', '2019-07-17 01:08:41');
INSERT INTO `figure_params` (`user_id`, `height`, `chest_girth`, `waist_girth`, `hip_girth`, `shoes_size`, `sleeve_length`, `weight`, `created_at`, `updated_at`) VALUES (72, '999.9', '0.0', '81.0', '0.0', '46.0', NULL, 16470888, '2016-11-06 15:35:26', '2011-02-16 04:34:36');
INSERT INTO `figure_params` (`user_id`, `height`, `chest_girth`, `waist_girth`, `hip_girth`, `shoes_size`, `sleeve_length`, `weight`, `created_at`, `updated_at`) VALUES (73, '0.0', '0.0', '76.0', '91.0', '0.0', NULL, 0, '2015-03-02 18:29:38', '2016-03-25 18:43:16');
INSERT INTO `figure_params` (`user_id`, `height`, `chest_girth`, `waist_girth`, `hip_girth`, `shoes_size`, `sleeve_length`, `weight`, `created_at`, `updated_at`) VALUES (74, '124.6', '0.0', '86.0', '101.0', '45.0', NULL, 148945, '2012-04-29 11:33:51', '2011-02-15 00:34:59');
INSERT INTO `figure_params` (`user_id`, `height`, `chest_girth`, `waist_girth`, `hip_girth`, `shoes_size`, `sleeve_length`, `weight`, `created_at`, `updated_at`) VALUES (75, '999.9', '0.0', '0.0', '0.0', '0.0', NULL, 1105909, '2011-09-03 03:17:48', '2016-01-02 09:08:21');
INSERT INTO `figure_params` (`user_id`, `height`, `chest_girth`, `waist_girth`, `hip_girth`, `shoes_size`, `sleeve_length`, `weight`, `created_at`, `updated_at`) VALUES (76, '999.9', '0.0', '71.0', '0.0', '0.0', NULL, 0, '2014-11-30 02:47:33', '2016-07-08 03:50:47');
INSERT INTO `figure_params` (`user_id`, `height`, `chest_girth`, `waist_girth`, `hip_girth`, `shoes_size`, `sleeve_length`, `weight`, `created_at`, `updated_at`) VALUES (77, '0.0', '0.0', '0.0', '92.0', '0.0', NULL, 0, '2015-02-23 23:18:05', '2013-02-24 15:52:47');
INSERT INTO `figure_params` (`user_id`, `height`, `chest_girth`, `waist_girth`, `hip_girth`, `shoes_size`, `sleeve_length`, `weight`, `created_at`, `updated_at`) VALUES (78, '0.0', '0.0', '61.0', '0.0', '0.0', NULL, 0, '2015-12-10 17:08:04', '2019-12-23 22:26:24');
INSERT INTO `figure_params` (`user_id`, `height`, `chest_girth`, `waist_girth`, `hip_girth`, `shoes_size`, `sleeve_length`, `weight`, `created_at`, `updated_at`) VALUES (79, '999.9', '85.0', '0.0', '86.0', '0.0', NULL, 0, '2017-02-11 05:18:48', '2016-12-31 18:26:41');
INSERT INTO `figure_params` (`user_id`, `height`, `chest_girth`, `waist_girth`, `hip_girth`, `shoes_size`, `sleeve_length`, `weight`, `created_at`, `updated_at`) VALUES (80, '0.0', '0.0', '0.0', '104.0', '0.0', NULL, 56101, '2017-03-19 20:03:36', '2019-03-11 15:17:42');
INSERT INTO `figure_params` (`user_id`, `height`, `chest_girth`, `waist_girth`, `hip_girth`, `shoes_size`, `sleeve_length`, `weight`, `created_at`, `updated_at`) VALUES (81, '999.9', '0.0', '88.0', '93.0', '0.0', NULL, 2199637, '2016-10-04 02:59:30', '2011-05-07 11:42:33');
INSERT INTO `figure_params` (`user_id`, `height`, `chest_girth`, `waist_girth`, `hip_girth`, `shoes_size`, `sleeve_length`, `weight`, `created_at`, `updated_at`) VALUES (82, '0.0', '93.0', '0.0', '100.0', '35.0', NULL, 0, '2020-02-25 06:42:53', '2019-06-16 23:20:26');
INSERT INTO `figure_params` (`user_id`, `height`, `chest_girth`, `waist_girth`, `hip_girth`, `shoes_size`, `sleeve_length`, `weight`, `created_at`, `updated_at`) VALUES (83, '0.0', '0.0', '70.0', '107.0', '40.0', NULL, 120, '2015-07-25 06:35:54', '2015-07-28 10:44:34');
INSERT INTO `figure_params` (`user_id`, `height`, `chest_girth`, `waist_girth`, `hip_girth`, `shoes_size`, `sleeve_length`, `weight`, `created_at`, `updated_at`) VALUES (84, '999.9', '0.0', '0.0', '0.0', '37.0', NULL, 369, '2013-03-17 00:25:13', '2014-10-25 10:42:42');
INSERT INTO `figure_params` (`user_id`, `height`, `chest_girth`, `waist_girth`, `hip_girth`, `shoes_size`, `sleeve_length`, `weight`, `created_at`, `updated_at`) VALUES (85, '43.5', '0.0', '67.0', '0.0', '0.0', NULL, 109582738, '2016-04-09 01:34:01', '2019-07-03 06:43:29');
INSERT INTO `figure_params` (`user_id`, `height`, `chest_girth`, `waist_girth`, `hip_girth`, `shoes_size`, `sleeve_length`, `weight`, `created_at`, `updated_at`) VALUES (86, '0.0', '0.0', '0.0', '90.0', '0.0', NULL, 0, '2014-07-05 20:28:58', '2012-03-31 10:51:51');
INSERT INTO `figure_params` (`user_id`, `height`, `chest_girth`, `waist_girth`, `hip_girth`, `shoes_size`, `sleeve_length`, `weight`, `created_at`, `updated_at`) VALUES (87, '0.0', '88.0', '59.0', '103.0', '0.0', NULL, 0, '2014-07-08 16:33:47', '2019-07-25 17:12:00');
INSERT INTO `figure_params` (`user_id`, `height`, `chest_girth`, `waist_girth`, `hip_girth`, `shoes_size`, `sleeve_length`, `weight`, `created_at`, `updated_at`) VALUES (88, '172.6', '0.0', '0.0', '99.0', '0.0', NULL, 679, '2014-03-28 10:19:20', '2013-02-05 14:59:41');
INSERT INTO `figure_params` (`user_id`, `height`, `chest_girth`, `waist_girth`, `hip_girth`, `shoes_size`, `sleeve_length`, `weight`, `created_at`, `updated_at`) VALUES (89, '206.9', '0.0', '0.0', '86.0', '0.0', NULL, 139, '2012-12-07 14:49:32', '2019-12-29 08:50:13');
INSERT INTO `figure_params` (`user_id`, `height`, `chest_girth`, `waist_girth`, `hip_girth`, `shoes_size`, `sleeve_length`, `weight`, `created_at`, `updated_at`) VALUES (90, '49.7', '91.0', '72.0', '94.0', '0.0', NULL, 0, '2017-11-15 13:25:59', '2016-01-24 22:35:21');
INSERT INTO `figure_params` (`user_id`, `height`, `chest_girth`, `waist_girth`, `hip_girth`, `shoes_size`, `sleeve_length`, `weight`, `created_at`, `updated_at`) VALUES (91, '999.9', '0.0', '74.0', '96.0', '36.0', NULL, 425442, '2015-11-09 00:27:48', '2011-10-14 07:34:56');
INSERT INTO `figure_params` (`user_id`, `height`, `chest_girth`, `waist_girth`, `hip_girth`, `shoes_size`, `sleeve_length`, `weight`, `created_at`, `updated_at`) VALUES (92, '0.0', '0.0', '62.0', '114.0', '33.0', NULL, 0, '2015-07-03 23:15:26', '2012-03-31 18:51:53');
INSERT INTO `figure_params` (`user_id`, `height`, `chest_girth`, `waist_girth`, `hip_girth`, `shoes_size`, `sleeve_length`, `weight`, `created_at`, `updated_at`) VALUES (93, '999.9', '0.0', '0.0', '0.0', '37.0', NULL, 0, '2016-07-11 23:13:52', '2011-01-21 20:41:42');
INSERT INTO `figure_params` (`user_id`, `height`, `chest_girth`, `waist_girth`, `hip_girth`, `shoes_size`, `sleeve_length`, `weight`, `created_at`, `updated_at`) VALUES (94, '999.9', '98.0', '72.0', '109.0', '47.0', NULL, 460664, '2013-10-02 13:47:52', '2019-04-22 08:34:19');
INSERT INTO `figure_params` (`user_id`, `height`, `chest_girth`, `waist_girth`, `hip_girth`, `shoes_size`, `sleeve_length`, `weight`, `created_at`, `updated_at`) VALUES (95, '0.0', '88.0', '82.0', '113.0', '0.0', NULL, 0, '2015-11-21 18:13:34', '2011-11-01 20:25:47');
INSERT INTO `figure_params` (`user_id`, `height`, `chest_girth`, `waist_girth`, `hip_girth`, `shoes_size`, `sleeve_length`, `weight`, `created_at`, `updated_at`) VALUES (96, '999.9', '0.0', '0.0', '98.0', '47.0', NULL, 3248, '2014-08-24 00:22:42', '2011-11-18 00:26:00');
INSERT INTO `figure_params` (`user_id`, `height`, `chest_girth`, `waist_girth`, `hip_girth`, `shoes_size`, `sleeve_length`, `weight`, `created_at`, `updated_at`) VALUES (97, '49.5', '84.0', '70.0', '102.0', '33.0', NULL, 23953898, '2013-09-01 17:37:17', '2019-08-15 18:48:32');
INSERT INTO `figure_params` (`user_id`, `height`, `chest_girth`, `waist_girth`, `hip_girth`, `shoes_size`, `sleeve_length`, `weight`, `created_at`, `updated_at`) VALUES (98, '0.0', '0.0', '79.0', '87.0', '0.0', NULL, 0, '2014-03-05 09:45:43', '2013-10-13 03:52:23');
INSERT INTO `figure_params` (`user_id`, `height`, `chest_girth`, `waist_girth`, `hip_girth`, `shoes_size`, `sleeve_length`, `weight`, `created_at`, `updated_at`) VALUES (99, '49.8', '0.0', '0.0', '0.0', '49.0', NULL, 12, '2011-10-26 22:37:06', '2014-01-16 20:08:57');
INSERT INTO `figure_params` (`user_id`, `height`, `chest_girth`, `waist_girth`, `hip_girth`, `shoes_size`, `sleeve_length`, `weight`, `created_at`, `updated_at`) VALUES (100, '999.9', '0.0', '63.0', '110.0', '0.0', NULL, 0, '2012-07-06 10:20:11', '2014-07-18 13:46:18');

-- заполнение user_addresses

INSERT INTO `user_addresses` (`id`, `user_id`, `region`, `city`, `street`, `house_num`, `apart_num`, `mail_index`, `created_at`, `updated_at`) VALUES (1, 1, 'SouthDakota', 'Lake Fosterfort', 'Gunnar Key', '360', '655', 91776, '2011-11-21 07:12:13', '2015-07-16 06:54:08');
INSERT INTO `user_addresses` (`id`, `user_id`, `region`, `city`, `street`, `house_num`, `apart_num`, `mail_index`, `created_at`, `updated_at`) VALUES (2, 2, 'Colorado', 'South Jamesonhaven', 'Ziemann Lock', '387', '7014', 88763, '2019-01-11 21:42:40', '2011-01-28 18:55:13');
INSERT INTO `user_addresses` (`id`, `user_id`, `region`, `city`, `street`, `house_num`, `apart_num`, `mail_index`, `created_at`, `updated_at`) VALUES (3, 3, 'Indiana', 'South Elnora', 'Marks Spur', '213', '0363', 70576, '2016-08-05 14:15:45', '2014-02-26 05:00:10');
INSERT INTO `user_addresses` (`id`, `user_id`, `region`, `city`, `street`, `house_num`, `apart_num`, `mail_index`, `created_at`, `updated_at`) VALUES (4, 4, 'Nevada', 'Lake Brianne', 'Murray Manors', '945', '524', 93, '2018-10-21 01:45:42', '2012-01-22 04:49:42');
INSERT INTO `user_addresses` (`id`, `user_id`, `region`, `city`, `street`, `house_num`, `apart_num`, `mail_index`, `created_at`, `updated_at`) VALUES (5, 5, 'California', 'Corwinmouth', 'Wayne Fields', '069', '0842', 32944, '2014-04-14 08:56:10', '2017-06-23 06:16:40');
INSERT INTO `user_addresses` (`id`, `user_id`, `region`, `city`, `street`, `house_num`, `apart_num`, `mail_index`, `created_at`, `updated_at`) VALUES (6, 6, 'Iowa', 'East Stephanie', 'Josephine Causeway', '408', '1947', 26046, '2012-12-12 15:38:38', '2016-07-10 05:09:07');
INSERT INTO `user_addresses` (`id`, `user_id`, `region`, `city`, `street`, `house_num`, `apart_num`, `mail_index`, `created_at`, `updated_at`) VALUES (7, 7, 'Maryland', 'Port George', 'Akeem Trafficway', '357', '5735', 48949, '2019-04-12 16:24:29', '2018-06-29 19:23:30');
INSERT INTO `user_addresses` (`id`, `user_id`, `region`, `city`, `street`, `house_num`, `apart_num`, `mail_index`, `created_at`, `updated_at`) VALUES (8, 8, 'Ohio', 'West Reystad', 'Reilly Road', '620', '049', 50537, '2016-06-16 10:55:16', '2017-01-05 15:42:45');
INSERT INTO `user_addresses` (`id`, `user_id`, `region`, `city`, `street`, `house_num`, `apart_num`, `mail_index`, `created_at`, `updated_at`) VALUES (9, 9, 'California', 'Giovannifurt', 'Schumm Trail', '071', '2526', 40454, '2011-09-05 15:39:07', '2014-08-03 05:03:38');
INSERT INTO `user_addresses` (`id`, `user_id`, `region`, `city`, `street`, `house_num`, `apart_num`, `mail_index`, `created_at`, `updated_at`) VALUES (10, 10, 'Oklahoma', 'Fritschhaven', 'King Island', '265', '092', 74976, '2015-10-31 13:00:41', '2013-08-29 07:39:21');
INSERT INTO `user_addresses` (`id`, `user_id`, `region`, `city`, `street`, `house_num`, `apart_num`, `mail_index`, `created_at`, `updated_at`) VALUES (11, 11, 'Virginia', 'West Vilmahaven', 'Josiane Mall', '347', '875', 75239, '2010-09-25 20:59:46', '2016-12-30 05:26:37');
INSERT INTO `user_addresses` (`id`, `user_id`, `region`, `city`, `street`, `house_num`, `apart_num`, `mail_index`, `created_at`, `updated_at`) VALUES (12, 12, 'Georgia', 'Robelshire', 'Herbert Via', '952', '456', 71973, '2017-11-17 09:04:44', '2011-11-12 13:53:37');
INSERT INTO `user_addresses` (`id`, `user_id`, `region`, `city`, `street`, `house_num`, `apart_num`, `mail_index`, `created_at`, `updated_at`) VALUES (13, 13, 'Nebraska', 'Lake Bobbiechester', 'Jordyn Pass', '037', '8919', 80270, '2012-04-24 10:28:10', '2018-05-05 06:52:19');
INSERT INTO `user_addresses` (`id`, `user_id`, `region`, `city`, `street`, `house_num`, `apart_num`, `mail_index`, `created_at`, `updated_at`) VALUES (14, 14, 'Vermont', 'Port Emmittmouth', 'Upton Locks', '798', '397', 57487, '2017-06-20 08:05:22', '2016-09-10 04:13:44');
INSERT INTO `user_addresses` (`id`, `user_id`, `region`, `city`, `street`, `house_num`, `apart_num`, `mail_index`, `created_at`, `updated_at`) VALUES (15, 15, 'NewMexico', 'Blockburgh', 'Mollie Burgs', '481', '2652', 4808, '2017-07-31 00:49:15', '2019-08-02 02:43:57');
INSERT INTO `user_addresses` (`id`, `user_id`, `region`, `city`, `street`, `house_num`, `apart_num`, `mail_index`, `created_at`, `updated_at`) VALUES (16, 16, 'Arkansas', 'West Soniaview', 'Wisozk Roads', '336', '8194', 873, '2011-07-11 17:37:04', '2019-02-13 01:37:26');
INSERT INTO `user_addresses` (`id`, `user_id`, `region`, `city`, `street`, `house_num`, `apart_num`, `mail_index`, `created_at`, `updated_at`) VALUES (17, 17, 'Wyoming', 'Wyattside', 'Shyanne Cove', '404', '4770', 27179, '2020-04-08 06:37:10', '2016-02-11 04:47:19');
INSERT INTO `user_addresses` (`id`, `user_id`, `region`, `city`, `street`, `house_num`, `apart_num`, `mail_index`, `created_at`, `updated_at`) VALUES (18, 18, 'District of Columbia', 'Lelafurt', 'Grace Knolls', '051', '036', 3355, '2010-10-26 14:39:45', '2015-10-15 14:16:52');
INSERT INTO `user_addresses` (`id`, `user_id`, `region`, `city`, `street`, `house_num`, `apart_num`, `mail_index`, `created_at`, `updated_at`) VALUES (19, 19, 'Idaho', 'Haskellchester', 'Elian Tunnel', '738', '529', 99461, '2012-08-14 22:52:45', '2018-07-05 11:47:17');
INSERT INTO `user_addresses` (`id`, `user_id`, `region`, `city`, `street`, `house_num`, `apart_num`, `mail_index`, `created_at`, `updated_at`) VALUES (20, 20, 'NorthDakota', 'South Shanna', 'Toy Canyon', '229', '7021', 80174, '2016-09-13 07:25:40', '2011-01-26 03:28:38');
INSERT INTO `user_addresses` (`id`, `user_id`, `region`, `city`, `street`, `house_num`, `apart_num`, `mail_index`, `created_at`, `updated_at`) VALUES (21, 21, 'Maryland', 'Shanahanport', 'Samantha Viaduct', '717', '2993', 9609, '2011-10-01 10:21:13', '2010-05-20 22:45:47');
INSERT INTO `user_addresses` (`id`, `user_id`, `region`, `city`, `street`, `house_num`, `apart_num`, `mail_index`, `created_at`, `updated_at`) VALUES (22, 22, 'Maine', 'Lake Abagail', 'Isom Extensions', '035', '2520', 84989, '2016-12-19 21:25:48', '2014-03-27 10:01:17');
INSERT INTO `user_addresses` (`id`, `user_id`, `region`, `city`, `street`, `house_num`, `apart_num`, `mail_index`, `created_at`, `updated_at`) VALUES (23, 23, 'Texas', 'Theresiatown', 'Crooks View', '801', '7838', 21179, '2014-06-03 16:38:14', '2014-03-29 11:07:03');
INSERT INTO `user_addresses` (`id`, `user_id`, `region`, `city`, `street`, `house_num`, `apart_num`, `mail_index`, `created_at`, `updated_at`) VALUES (24, 24, 'NewMexico', 'New Curtisland', 'Dannie Junctions', '897', '953', 8778, '2017-03-18 18:53:44', '2018-04-14 02:55:58');
INSERT INTO `user_addresses` (`id`, `user_id`, `region`, `city`, `street`, `house_num`, `apart_num`, `mail_index`, `created_at`, `updated_at`) VALUES (25, 25, 'Connecticut', 'Lefflerfurt', 'Julien Well', '689', '0807', 65764, '2014-12-17 23:16:55', '2017-09-02 06:47:57');
INSERT INTO `user_addresses` (`id`, `user_id`, `region`, `city`, `street`, `house_num`, `apart_num`, `mail_index`, `created_at`, `updated_at`) VALUES (26, 26, 'Maine', 'Port Rigoberto', 'Homenick Rest', '414', '4624', 37953, '2011-01-15 00:05:16', '2018-07-30 04:13:20');
INSERT INTO `user_addresses` (`id`, `user_id`, `region`, `city`, `street`, `house_num`, `apart_num`, `mail_index`, `created_at`, `updated_at`) VALUES (27, 27, 'Wisconsin', 'Porterfurt', 'Major Plain', '569', '8528', 24640, '2011-02-06 23:41:43', '2020-02-07 19:58:23');
INSERT INTO `user_addresses` (`id`, `user_id`, `region`, `city`, `street`, `house_num`, `apart_num`, `mail_index`, `created_at`, `updated_at`) VALUES (28, 28, 'California', 'Port Tre', 'Hand Keys', '717', '0252', 87808, '2014-09-03 20:25:14', '2015-02-18 05:59:08');
INSERT INTO `user_addresses` (`id`, `user_id`, `region`, `city`, `street`, `house_num`, `apart_num`, `mail_index`, `created_at`, `updated_at`) VALUES (29, 29, 'Idaho', 'Murphybury', 'Alta Port', '608', '7153', 90267, '2019-08-01 22:17:49', '2011-12-05 04:42:27');
INSERT INTO `user_addresses` (`id`, `user_id`, `region`, `city`, `street`, `house_num`, `apart_num`, `mail_index`, `created_at`, `updated_at`) VALUES (30, 30, 'Alabama', 'New Edmond', 'Wyman Street', '801', '2447', 35072, '2013-02-14 22:53:52', '2019-07-29 20:28:14');
INSERT INTO `user_addresses` (`id`, `user_id`, `region`, `city`, `street`, `house_num`, `apart_num`, `mail_index`, `created_at`, `updated_at`) VALUES (31, 31, 'Arkansas', 'Alfonsostad', 'Margaret Freeway', '733', '804', 65654, '2019-03-16 06:47:46', '2013-04-21 19:01:10');
INSERT INTO `user_addresses` (`id`, `user_id`, `region`, `city`, `street`, `house_num`, `apart_num`, `mail_index`, `created_at`, `updated_at`) VALUES (32, 32, 'Nebraska', 'Rooseveltborough', 'McKenzie Corners', '672', '7224', 45791, '2015-12-26 22:34:18', '2016-09-09 22:12:46');
INSERT INTO `user_addresses` (`id`, `user_id`, `region`, `city`, `street`, `house_num`, `apart_num`, `mail_index`, `created_at`, `updated_at`) VALUES (33, 33, 'Montana', 'Lizziebury', 'Sanford Extensions', '360', '9168', 60850, '2018-10-01 01:02:32', '2017-05-27 10:35:13');
INSERT INTO `user_addresses` (`id`, `user_id`, `region`, `city`, `street`, `house_num`, `apart_num`, `mail_index`, `created_at`, `updated_at`) VALUES (34, 34, 'Oregon', 'Hillltown', 'Corkery Village', '834', '4688', 61571, '2016-05-09 12:12:43', '2016-11-30 13:48:46');
INSERT INTO `user_addresses` (`id`, `user_id`, `region`, `city`, `street`, `house_num`, `apart_num`, `mail_index`, `created_at`, `updated_at`) VALUES (35, 35, 'NorthCarolina', 'New Quinton', 'Wiegand Valleys', '173', '203', 5372, '2013-12-25 23:27:28', '2012-04-20 08:13:13');
INSERT INTO `user_addresses` (`id`, `user_id`, `region`, `city`, `street`, `house_num`, `apart_num`, `mail_index`, `created_at`, `updated_at`) VALUES (36, 36, 'Florida', 'Lake Lauryview', 'Collins Forge', '557', '299', 11852, '2016-09-03 22:55:05', '2013-09-14 04:03:32');
INSERT INTO `user_addresses` (`id`, `user_id`, `region`, `city`, `street`, `house_num`, `apart_num`, `mail_index`, `created_at`, `updated_at`) VALUES (37, 37, 'Idaho', 'Rockyville', 'Raina Canyon', '123', '632', 22988, '2012-08-18 00:08:43', '2013-12-12 08:18:00');
INSERT INTO `user_addresses` (`id`, `user_id`, `region`, `city`, `street`, `house_num`, `apart_num`, `mail_index`, `created_at`, `updated_at`) VALUES (38, 38, 'NorthCarolina', 'Lake Kadenbury', 'Queen Mews', '468', '992', 91745, '2016-01-18 07:41:05', '2012-06-02 05:26:23');
INSERT INTO `user_addresses` (`id`, `user_id`, `region`, `city`, `street`, `house_num`, `apart_num`, `mail_index`, `created_at`, `updated_at`) VALUES (39, 39, 'Nevada', 'Trinityside', 'Sally Port', '129', '6203', 88000, '2011-11-06 04:15:46', '2017-11-20 06:33:48');
INSERT INTO `user_addresses` (`id`, `user_id`, `region`, `city`, `street`, `house_num`, `apart_num`, `mail_index`, `created_at`, `updated_at`) VALUES (40, 40, 'RhodeIsland', 'Flatleyville', 'Moses Wall', '610', '0245', 12080, '2017-05-22 03:42:43', '2018-01-29 17:34:37');
INSERT INTO `user_addresses` (`id`, `user_id`, `region`, `city`, `street`, `house_num`, `apart_num`, `mail_index`, `created_at`, `updated_at`) VALUES (41, 41, 'Alabama', 'Krystinaport', 'Casper Manor', '401', '7875', 84315, '2020-01-10 13:19:45', '2020-03-12 06:40:50');
INSERT INTO `user_addresses` (`id`, `user_id`, `region`, `city`, `street`, `house_num`, `apart_num`, `mail_index`, `created_at`, `updated_at`) VALUES (42, 42, 'Maine', 'Ardenhaven', 'Hagenes Keys', '091', '7989', 73041, '2016-03-13 01:22:07', '2011-11-19 19:47:05');
INSERT INTO `user_addresses` (`id`, `user_id`, `region`, `city`, `street`, `house_num`, `apart_num`, `mail_index`, `created_at`, `updated_at`) VALUES (43, 43, 'Missouri', 'Kieranburgh', 'Bernier Underpass', '979', '209', 68788, '2018-11-19 07:36:17', '2017-05-08 22:02:00');
INSERT INTO `user_addresses` (`id`, `user_id`, `region`, `city`, `street`, `house_num`, `apart_num`, `mail_index`, `created_at`, `updated_at`) VALUES (44, 44, 'Tennessee', 'Bayertown', 'Genoveva Hill', '254', '3079', 55762, '2017-03-24 02:28:39', '2012-12-03 09:22:15');
INSERT INTO `user_addresses` (`id`, `user_id`, `region`, `city`, `street`, `house_num`, `apart_num`, `mail_index`, `created_at`, `updated_at`) VALUES (45, 45, 'District of Columbia', 'Terencefurt', 'Rodriguez Lodge', '981', '5310', 95340, '2011-12-26 20:29:51', '2014-05-26 04:20:15');
INSERT INTO `user_addresses` (`id`, `user_id`, `region`, `city`, `street`, `house_num`, `apart_num`, `mail_index`, `created_at`, `updated_at`) VALUES (46, 46, 'Indiana', 'Port Daniellaville', 'Friesen Curve', '554', '7901', 98954, '2015-06-24 13:56:35', '2017-03-04 15:41:48');
INSERT INTO `user_addresses` (`id`, `user_id`, `region`, `city`, `street`, `house_num`, `apart_num`, `mail_index`, `created_at`, `updated_at`) VALUES (47, 47, 'Montana', 'Zitaberg', 'Mueller Drive', '700', '3017', 84643, '2015-09-25 09:14:27', '2011-11-14 19:41:14');
INSERT INTO `user_addresses` (`id`, `user_id`, `region`, `city`, `street`, `house_num`, `apart_num`, `mail_index`, `created_at`, `updated_at`) VALUES (48, 48, 'Massachusetts', 'West Jedediah', 'Keeling Park', '773', '755', 16248, '2019-11-01 04:19:12', '2016-12-05 11:50:35');
INSERT INTO `user_addresses` (`id`, `user_id`, `region`, `city`, `street`, `house_num`, `apart_num`, `mail_index`, `created_at`, `updated_at`) VALUES (49, 49, 'Tennessee', 'West Dawson', 'Ritchie Skyway', '820', '0473', 56486, '2014-08-27 14:06:20', '2013-05-12 12:56:33');
INSERT INTO `user_addresses` (`id`, `user_id`, `region`, `city`, `street`, `house_num`, `apart_num`, `mail_index`, `created_at`, `updated_at`) VALUES (50, 50, 'Idaho', 'West Elvafurt', 'Libbie Mission', '231', '4759', 8140, '2013-05-19 03:34:46', '2015-05-02 16:56:20');
INSERT INTO `user_addresses` (`id`, `user_id`, `region`, `city`, `street`, `house_num`, `apart_num`, `mail_index`, `created_at`, `updated_at`) VALUES (51, 51, 'SouthCarolina', 'Nicolasview', 'Marks Mountain', '414', '9012', 63788, '2019-08-13 14:10:08', '2016-12-16 20:46:52');
INSERT INTO `user_addresses` (`id`, `user_id`, `region`, `city`, `street`, `house_num`, `apart_num`, `mail_index`, `created_at`, `updated_at`) VALUES (52, 52, 'Virginia', 'Feilmouth', 'Bogisich Groves', '234', '1776', 66610, '2018-04-30 17:43:10', '2013-12-18 06:21:03');
INSERT INTO `user_addresses` (`id`, `user_id`, `region`, `city`, `street`, `house_num`, `apart_num`, `mail_index`, `created_at`, `updated_at`) VALUES (53, 53, 'Oklahoma', 'Port Loniehaven', 'Upton Plains', '147', '2001', 88872, '2015-05-24 04:32:12', '2011-03-21 06:22:42');
INSERT INTO `user_addresses` (`id`, `user_id`, `region`, `city`, `street`, `house_num`, `apart_num`, `mail_index`, `created_at`, `updated_at`) VALUES (54, 54, 'Utah', 'Godfreymouth', 'Trace Keys', '588', '3567', 63362, '2019-01-07 04:09:21', '2011-05-03 23:09:13');
INSERT INTO `user_addresses` (`id`, `user_id`, `region`, `city`, `street`, `house_num`, `apart_num`, `mail_index`, `created_at`, `updated_at`) VALUES (55, 55, 'California', 'Verdieview', 'Brandt Pass', '564', '754', 35274, '2012-07-14 18:20:25', '2020-03-30 21:06:18');
INSERT INTO `user_addresses` (`id`, `user_id`, `region`, `city`, `street`, `house_num`, `apart_num`, `mail_index`, `created_at`, `updated_at`) VALUES (56, 56, 'SouthCarolina', 'Port Carolannefurt', 'Jarvis Rest', '091', '4136', 73754, '2016-06-01 19:22:13', '2014-11-30 03:57:45');
INSERT INTO `user_addresses` (`id`, `user_id`, `region`, `city`, `street`, `house_num`, `apart_num`, `mail_index`, `created_at`, `updated_at`) VALUES (57, 57, 'Nevada', 'Wehnertown', 'Donnelly Locks', '515', '373', 68201, '2014-03-02 07:18:30', '2011-09-25 05:41:26');
INSERT INTO `user_addresses` (`id`, `user_id`, `region`, `city`, `street`, `house_num`, `apart_num`, `mail_index`, `created_at`, `updated_at`) VALUES (58, 58, 'Delaware', 'Lake Patsy', 'Lyla Cliffs', '817', '6622', 45467, '2014-09-17 16:14:27', '2010-11-12 20:37:55');
INSERT INTO `user_addresses` (`id`, `user_id`, `region`, `city`, `street`, `house_num`, `apart_num`, `mail_index`, `created_at`, `updated_at`) VALUES (59, 59, 'Ohio', 'Runolfsdottirmouth', 'Ernest Bypass', '171', '2000', 46118, '2011-10-30 00:39:40', '2018-12-02 07:19:35');
INSERT INTO `user_addresses` (`id`, `user_id`, `region`, `city`, `street`, `house_num`, `apart_num`, `mail_index`, `created_at`, `updated_at`) VALUES (60, 60, 'Maine', 'Richardburgh', 'Leuschke Station', '740', '778', 48103, '2011-12-03 07:26:23', '2013-11-26 15:36:22');
INSERT INTO `user_addresses` (`id`, `user_id`, `region`, `city`, `street`, `house_num`, `apart_num`, `mail_index`, `created_at`, `updated_at`) VALUES (61, 61, 'Maine', 'Traceymouth', 'Rex Lake', '441', '451', 20119, '2011-09-21 04:11:22', '2016-11-24 18:47:12');
INSERT INTO `user_addresses` (`id`, `user_id`, `region`, `city`, `street`, `house_num`, `apart_num`, `mail_index`, `created_at`, `updated_at`) VALUES (62, 62, 'Hawaii', 'Lake Madisyn', 'Bauch Square', '087', '9838', 89315, '2016-04-01 10:28:03', '2016-01-20 06:06:52');
INSERT INTO `user_addresses` (`id`, `user_id`, `region`, `city`, `street`, `house_num`, `apart_num`, `mail_index`, `created_at`, `updated_at`) VALUES (63, 63, 'NewMexico', 'Tomasport', 'Rollin Meadow', '064', '958', 11864, '2016-07-26 10:07:14', '2016-02-17 18:58:47');
INSERT INTO `user_addresses` (`id`, `user_id`, `region`, `city`, `street`, `house_num`, `apart_num`, `mail_index`, `created_at`, `updated_at`) VALUES (64, 64, 'Nevada', 'Wiegandbury', 'Sharon Corners', '189', '047', 11691, '2011-12-26 12:54:54', '2016-02-06 11:24:06');
INSERT INTO `user_addresses` (`id`, `user_id`, `region`, `city`, `street`, `house_num`, `apart_num`, `mail_index`, `created_at`, `updated_at`) VALUES (65, 65, 'Wisconsin', 'Eugeniaburgh', 'Mayer Plains', '904', '9141', 38180, '2011-08-27 12:53:54', '2013-03-24 10:16:27');
INSERT INTO `user_addresses` (`id`, `user_id`, `region`, `city`, `street`, `house_num`, `apart_num`, `mail_index`, `created_at`, `updated_at`) VALUES (66, 66, 'Mississippi', 'South Cory', 'Demario Cove', '308', '057', 92524, '2014-04-12 08:00:15', '2014-10-20 21:53:09');
INSERT INTO `user_addresses` (`id`, `user_id`, `region`, `city`, `street`, `house_num`, `apart_num`, `mail_index`, `created_at`, `updated_at`) VALUES (67, 67, 'Idaho', 'Ryanfort', 'Ernser Circles', '380', '5942', 45229, '2014-04-10 16:24:01', '2017-10-03 04:51:44');
INSERT INTO `user_addresses` (`id`, `user_id`, `region`, `city`, `street`, `house_num`, `apart_num`, `mail_index`, `created_at`, `updated_at`) VALUES (68, 68, 'Georgia', 'Lueilwitzland', 'Bednar Trail', '448', '5169', 64419, '2015-04-19 06:15:18', '2012-08-12 16:53:02');
INSERT INTO `user_addresses` (`id`, `user_id`, `region`, `city`, `street`, `house_num`, `apart_num`, `mail_index`, `created_at`, `updated_at`) VALUES (69, 69, 'Wyoming', 'North Arnold', 'Ross Plain', '964', '906', 98561, '2011-03-16 08:20:31', '2014-09-09 00:00:38');
INSERT INTO `user_addresses` (`id`, `user_id`, `region`, `city`, `street`, `house_num`, `apart_num`, `mail_index`, `created_at`, `updated_at`) VALUES (70, 70, 'Delaware', 'Kelvinstad', 'Oberbrunner Drive', '272', '1343', 97293, '2013-11-06 12:54:30', '2017-11-25 03:05:35');
INSERT INTO `user_addresses` (`id`, `user_id`, `region`, `city`, `street`, `house_num`, `apart_num`, `mail_index`, `created_at`, `updated_at`) VALUES (71, 71, 'WestVirginia', 'Kianton', 'Cory Summit', '402', '0394', 52862, '2014-05-13 02:44:51', '2016-06-10 01:59:59');
INSERT INTO `user_addresses` (`id`, `user_id`, `region`, `city`, `street`, `house_num`, `apart_num`, `mail_index`, `created_at`, `updated_at`) VALUES (72, 72, 'Illinois', 'Zoieview', 'Nick Point', '732', '6630', 99649, '2016-09-10 10:32:12', '2019-08-07 20:20:45');
INSERT INTO `user_addresses` (`id`, `user_id`, `region`, `city`, `street`, `house_num`, `apart_num`, `mail_index`, `created_at`, `updated_at`) VALUES (73, 73, 'Arizona', 'Heidenreichfort', 'Hettinger Gardens', '140', '8505', 4149, '2012-06-26 12:21:02', '2010-10-28 14:25:10');
INSERT INTO `user_addresses` (`id`, `user_id`, `region`, `city`, `street`, `house_num`, `apart_num`, `mail_index`, `created_at`, `updated_at`) VALUES (74, 74, 'Oregon', 'East Fatima', 'Aida Forge', '004', '8705', 33610, '2011-09-28 15:27:09', '2017-03-18 13:46:30');
INSERT INTO `user_addresses` (`id`, `user_id`, `region`, `city`, `street`, `house_num`, `apart_num`, `mail_index`, `created_at`, `updated_at`) VALUES (75, 75, 'Louisiana', 'Cedrickville', 'Liliana Ferry', '090', '2492', 75800, '2014-01-22 19:24:38', '2017-12-17 00:19:18');
INSERT INTO `user_addresses` (`id`, `user_id`, `region`, `city`, `street`, `house_num`, `apart_num`, `mail_index`, `created_at`, `updated_at`) VALUES (76, 76, 'NorthCarolina', 'New Jacky', 'Heathcote Key', '573', '009', 15503, '2014-05-27 03:45:18', '2015-03-13 03:03:57');
INSERT INTO `user_addresses` (`id`, `user_id`, `region`, `city`, `street`, `house_num`, `apart_num`, `mail_index`, `created_at`, `updated_at`) VALUES (77, 77, 'Michigan', 'Cartwrightland', 'Rosalee Walk', '615', '4297', 30157, '2015-10-25 19:00:57', '2013-02-13 06:19:15');
INSERT INTO `user_addresses` (`id`, `user_id`, `region`, `city`, `street`, `house_num`, `apart_num`, `mail_index`, `created_at`, `updated_at`) VALUES (78, 78, 'Arizona', 'Runteside', 'Larson Glens', '461', '0482', 84659, '2015-12-31 14:00:12', '2017-05-10 09:33:38');
INSERT INTO `user_addresses` (`id`, `user_id`, `region`, `city`, `street`, `house_num`, `apart_num`, `mail_index`, `created_at`, `updated_at`) VALUES (79, 79, 'Texas', 'North Jeraldbury', 'Vada Forge', '665', '748', 88866, '2015-02-01 06:13:25', '2014-02-20 07:14:47');
INSERT INTO `user_addresses` (`id`, `user_id`, `region`, `city`, `street`, `house_num`, `apart_num`, `mail_index`, `created_at`, `updated_at`) VALUES (80, 80, 'Kentucky', 'West Janiya', 'Lemke Well', '266', '4537', 84713, '2019-01-19 08:06:54', '2016-06-11 10:52:01');
INSERT INTO `user_addresses` (`id`, `user_id`, `region`, `city`, `street`, `house_num`, `apart_num`, `mail_index`, `created_at`, `updated_at`) VALUES (81, 81, 'WestVirginia', 'Wuckertstad', 'Javon Junction', '482', '770', 88656, '2012-05-15 23:54:55', '2010-05-05 20:24:52');
INSERT INTO `user_addresses` (`id`, `user_id`, `region`, `city`, `street`, `house_num`, `apart_num`, `mail_index`, `created_at`, `updated_at`) VALUES (82, 82, 'Mississippi', 'South Ronaldomouth', 'Helga Isle', '954', '779', 73286, '2010-10-26 16:52:53', '2011-11-23 02:07:30');
INSERT INTO `user_addresses` (`id`, `user_id`, `region`, `city`, `street`, `house_num`, `apart_num`, `mail_index`, `created_at`, `updated_at`) VALUES (83, 83, 'Tennessee', 'Darrenland', 'Hettinger Street', '524', '4863', 89217, '2017-08-12 04:16:06', '2010-07-05 16:23:41');
INSERT INTO `user_addresses` (`id`, `user_id`, `region`, `city`, `street`, `house_num`, `apart_num`, `mail_index`, `created_at`, `updated_at`) VALUES (84, 84, 'Alaska', 'Satterfieldburgh', 'O\'Keefe Freeway', '678', '0184', 72430, '2013-12-31 12:03:57', '2016-04-03 14:12:55');
INSERT INTO `user_addresses` (`id`, `user_id`, `region`, `city`, `street`, `house_num`, `apart_num`, `mail_index`, `created_at`, `updated_at`) VALUES (85, 85, 'Alabama', 'East Kaceyton', 'Windler Island', '231', '0979', 86385, '2015-09-16 15:32:35', '2016-10-09 13:05:36');
INSERT INTO `user_addresses` (`id`, `user_id`, `region`, `city`, `street`, `house_num`, `apart_num`, `mail_index`, `created_at`, `updated_at`) VALUES (86, 86, 'District of Columbia', 'Gislasonburgh', 'Batz Forge', '878', '1745', 53030, '2017-04-16 06:50:18', '2014-03-25 05:21:50');
INSERT INTO `user_addresses` (`id`, `user_id`, `region`, `city`, `street`, `house_num`, `apart_num`, `mail_index`, `created_at`, `updated_at`) VALUES (87, 87, 'Vermont', 'Jordynbury', 'Thiel Shoal', '136', '5441', 61109, '2017-09-11 14:07:56', '2017-02-11 15:02:01');
INSERT INTO `user_addresses` (`id`, `user_id`, `region`, `city`, `street`, `house_num`, `apart_num`, `mail_index`, `created_at`, `updated_at`) VALUES (88, 88, 'Oklahoma', 'East Maiahaven', 'Dameon Lodge', '405', '0481', 35662, '2018-06-03 00:44:23', '2011-02-18 11:38:10');
INSERT INTO `user_addresses` (`id`, `user_id`, `region`, `city`, `street`, `house_num`, `apart_num`, `mail_index`, `created_at`, `updated_at`) VALUES (89, 89, 'Delaware', 'Harmonyside', 'Barton Drives', '159', '8213', 93177, '2019-07-12 19:58:57', '2019-07-03 17:41:00');
INSERT INTO `user_addresses` (`id`, `user_id`, `region`, `city`, `street`, `house_num`, `apart_num`, `mail_index`, `created_at`, `updated_at`) VALUES (90, 90, 'Nebraska', 'East Silas', 'Zoe Mission', '060', '9841', 14103, '2010-05-30 07:28:39', '2019-12-23 16:56:13');
INSERT INTO `user_addresses` (`id`, `user_id`, `region`, `city`, `street`, `house_num`, `apart_num`, `mail_index`, `created_at`, `updated_at`) VALUES (91, 91, 'Missouri', 'South Pablobury', 'Samara Lake', '998', '221', 13321, '2019-07-19 23:59:23', '2011-04-09 10:51:41');
INSERT INTO `user_addresses` (`id`, `user_id`, `region`, `city`, `street`, `house_num`, `apart_num`, `mail_index`, `created_at`, `updated_at`) VALUES (92, 92, 'Massachusetts', 'Consueloton', 'Wilkinson Ford', '433', '705', 67452, '2019-07-04 23:08:12', '2014-06-09 10:06:05');
INSERT INTO `user_addresses` (`id`, `user_id`, `region`, `city`, `street`, `house_num`, `apart_num`, `mail_index`, `created_at`, `updated_at`) VALUES (93, 93, 'SouthDakota', 'Hackettton', 'Walter Stravenue', '737', '7667', 99903, '2019-02-11 13:45:45', '2013-09-10 07:46:52');
INSERT INTO `user_addresses` (`id`, `user_id`, `region`, `city`, `street`, `house_num`, `apart_num`, `mail_index`, `created_at`, `updated_at`) VALUES (94, 94, 'Indiana', 'Hermannside', 'Tromp Ferry', '424', '9519', 4760, '2018-11-03 04:47:44', '2013-05-12 13:37:06');
INSERT INTO `user_addresses` (`id`, `user_id`, `region`, `city`, `street`, `house_num`, `apart_num`, `mail_index`, `created_at`, `updated_at`) VALUES (95, 95, 'Minnesota', 'South Robbie', 'Zula Lake', '634', '374', 14169, '2015-08-18 18:41:42', '2014-04-30 04:51:32');
INSERT INTO `user_addresses` (`id`, `user_id`, `region`, `city`, `street`, `house_num`, `apart_num`, `mail_index`, `created_at`, `updated_at`) VALUES (96, 96, 'NorthCarolina', 'Lake Jarrett', 'Kuhic Spurs', '571', '571', 8893, '2016-06-29 04:29:39', '2014-03-27 17:55:23');
INSERT INTO `user_addresses` (`id`, `user_id`, `region`, `city`, `street`, `house_num`, `apart_num`, `mail_index`, `created_at`, `updated_at`) VALUES (97, 97, 'Kentucky', 'East Brielle', 'Jaclyn Tunnel', '178', '6269', 61669, '2017-09-24 06:09:39', '2016-04-12 22:58:15');
INSERT INTO `user_addresses` (`id`, `user_id`, `region`, `city`, `street`, `house_num`, `apart_num`, `mail_index`, `created_at`, `updated_at`) VALUES (98, 98, 'Pennsylvania', 'South Clemens', 'Vince Pines', '910', '827', 37438, '2011-07-31 20:22:51', '2011-07-07 14:23:17');
INSERT INTO `user_addresses` (`id`, `user_id`, `region`, `city`, `street`, `house_num`, `apart_num`, `mail_index`, `created_at`, `updated_at`) VALUES (99, 99, 'SouthCarolina', 'Lake Krystina', 'Chasity Meadow', '238', '7133', 22500, '2014-08-17 13:44:36', '2014-12-27 03:39:44');
INSERT INTO `user_addresses` (`id`, `user_id`, `region`, `city`, `street`, `house_num`, `apart_num`, `mail_index`, `created_at`, `updated_at`) VALUES (100, 100, 'NewHampshire', 'East Onie', 'Solon Rue', '661', '1184', 68903, '2010-12-16 14:34:12', '2011-07-06 03:03:07');

-- заполнение requisites

INSERT INTO `requisites` (`id`, `user_id`, `req_name`, `BIC_bank`, `checking_account`, `first_name`, `last_name`, `middle_name`, `created_at`, `updated_at`) VALUES (1, 1, 'laborum', 53101, 9, 'Joanie', 'Schowalter', 'Jordon', '2014-08-12 02:35:33', '2015-12-03 01:08:25');
INSERT INTO `requisites` (`id`, `user_id`, `req_name`, `BIC_bank`, `checking_account`, `first_name`, `last_name`, `middle_name`, `created_at`, `updated_at`) VALUES (2, 2, 'nihil', 2210, 983240, 'Erin', 'Miller', 'Jessy', '2010-10-01 21:16:29', '2020-04-13 09:19:03');
INSERT INTO `requisites` (`id`, `user_id`, `req_name`, `BIC_bank`, `checking_account`, `first_name`, `last_name`, `middle_name`, `created_at`, `updated_at`) VALUES (3, 3, 'deleniti', 1, 693520, 'Howell', 'Dietrich', 'Buster', '2018-04-18 22:01:55', '2019-01-10 16:25:46');
INSERT INTO `requisites` (`id`, `user_id`, `req_name`, `BIC_bank`, `checking_account`, `first_name`, `last_name`, `middle_name`, `created_at`, `updated_at`) VALUES (4, 4, 'ipsa', 50467, 5370342, 'Destinee', 'Muller', 'Stanton', '2012-09-28 22:50:12', '2019-08-22 14:28:03');
INSERT INTO `requisites` (`id`, `user_id`, `req_name`, `BIC_bank`, `checking_account`, `first_name`, `last_name`, `middle_name`, `created_at`, `updated_at`) VALUES (5, 5, 'ad', 968066, 4885, 'Margarete', 'Schimmel', 'Bryon', '2015-08-11 08:20:41', '2017-09-03 02:16:31');
INSERT INTO `requisites` (`id`, `user_id`, `req_name`, `BIC_bank`, `checking_account`, `first_name`, `last_name`, `middle_name`, `created_at`, `updated_at`) VALUES (6, 6, 'beatae', 67, 0, 'Pamela', 'Wilderman', 'Pete', '2018-10-30 01:19:25', '2015-09-19 21:33:45');
INSERT INTO `requisites` (`id`, `user_id`, `req_name`, `BIC_bank`, `checking_account`, `first_name`, `last_name`, `middle_name`, `created_at`, `updated_at`) VALUES (7, 7, 'numquam', 151110, 9406636, 'Dallin', 'Mante', 'Lucas', '2011-09-13 00:49:55', '2017-05-01 12:18:54');
INSERT INTO `requisites` (`id`, `user_id`, `req_name`, `BIC_bank`, `checking_account`, `first_name`, `last_name`, `middle_name`, `created_at`, `updated_at`) VALUES (8, 8, 'aut', 76707162, 86712, 'Bria', 'Ortiz', 'Dwight', '2019-12-01 12:17:11', '2011-10-10 20:56:28');
INSERT INTO `requisites` (`id`, `user_id`, `req_name`, `BIC_bank`, `checking_account`, `first_name`, `last_name`, `middle_name`, `created_at`, `updated_at`) VALUES (9, 9, 'velit', 5035, 0, 'Josiane', 'Armstrong', 'Evert', '2015-01-15 10:06:43', '2018-01-25 04:50:40');
INSERT INTO `requisites` (`id`, `user_id`, `req_name`, `BIC_bank`, `checking_account`, `first_name`, `last_name`, `middle_name`, `created_at`, `updated_at`) VALUES (10, 10, 'iure', 93696, 7, 'Zelma', 'Yost', 'Howell', '2016-06-07 19:21:13', '2016-08-02 18:51:17');
INSERT INTO `requisites` (`id`, `user_id`, `req_name`, `BIC_bank`, `checking_account`, `first_name`, `last_name`, `middle_name`, `created_at`, `updated_at`) VALUES (11, 11, 'sint', 353141528, 25, 'Onie', 'Cole', 'Brannon', '2018-09-04 17:30:39', '2016-03-12 23:40:24');
INSERT INTO `requisites` (`id`, `user_id`, `req_name`, `BIC_bank`, `checking_account`, `first_name`, `last_name`, `middle_name`, `created_at`, `updated_at`) VALUES (12, 12, 'itaque', 85333201, 8281472, 'Anabel', 'Marvin', 'Mike', '2014-01-01 08:56:18', '2015-08-05 13:29:44');
INSERT INTO `requisites` (`id`, `user_id`, `req_name`, `BIC_bank`, `checking_account`, `first_name`, `last_name`, `middle_name`, `created_at`, `updated_at`) VALUES (13, 13, 'accusantium', 7903524, 9, 'Johnnie', 'Lueilwitz', 'Erwin', '2018-01-13 22:54:56', '2015-03-13 07:33:15');
INSERT INTO `requisites` (`id`, `user_id`, `req_name`, `BIC_bank`, `checking_account`, `first_name`, `last_name`, `middle_name`, `created_at`, `updated_at`) VALUES (14, 14, 'iure', 47508485, 63180, 'Matt', 'Moen', 'Abner', '2013-06-01 13:33:39', '2014-12-24 09:49:58');
INSERT INTO `requisites` (`id`, `user_id`, `req_name`, `BIC_bank`, `checking_account`, `first_name`, `last_name`, `middle_name`, `created_at`, `updated_at`) VALUES (15, 15, 'nobis', 99523542, 473, 'Roman', 'McClure', 'Jonathan', '2013-04-13 14:13:02', '2011-11-13 02:58:44');
INSERT INTO `requisites` (`id`, `user_id`, `req_name`, `BIC_bank`, `checking_account`, `first_name`, `last_name`, `middle_name`, `created_at`, `updated_at`) VALUES (16, 16, 'sequi', 910065369, 7815389, 'Kane', 'Lowe', 'Shayne', '2018-09-25 15:43:18', '2016-09-05 03:34:44');
INSERT INTO `requisites` (`id`, `user_id`, `req_name`, `BIC_bank`, `checking_account`, `first_name`, `last_name`, `middle_name`, `created_at`, `updated_at`) VALUES (17, 17, 'adipisci', 0, 230711, 'Alejandra', 'Muller', 'Raul', '2010-06-08 03:09:32', '2013-09-10 15:21:19');
INSERT INTO `requisites` (`id`, `user_id`, `req_name`, `BIC_bank`, `checking_account`, `first_name`, `last_name`, `middle_name`, `created_at`, `updated_at`) VALUES (18, 18, 'quas', 5, 281, 'Judson', 'Wolf', 'Nicholaus', '2017-08-03 13:11:32', '2013-12-01 05:15:10');
INSERT INTO `requisites` (`id`, `user_id`, `req_name`, `BIC_bank`, `checking_account`, `first_name`, `last_name`, `middle_name`, `created_at`, `updated_at`) VALUES (19, 19, 'facilis', 50180, 4067021, 'Ilene', 'Fahey', 'Brad', '2015-05-29 20:01:40', '2017-03-13 00:47:01');
INSERT INTO `requisites` (`id`, `user_id`, `req_name`, `BIC_bank`, `checking_account`, `first_name`, `last_name`, `middle_name`, `created_at`, `updated_at`) VALUES (20, 20, 'quo', 2869, 98993, 'Darion', 'Vandervort', 'Trent', '2019-05-06 04:08:09', '2012-03-01 22:44:04');
INSERT INTO `requisites` (`id`, `user_id`, `req_name`, `BIC_bank`, `checking_account`, `first_name`, `last_name`, `middle_name`, `created_at`, `updated_at`) VALUES (21, 21, 'blanditiis', 69064604, 818664, 'Wyatt', 'Gibson', 'Hipolito', '2018-02-22 12:33:07', '2013-12-03 07:15:03');
INSERT INTO `requisites` (`id`, `user_id`, `req_name`, `BIC_bank`, `checking_account`, `first_name`, `last_name`, `middle_name`, `created_at`, `updated_at`) VALUES (22, 22, 'dolores', 78, 403112411, 'Daryl', 'Volkman', 'Darien', '2018-05-26 13:25:18', '2016-01-18 23:49:12');
INSERT INTO `requisites` (`id`, `user_id`, `req_name`, `BIC_bank`, `checking_account`, `first_name`, `last_name`, `middle_name`, `created_at`, `updated_at`) VALUES (23, 23, 'veritatis', 1383, 4495, 'Randall', 'Brown', 'Kyler', '2011-08-11 07:32:02', '2011-07-17 00:35:53');
INSERT INTO `requisites` (`id`, `user_id`, `req_name`, `BIC_bank`, `checking_account`, `first_name`, `last_name`, `middle_name`, `created_at`, `updated_at`) VALUES (24, 24, 'nihil', 57328, 1981772, 'Vanessa', 'Corwin', 'Mohammed', '2010-05-21 04:51:39', '2014-06-19 14:09:30');
INSERT INTO `requisites` (`id`, `user_id`, `req_name`, `BIC_bank`, `checking_account`, `first_name`, `last_name`, `middle_name`, `created_at`, `updated_at`) VALUES (25, 25, 'aut', 863820570, 3, 'Maximillia', 'Satterfield', 'Cole', '2017-05-29 18:15:49', '2014-05-08 22:51:46');
INSERT INTO `requisites` (`id`, `user_id`, `req_name`, `BIC_bank`, `checking_account`, `first_name`, `last_name`, `middle_name`, `created_at`, `updated_at`) VALUES (26, 26, 'odit', 15195, 63407, 'Dillon', 'Kerluke', 'Toni', '2011-09-05 18:37:55', '2014-02-25 04:18:09');
INSERT INTO `requisites` (`id`, `user_id`, `req_name`, `BIC_bank`, `checking_account`, `first_name`, `last_name`, `middle_name`, `created_at`, `updated_at`) VALUES (27, 27, 'nihil', 15, 755997003, 'Madyson', 'Balistreri', 'Parker', '2011-02-19 21:04:41', '2019-06-25 02:10:11');
INSERT INTO `requisites` (`id`, `user_id`, `req_name`, `BIC_bank`, `checking_account`, `first_name`, `last_name`, `middle_name`, `created_at`, `updated_at`) VALUES (28, 28, 'molestias', 95478, 709743030, 'Lenora', 'Nitzsche', 'Ramon', '2013-07-25 05:15:48', '2012-04-03 15:07:32');
INSERT INTO `requisites` (`id`, `user_id`, `req_name`, `BIC_bank`, `checking_account`, `first_name`, `last_name`, `middle_name`, `created_at`, `updated_at`) VALUES (29, 29, 'facilis', 79358687, 7, 'Reanna', 'Cummings', 'Wilford', '2018-08-28 00:49:21', '2015-06-14 11:22:19');
INSERT INTO `requisites` (`id`, `user_id`, `req_name`, `BIC_bank`, `checking_account`, `first_name`, `last_name`, `middle_name`, `created_at`, `updated_at`) VALUES (30, 30, 'qui', 58869, 6, 'Naomi', 'Weimann', 'Coby', '2012-11-11 16:50:43', '2014-09-27 21:23:04');
INSERT INTO `requisites` (`id`, `user_id`, `req_name`, `BIC_bank`, `checking_account`, `first_name`, `last_name`, `middle_name`, `created_at`, `updated_at`) VALUES (31, 31, 'autem', 0, 405660, 'Elvis', 'Hand', 'Karley', '2019-05-01 18:11:23', '2016-05-27 05:25:14');
INSERT INTO `requisites` (`id`, `user_id`, `req_name`, `BIC_bank`, `checking_account`, `first_name`, `last_name`, `middle_name`, `created_at`, `updated_at`) VALUES (32, 32, 'expedita', 568267355, 19, 'Adrain', 'Larson', 'Nestor', '2019-04-14 12:31:36', '2019-02-10 12:47:20');
INSERT INTO `requisites` (`id`, `user_id`, `req_name`, `BIC_bank`, `checking_account`, `first_name`, `last_name`, `middle_name`, `created_at`, `updated_at`) VALUES (33, 33, 'dolorem', 758255, 14127641, 'Willow', 'Mertz', 'Immanuel', '2011-02-28 19:51:36', '2016-12-21 20:22:14');
INSERT INTO `requisites` (`id`, `user_id`, `req_name`, `BIC_bank`, `checking_account`, `first_name`, `last_name`, `middle_name`, `created_at`, `updated_at`) VALUES (34, 34, 'tenetur', 5975299, 39985828, 'Jerald', 'Hand', 'Wilber', '2018-12-01 12:40:54', '2018-03-26 01:04:12');
INSERT INTO `requisites` (`id`, `user_id`, `req_name`, `BIC_bank`, `checking_account`, `first_name`, `last_name`, `middle_name`, `created_at`, `updated_at`) VALUES (35, 35, 'quibusdam', 995630356, 91215, 'Bruce', 'Lowe', 'Skylar', '2011-05-15 17:36:07', '2017-11-10 02:51:20');
INSERT INTO `requisites` (`id`, `user_id`, `req_name`, `BIC_bank`, `checking_account`, `first_name`, `last_name`, `middle_name`, `created_at`, `updated_at`) VALUES (36, 36, 'nam', 42690816, 97579831, 'Elise', 'Zemlak', 'Maurice', '2010-10-12 18:50:30', '2010-06-22 00:19:35');
INSERT INTO `requisites` (`id`, `user_id`, `req_name`, `BIC_bank`, `checking_account`, `first_name`, `last_name`, `middle_name`, `created_at`, `updated_at`) VALUES (37, 37, 'commodi', 52520, 457790, 'Mabel', 'Schinner', 'Willis', '2017-04-27 16:20:08', '2019-10-03 10:42:40');
INSERT INTO `requisites` (`id`, `user_id`, `req_name`, `BIC_bank`, `checking_account`, `first_name`, `last_name`, `middle_name`, `created_at`, `updated_at`) VALUES (38, 38, 'porro', 378456220, 0, 'Akeem', 'Schroeder', 'Irving', '2018-11-11 03:32:07', '2019-07-23 11:33:58');
INSERT INTO `requisites` (`id`, `user_id`, `req_name`, `BIC_bank`, `checking_account`, `first_name`, `last_name`, `middle_name`, `created_at`, `updated_at`) VALUES (39, 39, 'qui', 4, 234012, 'Lucious', 'Schulist', 'Jed', '2014-12-06 00:24:57', '2020-02-06 09:42:42');
INSERT INTO `requisites` (`id`, `user_id`, `req_name`, `BIC_bank`, `checking_account`, `first_name`, `last_name`, `middle_name`, `created_at`, `updated_at`) VALUES (40, 40, 'est', 80255726, 2, 'Corbin', 'Hodkiewicz', 'Wilburn', '2018-01-14 10:51:25', '2015-02-11 10:40:26');
INSERT INTO `requisites` (`id`, `user_id`, `req_name`, `BIC_bank`, `checking_account`, `first_name`, `last_name`, `middle_name`, `created_at`, `updated_at`) VALUES (41, 41, 'rem', 0, 508210, 'Mireya', 'Lindgren', 'Stephon', '2010-04-16 02:35:16', '2016-11-30 14:00:01');
INSERT INTO `requisites` (`id`, `user_id`, `req_name`, `BIC_bank`, `checking_account`, `first_name`, `last_name`, `middle_name`, `created_at`, `updated_at`) VALUES (42, 42, 'sapiente', 2884629, 46878957, 'Ahmed', 'Keeling', 'Otto', '2014-04-21 18:09:50', '2013-01-13 04:44:54');
INSERT INTO `requisites` (`id`, `user_id`, `req_name`, `BIC_bank`, `checking_account`, `first_name`, `last_name`, `middle_name`, `created_at`, `updated_at`) VALUES (43, 43, 'et', 0, 504849811, 'Alexa', 'Bauch', 'Rey', '2012-12-17 18:12:22', '2013-04-26 11:51:20');
INSERT INTO `requisites` (`id`, `user_id`, `req_name`, `BIC_bank`, `checking_account`, `first_name`, `last_name`, `middle_name`, `created_at`, `updated_at`) VALUES (44, 44, 'velit', 37, 83837, 'Jesus', 'Zemlak', 'Mekhi', '2019-01-12 10:44:13', '2012-06-01 01:15:10');
INSERT INTO `requisites` (`id`, `user_id`, `req_name`, `BIC_bank`, `checking_account`, `first_name`, `last_name`, `middle_name`, `created_at`, `updated_at`) VALUES (45, 45, 'sed', 1681, 362302, 'Jerrold', 'Cummings', 'Osbaldo', '2012-03-17 15:58:28', '2017-03-24 22:19:07');
INSERT INTO `requisites` (`id`, `user_id`, `req_name`, `BIC_bank`, `checking_account`, `first_name`, `last_name`, `middle_name`, `created_at`, `updated_at`) VALUES (46, 46, 'adipisci', 481419, 710704818, 'Geovany', 'Swift', 'Tobin', '2013-11-05 03:25:54', '2017-06-21 17:37:04');
INSERT INTO `requisites` (`id`, `user_id`, `req_name`, `BIC_bank`, `checking_account`, `first_name`, `last_name`, `middle_name`, `created_at`, `updated_at`) VALUES (47, 47, 'aspernatur', 854, 218768, 'Ruben', 'Ankunding', 'Brook', '2013-12-30 16:56:54', '2011-03-17 03:01:24');
INSERT INTO `requisites` (`id`, `user_id`, `req_name`, `BIC_bank`, `checking_account`, `first_name`, `last_name`, `middle_name`, `created_at`, `updated_at`) VALUES (48, 48, 'quia', 87, 7, 'Annamae', 'Hammes', 'Lavon', '2018-04-21 02:36:02', '2013-06-04 04:28:30');
INSERT INTO `requisites` (`id`, `user_id`, `req_name`, `BIC_bank`, `checking_account`, `first_name`, `last_name`, `middle_name`, `created_at`, `updated_at`) VALUES (49, 49, 'in', 824847009, 0, 'Cathy', 'Leffler', 'Jeff', '2013-06-01 23:46:45', '2011-02-16 16:01:34');
INSERT INTO `requisites` (`id`, `user_id`, `req_name`, `BIC_bank`, `checking_account`, `first_name`, `last_name`, `middle_name`, `created_at`, `updated_at`) VALUES (50, 50, 'est', 211965115, 7316164, 'Kyra', 'Gerlach', 'Hunter', '2011-08-14 19:09:11', '2015-01-25 02:28:42');
INSERT INTO `requisites` (`id`, `user_id`, `req_name`, `BIC_bank`, `checking_account`, `first_name`, `last_name`, `middle_name`, `created_at`, `updated_at`) VALUES (51, 51, 'doloremque', 7656, 71940, 'Twila', 'Batz', 'Brody', '2015-02-24 05:29:11', '2014-06-14 12:42:28');
INSERT INTO `requisites` (`id`, `user_id`, `req_name`, `BIC_bank`, `checking_account`, `first_name`, `last_name`, `middle_name`, `created_at`, `updated_at`) VALUES (52, 52, 'voluptate', 0, 0, 'Alfred', 'Swift', 'Jimmie', '2013-01-30 08:05:54', '2016-09-18 09:46:23');
INSERT INTO `requisites` (`id`, `user_id`, `req_name`, `BIC_bank`, `checking_account`, `first_name`, `last_name`, `middle_name`, `created_at`, `updated_at`) VALUES (53, 53, 'ea', 883, 939, 'Rhianna', 'Konopelski', 'Dustin', '2016-11-08 02:18:43', '2017-08-28 04:02:59');
INSERT INTO `requisites` (`id`, `user_id`, `req_name`, `BIC_bank`, `checking_account`, `first_name`, `last_name`, `middle_name`, `created_at`, `updated_at`) VALUES (54, 54, 'velit', 1092322, 5829331, 'Hudson', 'Wilderman', 'Stefan', '2018-06-08 08:05:57', '2019-07-03 22:32:11');
INSERT INTO `requisites` (`id`, `user_id`, `req_name`, `BIC_bank`, `checking_account`, `first_name`, `last_name`, `middle_name`, `created_at`, `updated_at`) VALUES (55, 55, 'repellat', 2457722, 7, 'Christine', 'Lehner', 'Gabe', '2018-10-25 01:19:46', '2012-03-16 08:31:08');
INSERT INTO `requisites` (`id`, `user_id`, `req_name`, `BIC_bank`, `checking_account`, `first_name`, `last_name`, `middle_name`, `created_at`, `updated_at`) VALUES (56, 56, 'eum', 205124, 132205998, 'Amari', 'Ward', 'Carlos', '2018-10-19 23:41:52', '2019-07-02 13:35:58');
INSERT INTO `requisites` (`id`, `user_id`, `req_name`, `BIC_bank`, `checking_account`, `first_name`, `last_name`, `middle_name`, `created_at`, `updated_at`) VALUES (57, 57, 'doloremque', 0, 4, 'Rebeca', 'Treutel', 'Howard', '2015-07-25 20:24:55', '2016-12-06 06:49:19');
INSERT INTO `requisites` (`id`, `user_id`, `req_name`, `BIC_bank`, `checking_account`, `first_name`, `last_name`, `middle_name`, `created_at`, `updated_at`) VALUES (58, 58, 'tempora', 5928081, 59, 'Sabrina', 'Johnston', 'Dameon', '2015-06-17 19:13:27', '2015-06-08 04:12:43');
INSERT INTO `requisites` (`id`, `user_id`, `req_name`, `BIC_bank`, `checking_account`, `first_name`, `last_name`, `middle_name`, `created_at`, `updated_at`) VALUES (59, 59, 'illum', 56, 494062, 'Elton', 'Reilly', 'Aric', '2019-10-21 07:37:41', '2011-01-31 02:36:16');
INSERT INTO `requisites` (`id`, `user_id`, `req_name`, `BIC_bank`, `checking_account`, `first_name`, `last_name`, `middle_name`, `created_at`, `updated_at`) VALUES (60, 60, 'hic', 0, 72649, 'Sasha', 'Ankunding', 'Kiley', '2019-08-17 01:14:05', '2017-10-31 16:53:23');
INSERT INTO `requisites` (`id`, `user_id`, `req_name`, `BIC_bank`, `checking_account`, `first_name`, `last_name`, `middle_name`, `created_at`, `updated_at`) VALUES (61, 61, 'omnis', 136, 162, 'Leatha', 'Fay', 'Devante', '2018-08-08 21:25:26', '2013-10-20 14:56:44');
INSERT INTO `requisites` (`id`, `user_id`, `req_name`, `BIC_bank`, `checking_account`, `first_name`, `last_name`, `middle_name`, `created_at`, `updated_at`) VALUES (62, 62, 'cupiditate', 80, 0, 'Michaela', 'Tremblay', 'Lourdes', '2014-03-06 04:11:11', '2015-06-12 09:32:27');
INSERT INTO `requisites` (`id`, `user_id`, `req_name`, `BIC_bank`, `checking_account`, `first_name`, `last_name`, `middle_name`, `created_at`, `updated_at`) VALUES (63, 63, 'quo', 35291370, 985, 'Julian', 'Connelly', 'Alphonso', '2012-01-29 19:51:39', '2017-03-18 07:18:24');
INSERT INTO `requisites` (`id`, `user_id`, `req_name`, `BIC_bank`, `checking_account`, `first_name`, `last_name`, `middle_name`, `created_at`, `updated_at`) VALUES (64, 64, 'expedita', 6535, 520, 'Halie', 'Kris', 'Marvin', '2014-03-18 06:22:00', '2013-04-10 00:32:14');
INSERT INTO `requisites` (`id`, `user_id`, `req_name`, `BIC_bank`, `checking_account`, `first_name`, `last_name`, `middle_name`, `created_at`, `updated_at`) VALUES (65, 65, 'officiis', 17591, 0, 'Charlie', 'Walsh', 'Julian', '2012-06-26 15:13:46', '2014-09-23 22:48:18');
INSERT INTO `requisites` (`id`, `user_id`, `req_name`, `BIC_bank`, `checking_account`, `first_name`, `last_name`, `middle_name`, `created_at`, `updated_at`) VALUES (66, 66, 'cumque', 17234614, 89200777, 'Lorena', 'Hegmann', 'Lionel', '2012-02-10 22:03:21', '2017-01-16 09:05:00');
INSERT INTO `requisites` (`id`, `user_id`, `req_name`, `BIC_bank`, `checking_account`, `first_name`, `last_name`, `middle_name`, `created_at`, `updated_at`) VALUES (67, 67, 'sed', 717032425, 62, 'Imogene', 'Nader', 'Jamal', '2011-10-21 20:07:56', '2015-04-17 06:17:38');
INSERT INTO `requisites` (`id`, `user_id`, `req_name`, `BIC_bank`, `checking_account`, `first_name`, `last_name`, `middle_name`, `created_at`, `updated_at`) VALUES (68, 68, 'nostrum', 50, 796553, 'Hassie', 'Moen', 'Fausto', '2016-01-29 16:12:53', '2017-08-19 01:46:06');
INSERT INTO `requisites` (`id`, `user_id`, `req_name`, `BIC_bank`, `checking_account`, `first_name`, `last_name`, `middle_name`, `created_at`, `updated_at`) VALUES (69, 69, 'eveniet', 43, 3933, 'Maximillia', 'Kreiger', 'Irwin', '2019-12-27 12:12:30', '2014-12-01 10:44:48');
INSERT INTO `requisites` (`id`, `user_id`, `req_name`, `BIC_bank`, `checking_account`, `first_name`, `last_name`, `middle_name`, `created_at`, `updated_at`) VALUES (70, 70, 'et', 802478, 4, 'Tressa', 'Marks', 'Reyes', '2012-01-06 10:07:45', '2015-08-23 00:41:31');
INSERT INTO `requisites` (`id`, `user_id`, `req_name`, `BIC_bank`, `checking_account`, `first_name`, `last_name`, `middle_name`, `created_at`, `updated_at`) VALUES (71, 71, 'voluptatem', 57044911, 63798479, 'Annabel', 'Frami', 'Cristina', '2013-01-03 23:43:07', '2010-10-22 06:04:38');
INSERT INTO `requisites` (`id`, `user_id`, `req_name`, `BIC_bank`, `checking_account`, `first_name`, `last_name`, `middle_name`, `created_at`, `updated_at`) VALUES (72, 72, 'molestiae', 4879332, 51, 'Maybelle', 'VonRueden', 'Lester', '2012-10-24 16:26:20', '2014-07-05 03:22:19');
INSERT INTO `requisites` (`id`, `user_id`, `req_name`, `BIC_bank`, `checking_account`, `first_name`, `last_name`, `middle_name`, `created_at`, `updated_at`) VALUES (73, 73, 'culpa', 0, 76880494, 'Gabe', 'Wisozk', 'Wyatt', '2017-02-03 23:48:33', '2019-03-01 14:21:36');
INSERT INTO `requisites` (`id`, `user_id`, `req_name`, `BIC_bank`, `checking_account`, `first_name`, `last_name`, `middle_name`, `created_at`, `updated_at`) VALUES (74, 74, 'amet', 0, 47020, 'Kamryn', 'Purdy', 'Colten', '2017-09-22 03:30:09', '2016-12-01 20:26:39');
INSERT INTO `requisites` (`id`, `user_id`, `req_name`, `BIC_bank`, `checking_account`, `first_name`, `last_name`, `middle_name`, `created_at`, `updated_at`) VALUES (75, 75, 'laudantium', 801, 0, 'Lisa', 'Murazik', 'Jerrold', '2019-12-15 23:12:02', '2020-01-26 03:35:32');
INSERT INTO `requisites` (`id`, `user_id`, `req_name`, `BIC_bank`, `checking_account`, `first_name`, `last_name`, `middle_name`, `created_at`, `updated_at`) VALUES (76, 76, 'commodi', 76177, 6884, 'Angeline', 'Dare', 'Brook', '2017-07-17 07:00:35', '2012-05-14 18:42:18');
INSERT INTO `requisites` (`id`, `user_id`, `req_name`, `BIC_bank`, `checking_account`, `first_name`, `last_name`, `middle_name`, `created_at`, `updated_at`) VALUES (77, 77, 'ducimus', 7715372, 81, 'Rosario', 'Hayes', 'Brody', '2013-01-11 01:35:00', '2017-07-30 16:41:30');
INSERT INTO `requisites` (`id`, `user_id`, `req_name`, `BIC_bank`, `checking_account`, `first_name`, `last_name`, `middle_name`, `created_at`, `updated_at`) VALUES (78, 78, 'neque', 742963, 55670308, 'Nicholas', 'Kuphal', 'Tristian', '2011-06-06 22:41:40', '2012-01-25 01:33:58');
INSERT INTO `requisites` (`id`, `user_id`, `req_name`, `BIC_bank`, `checking_account`, `first_name`, `last_name`, `middle_name`, `created_at`, `updated_at`) VALUES (79, 79, 'iste', 97772, 15, 'Krystina', 'Beer', 'Easton', '2017-12-05 20:08:38', '2016-10-24 15:06:05');
INSERT INTO `requisites` (`id`, `user_id`, `req_name`, `BIC_bank`, `checking_account`, `first_name`, `last_name`, `middle_name`, `created_at`, `updated_at`) VALUES (80, 80, 'suscipit', 923748, 88453, 'Eriberto', 'O\'Keefe', 'Rey', '2010-08-20 23:33:59', '2015-04-22 19:40:07');
INSERT INTO `requisites` (`id`, `user_id`, `req_name`, `BIC_bank`, `checking_account`, `first_name`, `last_name`, `middle_name`, `created_at`, `updated_at`) VALUES (81, 81, 'alias', 5, 194942, 'Monique', 'Brown', 'Bryce', '2018-03-20 10:15:05', '2010-05-22 11:20:44');
INSERT INTO `requisites` (`id`, `user_id`, `req_name`, `BIC_bank`, `checking_account`, `first_name`, `last_name`, `middle_name`, `created_at`, `updated_at`) VALUES (82, 82, 'nesciunt', 2316, 6, 'Keyshawn', 'Bruen', 'Clay', '2012-10-21 21:32:59', '2018-02-25 10:04:52');
INSERT INTO `requisites` (`id`, `user_id`, `req_name`, `BIC_bank`, `checking_account`, `first_name`, `last_name`, `middle_name`, `created_at`, `updated_at`) VALUES (83, 83, 'qui', 479372848, 513496, 'Fatima', 'Keeling', 'Darron', '2016-09-08 21:46:52', '2016-07-26 23:40:18');
INSERT INTO `requisites` (`id`, `user_id`, `req_name`, `BIC_bank`, `checking_account`, `first_name`, `last_name`, `middle_name`, `created_at`, `updated_at`) VALUES (84, 84, 'alias', 14675, 30943, 'Joaquin', 'Crooks', 'Wilmer', '2012-09-09 03:23:41', '2018-02-16 08:41:10');
INSERT INTO `requisites` (`id`, `user_id`, `req_name`, `BIC_bank`, `checking_account`, `first_name`, `last_name`, `middle_name`, `created_at`, `updated_at`) VALUES (85, 85, 'nemo', 0, 61, 'Alexandria', 'Wolff', 'Nick', '2015-03-06 02:15:02', '2018-11-03 13:42:43');
INSERT INTO `requisites` (`id`, `user_id`, `req_name`, `BIC_bank`, `checking_account`, `first_name`, `last_name`, `middle_name`, `created_at`, `updated_at`) VALUES (86, 86, 'porro', 5, 9111017, 'Leonel', 'Bergnaum', 'Darwin', '2017-02-20 02:16:02', '2015-01-26 10:07:39');
INSERT INTO `requisites` (`id`, `user_id`, `req_name`, `BIC_bank`, `checking_account`, `first_name`, `last_name`, `middle_name`, `created_at`, `updated_at`) VALUES (87, 87, 'quasi', 7, 398992, 'Colleen', 'Ziemann', 'Cary', '2016-04-13 08:27:20', '2012-10-07 18:26:41');
INSERT INTO `requisites` (`id`, `user_id`, `req_name`, `BIC_bank`, `checking_account`, `first_name`, `last_name`, `middle_name`, `created_at`, `updated_at`) VALUES (88, 88, 'corporis', 6, 9, 'Raphaelle', 'Harvey', 'Glennie', '2010-07-02 00:30:20', '2016-12-25 15:23:54');
INSERT INTO `requisites` (`id`, `user_id`, `req_name`, `BIC_bank`, `checking_account`, `first_name`, `last_name`, `middle_name`, `created_at`, `updated_at`) VALUES (89, 89, 'est', 40859, 6, 'Gayle', 'Beatty', 'Sherwood', '2018-08-23 04:09:48', '2020-04-03 03:12:18');
INSERT INTO `requisites` (`id`, `user_id`, `req_name`, `BIC_bank`, `checking_account`, `first_name`, `last_name`, `middle_name`, `created_at`, `updated_at`) VALUES (90, 90, 'omnis', 581481049, 7, 'Ralph', 'Bruen', 'Loyal', '2014-08-09 09:19:20', '2019-09-03 10:40:54');
INSERT INTO `requisites` (`id`, `user_id`, `req_name`, `BIC_bank`, `checking_account`, `first_name`, `last_name`, `middle_name`, `created_at`, `updated_at`) VALUES (91, 91, 'officia', 4586982, 322405, 'Clement', 'Tremblay', 'Nathan', '2015-01-23 19:31:47', '2012-01-13 00:29:43');
INSERT INTO `requisites` (`id`, `user_id`, `req_name`, `BIC_bank`, `checking_account`, `first_name`, `last_name`, `middle_name`, `created_at`, `updated_at`) VALUES (92, 92, 'deleniti', 550395, 660, 'Maryam', 'Reynolds', 'Jayce', '2013-09-16 06:58:11', '2013-03-14 18:00:52');
INSERT INTO `requisites` (`id`, `user_id`, `req_name`, `BIC_bank`, `checking_account`, `first_name`, `last_name`, `middle_name`, `created_at`, `updated_at`) VALUES (93, 93, 'voluptas', 297088907, 17618, 'Jett', 'Schmitt', 'Irwin', '2013-07-17 22:16:48', '2018-11-25 22:26:18');
INSERT INTO `requisites` (`id`, `user_id`, `req_name`, `BIC_bank`, `checking_account`, `first_name`, `last_name`, `middle_name`, `created_at`, `updated_at`) VALUES (94, 94, 'saepe', 1622700, 134950, 'Jazmin', 'Gorczany', 'Roosevelt', '2015-01-10 06:46:06', '2019-01-27 05:07:50');
INSERT INTO `requisites` (`id`, `user_id`, `req_name`, `BIC_bank`, `checking_account`, `first_name`, `last_name`, `middle_name`, `created_at`, `updated_at`) VALUES (95, 95, 'vitae', 69280, 5883007, 'Jamir', 'Schulist', 'Cristian', '2017-10-06 17:25:13', '2011-07-03 07:29:40');
INSERT INTO `requisites` (`id`, `user_id`, `req_name`, `BIC_bank`, `checking_account`, `first_name`, `last_name`, `middle_name`, `created_at`, `updated_at`) VALUES (96, 96, 'nam', 589, 126514378, 'Paris', 'Hartmann', 'Derick', '2018-11-14 23:11:55', '2017-02-18 00:34:47');
INSERT INTO `requisites` (`id`, `user_id`, `req_name`, `BIC_bank`, `checking_account`, `first_name`, `last_name`, `middle_name`, `created_at`, `updated_at`) VALUES (97, 97, 'quaerat', 571028775, 9890, 'Lyda', 'Wolf', 'Jovany', '2017-06-26 01:44:34', '2013-06-22 00:48:24');
INSERT INTO `requisites` (`id`, `user_id`, `req_name`, `BIC_bank`, `checking_account`, `first_name`, `last_name`, `middle_name`, `created_at`, `updated_at`) VALUES (98, 98, 'nostrum', 522730486, 26227, 'Mariah', 'Konopelski', 'Eduardo', '2015-03-24 01:42:38', '2013-02-14 03:37:41');
INSERT INTO `requisites` (`id`, `user_id`, `req_name`, `BIC_bank`, `checking_account`, `first_name`, `last_name`, `middle_name`, `created_at`, `updated_at`) VALUES (99, 99, 'eaque', 37200, 91567833, 'Gerry', 'Beahan', 'Kenyon', '2014-03-06 21:51:19', '2018-08-14 00:36:45');
INSERT INTO `requisites` (`id`, `user_id`, `req_name`, `BIC_bank`, `checking_account`, `first_name`, `last_name`, `middle_name`, `created_at`, `updated_at`) VALUES (100, 100, 'doloribus', 1227, 94457449, 'Alf', 'Feil', 'Jarrett', '2016-01-14 16:07:46', '2016-11-23 06:52:09');

-- заполнение active_sessions

INSERT INTO `active_sessions` (`id`, `user_id`, `dev_type`, `ip`, `location`, `created_at`) VALUES (1, 27, 'Mozilla/5.0 (Windows; U; Windows 98) AppleWebKit/531.12.7 (KHTML, like Gecko) Version/4.0.5 Safari/531.12.7', '49.123.1.232', '9759 Giovanni Knoll Apt. 568\nCheyenneport, SD 38724-7781', '2014-01-31 10:22:22');
INSERT INTO `active_sessions` (`id`, `user_id`, `dev_type`, `ip`, `location`, `created_at`) VALUES (2, 79, 'Mozilla/5.0 (Macintosh; U; Intel Mac OS X 10_6_8) AppleWebKit/5341 (KHTML, like Gecko) Chrome/15.0.820.0 Safari/5341', '254.8.252.45', '06187 Zachery Harbor\nEast Aftonfort, NJ 04390', '2017-08-31 09:36:08');
INSERT INTO `active_sessions` (`id`, `user_id`, `dev_type`, `ip`, `location`, `created_at`) VALUES (3, 78, 'Mozilla/5.0 (compatible; MSIE 8.0; Windows NT 6.2; Trident/5.1)', '115.140.48.141', '164 Gerlach Station\nNew Edwardomouth, NH 41999-9046', '2019-08-15 18:48:32');
INSERT INTO `active_sessions` (`id`, `user_id`, `dev_type`, `ip`, `location`, `created_at`) VALUES (4, 68, 'Mozilla/5.0 (X11; Linuxi686; rv:7.0) Gecko/20150511 Firefox/15.0', '35.169.38.38', '2646 Tremblay Landing Suite 194\nNew Lea, FL 00195-8344', '2018-04-20 03:40:52');
INSERT INTO `active_sessions` (`id`, `user_id`, `dev_type`, `ip`, `location`, `created_at`) VALUES (5, 2, 'Mozilla/5.0 (Macintosh; U; Intel Mac OS X 10_8_3 rv:2.0) Gecko/20110520 Firefox/3.8', '140.89.112.144', '60742 Laurel Overpass Apt. 872\nPort Abdulfort, SC 58091', '2010-05-25 23:48:05');
INSERT INTO `active_sessions` (`id`, `user_id`, `dev_type`, `ip`, `location`, `created_at`) VALUES (6, 98, 'Mozilla/5.0 (compatible; MSIE 7.0; Windows 98; Win 9x 4.90; Trident/5.1)', '186.46.207.130', '69905 Kuhic Inlet\nLake Kristyhaven, PA 03638-9541', '2012-11-17 12:50:32');
INSERT INTO `active_sessions` (`id`, `user_id`, `dev_type`, `ip`, `location`, `created_at`) VALUES (7, 75, 'Mozilla/5.0 (Windows CE) AppleWebKit/5332 (KHTML, like Gecko) Chrome/14.0.873.0 Safari/5332', '108.214.178.12', '1700 Wyman Lakes\nMcKenzieberg, NH 72699-8954', '2013-11-28 01:35:07');
INSERT INTO `active_sessions` (`id`, `user_id`, `dev_type`, `ip`, `location`, `created_at`) VALUES (8, 56, 'Opera/9.77 (X11; Linuxx86_64; en-US) Presto/2.9.169 Version/12.00', '153.221.134.8', '9299 Treutel Keys Suite 698\nAdrielbury, PA 39119-6426', '2012-07-10 03:20:56');
INSERT INTO `active_sessions` (`id`, `user_id`, `dev_type`, `ip`, `location`, `created_at`) VALUES (9, 74, 'Mozilla/5.0 (Macintosh; U; PPC Mac OS X 10_8_5 rv:2.0; sl-SI) AppleWebKit/533.33.2 (KHTML, like Gecko) Version/4.0.3 Safari/533.33.2', '63.110.196.216', '07090 Winston River Apt. 069\nLangfort, NE 25002', '2011-11-19 01:14:11');
INSERT INTO `active_sessions` (`id`, `user_id`, `dev_type`, `ip`, `location`, `created_at`) VALUES (10, 42, 'Mozilla/5.0 (compatible; MSIE 5.0; Windows 98; Win 9x 4.90; Trident/3.1)', '176.245.146.148', '13253 Abshire Brooks\nSouth Edythe, AL 50621', '2017-08-11 15:19:01');
INSERT INTO `active_sessions` (`id`, `user_id`, `dev_type`, `ip`, `location`, `created_at`) VALUES (11, 12, 'Mozilla/5.0 (compatible; MSIE 8.0; Windows NT 6.2; Trident/3.1)', '81.233.83.183', '31525 Eleanore Alley Suite 263\nLake Newtontown, IL 13582', '2010-08-26 10:57:27');
INSERT INTO `active_sessions` (`id`, `user_id`, `dev_type`, `ip`, `location`, `created_at`) VALUES (12, 45, 'Mozilla/5.0 (Windows CE) AppleWebKit/5321 (KHTML, like Gecko) Chrome/14.0.887.0 Safari/5321', '32.89.15.129', '54511 O\'Keefe Pike Suite 958\nKilbackfort, WY 62143-9492', '2011-04-22 06:18:08');
INSERT INTO `active_sessions` (`id`, `user_id`, `dev_type`, `ip`, `location`, `created_at`) VALUES (13, 58, 'Mozilla/5.0 (Windows; U; Windows CE) AppleWebKit/535.15.7 (KHTML, like Gecko) Version/4.0.3 Safari/535.15.7', '141.20.71.50', '13069 Elouise Path\nSouth Emmastad, AK 32241', '2014-12-04 06:57:09');
INSERT INTO `active_sessions` (`id`, `user_id`, `dev_type`, `ip`, `location`, `created_at`) VALUES (14, 79, 'Opera/8.13 (Windows NT 5.2; en-US) Presto/2.9.161 Version/12.00', '208.29.58.11', '8348 Leffler Lodge\nHirtheborough, MN 28533-0055', '2011-08-29 20:49:21');
INSERT INTO `active_sessions` (`id`, `user_id`, `dev_type`, `ip`, `location`, `created_at`) VALUES (15, 82, 'Mozilla/5.0 (Macintosh; U; Intel Mac OS X 10_6_1 rv:4.0) Gecko/20100618 Firefox/3.8', '62.154.224.38', '6252 Feest Walks Apt. 283\nNorth Abdiel, NH 79771', '2017-01-08 08:09:48');
INSERT INTO `active_sessions` (`id`, `user_id`, `dev_type`, `ip`, `location`, `created_at`) VALUES (16, 19, 'Mozilla/5.0 (Macintosh; U; PPC Mac OS X 10_5_8 rv:6.0; en-US) AppleWebKit/532.36.3 (KHTML, like Gecko) Version/5.0.4 Safari/532.36.3', '241.123.188.171', '35824 Weissnat Plains Apt. 150\nAlbertborough, IA 09941', '2011-11-16 01:19:49');
INSERT INTO `active_sessions` (`id`, `user_id`, `dev_type`, `ip`, `location`, `created_at`) VALUES (17, 20, 'Mozilla/5.0 (iPod; U; CPU iPhone OS 4_1 like Mac OS X; sl-SI) AppleWebKit/534.38.3 (KHTML, like Gecko) Version/3.0.5 Mobile/8B118 Safari/6534.38.3', '6.140.240.21', '1508 Makenna Summit\nLangworthport, NC 24251-4779', '2015-02-01 22:01:42');
INSERT INTO `active_sessions` (`id`, `user_id`, `dev_type`, `ip`, `location`, `created_at`) VALUES (18, 7, 'Mozilla/5.0 (Windows; U; Windows NT 6.1) AppleWebKit/531.21.6 (KHTML, like Gecko) Version/5.0.1 Safari/531.21.6', '208.163.33.44', '4607 Baumbach Prairie\nEast Joana, MA 38956', '2019-10-03 20:35:24');
INSERT INTO `active_sessions` (`id`, `user_id`, `dev_type`, `ip`, `location`, `created_at`) VALUES (19, 57, 'Mozilla/5.0 (compatible; MSIE 6.0; Windows NT 5.1; Trident/5.1)', '73.80.150.84', '1367 Schimmel Wall Apt. 970\nKaliview, SD 58670-1745', '2012-02-07 08:15:48');
INSERT INTO `active_sessions` (`id`, `user_id`, `dev_type`, `ip`, `location`, `created_at`) VALUES (20, 94, 'Mozilla/5.0 (compatible; MSIE 9.0; Windows NT 5.1; Trident/3.0)', '4.16.63.46', '854 Jasen Vista\nCaylahaven, SC 94591-4753', '2014-08-19 16:27:34');
INSERT INTO `active_sessions` (`id`, `user_id`, `dev_type`, `ip`, `location`, `created_at`) VALUES (21, 22, 'Mozilla/5.0 (Macintosh; U; Intel Mac OS X 10_8_1 rv:6.0; en-US) AppleWebKit/535.25.7 (KHTML, like Gecko) Version/5.0.5 Safari/535.25.7', '54.168.183.69', '966 Mariane Coves\nSouth Eino, NV 63972', '2017-02-27 16:28:54');
INSERT INTO `active_sessions` (`id`, `user_id`, `dev_type`, `ip`, `location`, `created_at`) VALUES (22, 51, 'Mozilla/5.0 (X11; Linuxx86_64) AppleWebKit/5332 (KHTML, like Gecko) Chrome/13.0.893.0 Safari/5332', '196.173.93.254', '7215 Hessel Spring Apt. 171\nLiachester, AK 66876', '2013-06-01 07:12:29');
INSERT INTO `active_sessions` (`id`, `user_id`, `dev_type`, `ip`, `location`, `created_at`) VALUES (23, 86, 'Mozilla/5.0 (Macintosh; U; Intel Mac OS X 10_7_1) AppleWebKit/5361 (KHTML, like Gecko) Chrome/13.0.827.0 Safari/5361', '162.219.204.11', '012 Margarete Knolls\nDickinsonmouth, MS 73691', '2018-02-08 18:17:58');
INSERT INTO `active_sessions` (`id`, `user_id`, `dev_type`, `ip`, `location`, `created_at`) VALUES (24, 82, 'Mozilla/5.0 (Macintosh; U; Intel Mac OS X 10_5_2 rv:2.0; sl-SI) AppleWebKit/535.31.2 (KHTML, like Gecko) Version/4.0.5 Safari/535.31.2', '65.70.209.237', '876 Fahey Heights\nLake Carlie, MS 24858', '2017-05-26 01:03:23');
INSERT INTO `active_sessions` (`id`, `user_id`, `dev_type`, `ip`, `location`, `created_at`) VALUES (25, 97, 'Mozilla/5.0 (compatible; MSIE 8.0; Windows NT 6.0; Trident/4.0)', '198.58.194.206', '438 Yost Ways\nKarlberg, OR 05799', '2013-10-12 00:55:10');
INSERT INTO `active_sessions` (`id`, `user_id`, `dev_type`, `ip`, `location`, `created_at`) VALUES (26, 20, 'Mozilla/5.0 (iPod; U; CPU iPhone OS 3_0 like Mac OS X; sl-SI) AppleWebKit/533.9.5 (KHTML, like Gecko) Version/3.0.5 Mobile/8B112 Safari/6533.9.5', '194.42.165.62', '4550 West Loop Apt. 139\nToreybury, NV 57510-2462', '2012-02-09 15:51:18');
INSERT INTO `active_sessions` (`id`, `user_id`, `dev_type`, `ip`, `location`, `created_at`) VALUES (27, 72, 'Opera/8.85 (X11; Linuxx86_64; sl-SI) Presto/2.9.179 Version/10.00', '236.189.68.86', '814 Misael Inlet\nEast Isabelport, NC 21460', '2013-09-05 03:03:37');
INSERT INTO `active_sessions` (`id`, `user_id`, `dev_type`, `ip`, `location`, `created_at`) VALUES (28, 23, 'Mozilla/5.0 (compatible; MSIE 5.0; Windows 98; Trident/3.0)', '205.134.23.106', '43564 Shields Fork Suite 971\nFranceshaven, WY 72012', '2020-03-15 20:13:28');
INSERT INTO `active_sessions` (`id`, `user_id`, `dev_type`, `ip`, `location`, `created_at`) VALUES (29, 44, 'Mozilla/5.0 (compatible; MSIE 6.0; Windows 98; Win 9x 4.90; Trident/5.0)', '210.143.117.244', '9231 Johnston Crescent Apt. 877\nJosefafort, CA 95419', '2011-04-20 19:11:18');
INSERT INTO `active_sessions` (`id`, `user_id`, `dev_type`, `ip`, `location`, `created_at`) VALUES (30, 34, 'Mozilla/5.0 (compatible; MSIE 5.0; Windows NT 6.1; Trident/4.1)', '58.30.204.150', '179 Shana Fields\nNew Jaren, NJ 89149-4188', '2018-02-14 09:11:42');
INSERT INTO `active_sessions` (`id`, `user_id`, `dev_type`, `ip`, `location`, `created_at`) VALUES (31, 47, 'Opera/9.30 (Windows NT 4.0; en-US) Presto/2.9.168 Version/11.00', '8.8.241.110', '73522 Howell Spur\nSchneiderton, NH 82134-9317', '2013-02-27 08:11:32');
INSERT INTO `active_sessions` (`id`, `user_id`, `dev_type`, `ip`, `location`, `created_at`) VALUES (32, 82, 'Mozilla/5.0 (compatible; MSIE 7.0; Windows NT 5.0; Trident/5.1)', '45.31.178.182', '54692 Barton Alley Apt. 889\nEast Betsyshire, ME 15818-3019', '2019-09-28 22:07:25');
INSERT INTO `active_sessions` (`id`, `user_id`, `dev_type`, `ip`, `location`, `created_at`) VALUES (33, 49, 'Mozilla/5.0 (compatible; MSIE 7.0; Windows 98; Win 9x 4.90; Trident/3.1)', '33.65.128.108', '95689 Kevon Loop Suite 522\nFayborough, SD 63059-5020', '2019-04-22 03:58:18');
INSERT INTO `active_sessions` (`id`, `user_id`, `dev_type`, `ip`, `location`, `created_at`) VALUES (34, 97, 'Mozilla/5.0 (Windows NT 6.1) AppleWebKit/5321 (KHTML, like Gecko) Chrome/13.0.887.0 Safari/5321', '183.134.89.6', '0371 Donny Circles Apt. 779\nSouth Serenityview, DC 62833', '2011-04-21 21:57:44');
INSERT INTO `active_sessions` (`id`, `user_id`, `dev_type`, `ip`, `location`, `created_at`) VALUES (35, 85, 'Mozilla/5.0 (Macintosh; Intel Mac OS X 10_5_5) AppleWebKit/5330 (KHTML, like Gecko) Chrome/14.0.843.0 Safari/5330', '99.172.149.88', '3306 Farrell Stream Apt. 451\nWest Danikabury, UT 59272-2540', '2016-11-15 23:00:15');
INSERT INTO `active_sessions` (`id`, `user_id`, `dev_type`, `ip`, `location`, `created_at`) VALUES (36, 37, 'Mozilla/5.0 (compatible; MSIE 6.0; Windows 98; Win 9x 4.90; Trident/3.1)', '63.74.61.130', '3345 Mohammad Harbors\nNew Jaymeborough, NY 02967-8725', '2018-12-01 02:20:46');
INSERT INTO `active_sessions` (`id`, `user_id`, `dev_type`, `ip`, `location`, `created_at`) VALUES (37, 13, 'Mozilla/5.0 (Macintosh; U; Intel Mac OS X 10_7_1 rv:6.0) Gecko/20180614 Firefox/3.6.14', '249.77.138.115', '821 Sanford Springs\nEast Rubie, IL 62341-6373', '2014-09-26 23:23:00');
INSERT INTO `active_sessions` (`id`, `user_id`, `dev_type`, `ip`, `location`, `created_at`) VALUES (38, 86, 'Mozilla/5.0 (Windows NT 5.1; en-US; rv:1.9.2.20) Gecko/20140424 Firefox/3.6.2', '73.22.148.79', '0611 Baron Prairie Suite 956\nEast Maiyaview, WY 73527-3651', '2017-03-02 22:37:09');
INSERT INTO `active_sessions` (`id`, `user_id`, `dev_type`, `ip`, `location`, `created_at`) VALUES (39, 16, 'Mozilla/5.0 (Macintosh; U; Intel Mac OS X 10_6_3 rv:5.0) Gecko/20110728 Firefox/3.8', '158.113.141.172', '69610 Tessie Expressway\nMartinshire, MA 40336', '2018-08-03 12:32:45');
INSERT INTO `active_sessions` (`id`, `user_id`, `dev_type`, `ip`, `location`, `created_at`) VALUES (40, 37, 'Mozilla/5.0 (X11; Linuxi686; rv:5.0) Gecko/20161028 Firefox/12.0', '179.149.187.237', '6569 Erdman Junctions Suite 090\nPort Jaidenton, UT 80389', '2018-02-11 00:58:45');
INSERT INTO `active_sessions` (`id`, `user_id`, `dev_type`, `ip`, `location`, `created_at`) VALUES (41, 39, 'Mozilla/5.0 (Windows NT 4.0; sl-SI; rv:1.9.2.20) Gecko/20160409 Firefox/3.8', '176.183.72.1', '34150 Brown Park Suite 914\nWest Anibalmouth, LA 98961-9210', '2015-03-26 18:41:50');
INSERT INTO `active_sessions` (`id`, `user_id`, `dev_type`, `ip`, `location`, `created_at`) VALUES (42, 12, 'Mozilla/5.0 (compatible; MSIE 9.0; Windows CE; Trident/5.1)', '43.70.148.46', '30285 Ariane Valleys\nEast Raegan, LA 47716', '2011-03-25 12:49:09');
INSERT INTO `active_sessions` (`id`, `user_id`, `dev_type`, `ip`, `location`, `created_at`) VALUES (43, 35, 'Opera/9.54 (X11; Linuxx86_64; en-US) Presto/2.9.167 Version/11.00', '26.95.231.235', '180 Gutkowski Forge Suite 797\nSauerfort, MA 67546-4975', '2014-11-02 00:26:52');
INSERT INTO `active_sessions` (`id`, `user_id`, `dev_type`, `ip`, `location`, `created_at`) VALUES (44, 51, 'Mozilla/5.0 (Windows 98; Win 9x 4.90) AppleWebKit/5321 (KHTML, like Gecko) Chrome/14.0.876.0 Safari/5321', '188.108.92.48', '766 Spinka Valleys Suite 710\nNorth Janyshire, AL 73895', '2010-05-28 04:30:57');
INSERT INTO `active_sessions` (`id`, `user_id`, `dev_type`, `ip`, `location`, `created_at`) VALUES (45, 10, 'Mozilla/5.0 (Macintosh; Intel Mac OS X 10_8_1 rv:4.0) Gecko/20150502 Firefox/3.8', '87.160.113.142', '393 Blick Path\nSouth Anahi, ME 54935-8231', '2017-10-22 02:20:26');
INSERT INTO `active_sessions` (`id`, `user_id`, `dev_type`, `ip`, `location`, `created_at`) VALUES (46, 61, 'Mozilla/5.0 (Windows NT 5.0; sl-SI; rv:1.9.1.20) Gecko/20170130 Firefox/8.0', '212.138.180.130', '223 Elroy Ford Apt. 451\nNorth Kaitlinland, KY 66301', '2020-03-25 16:40:29');
INSERT INTO `active_sessions` (`id`, `user_id`, `dev_type`, `ip`, `location`, `created_at`) VALUES (47, 70, 'Mozilla/5.0 (Macintosh; U; PPC Mac OS X 10_7_8 rv:3.0; en-US) AppleWebKit/533.19.3 (KHTML, like Gecko) Version/5.0.1 Safari/533.19.3', '33.174.94.206', '8378 King Crossroad\nElenorport, MI 13980-1935', '2011-12-25 14:53:20');
INSERT INTO `active_sessions` (`id`, `user_id`, `dev_type`, `ip`, `location`, `created_at`) VALUES (48, 76, 'Mozilla/5.0 (Macintosh; U; Intel Mac OS X 10_7_4) AppleWebKit/5361 (KHTML, like Gecko) Chrome/15.0.876.0 Safari/5361', '185.217.15.155', '33970 Kuphal Light Apt. 001\nMicheleville, RI 89105', '2017-11-26 14:31:29');
INSERT INTO `active_sessions` (`id`, `user_id`, `dev_type`, `ip`, `location`, `created_at`) VALUES (49, 86, 'Mozilla/5.0 (Windows NT 5.01) AppleWebKit/5351 (KHTML, like Gecko) Chrome/13.0.891.0 Safari/5351', '145.230.80.130', '26054 McKenzie Rest\nMrazshire, FL 68227', '2015-09-29 07:36:46');
INSERT INTO `active_sessions` (`id`, `user_id`, `dev_type`, `ip`, `location`, `created_at`) VALUES (50, 12, 'Mozilla/5.0 (Macintosh; PPC Mac OS X 10_7_5 rv:3.0) Gecko/20180515 Firefox/3.6.16', '166.6.212.49', '55400 Evan Place Apt. 745\nMaiyafort, PA 19328', '2014-07-28 06:59:43');
INSERT INTO `active_sessions` (`id`, `user_id`, `dev_type`, `ip`, `location`, `created_at`) VALUES (51, 22, 'Mozilla/5.0 (Windows NT 6.2) AppleWebKit/5312 (KHTML, like Gecko) Chrome/15.0.875.0 Safari/5312', '232.93.130.150', '5601 Powlowski Bridge Apt. 240\nPort Ray, WA 80528-8795', '2016-07-21 04:22:55');
INSERT INTO `active_sessions` (`id`, `user_id`, `dev_type`, `ip`, `location`, `created_at`) VALUES (52, 26, 'Mozilla/5.0 (compatible; MSIE 5.0; Windows NT 4.0; Trident/3.1)', '154.21.153.141', '8662 Ritchie Lane\nKingview, NJ 25593-1039', '2020-04-06 08:22:58');
INSERT INTO `active_sessions` (`id`, `user_id`, `dev_type`, `ip`, `location`, `created_at`) VALUES (53, 70, 'Opera/8.38 (Windows NT 6.0; en-US) Presto/2.9.175 Version/12.00', '174.50.157.61', '9915 Rocio Port\nWisozkfurt, CA 01849-8964', '2013-07-14 22:31:50');
INSERT INTO `active_sessions` (`id`, `user_id`, `dev_type`, `ip`, `location`, `created_at`) VALUES (54, 20, 'Mozilla/5.0 (compatible; MSIE 7.0; Windows 98; Trident/5.0)', '244.9.37.130', '59312 Smith Dale\nMercedesmouth, VA 22838', '2010-08-19 10:58:06');
INSERT INTO `active_sessions` (`id`, `user_id`, `dev_type`, `ip`, `location`, `created_at`) VALUES (55, 73, 'Mozilla/5.0 (X11; Linuxx86_64) AppleWebKit/5332 (KHTML, like Gecko) Chrome/13.0.869.0 Safari/5332', '216.94.98.253', '27799 Ofelia Ports\nNorth Bernita, OH 93579', '2013-04-07 07:07:35');
INSERT INTO `active_sessions` (`id`, `user_id`, `dev_type`, `ip`, `location`, `created_at`) VALUES (56, 56, 'Mozilla/5.0 (compatible; MSIE 9.0; Windows NT 6.2; Trident/4.1)', '92.94.90.238', '2289 Okuneva Greens Suite 595\nRathhaven, NV 21581', '2015-04-27 08:35:14');
INSERT INTO `active_sessions` (`id`, `user_id`, `dev_type`, `ip`, `location`, `created_at`) VALUES (57, 35, 'Mozilla/5.0 (compatible; MSIE 9.0; Windows NT 5.2; Trident/5.1)', '76.36.211.226', '344 Eichmann Pine Apt. 351\nPort Evangelinefurt, NJ 75823', '2017-10-20 07:07:04');
INSERT INTO `active_sessions` (`id`, `user_id`, `dev_type`, `ip`, `location`, `created_at`) VALUES (58, 87, 'Mozilla/5.0 (compatible; MSIE 6.0; Windows 98; Trident/3.1)', '74.10.246.206', '578 Schimmel Unions\nMooreville, UT 00295-8856', '2012-04-26 23:09:57');
INSERT INTO `active_sessions` (`id`, `user_id`, `dev_type`, `ip`, `location`, `created_at`) VALUES (59, 80, 'Mozilla/5.0 (X11; Linuxi686) AppleWebKit/5330 (KHTML, like Gecko) Chrome/13.0.802.0 Safari/5330', '129.78.115.121', '617 Renner Forge Suite 484\nConroyborough, AL 08624', '2017-10-05 02:51:22');
INSERT INTO `active_sessions` (`id`, `user_id`, `dev_type`, `ip`, `location`, `created_at`) VALUES (60, 74, 'Mozilla/5.0 (X11; Linuxx86_64; rv:7.0) Gecko/20190507 Firefox/3.6.3', '66.122.140.61', '7099 Kovacek Burgs Apt. 092\nJonatanchester, WA 22940', '2011-03-05 00:21:26');
INSERT INTO `active_sessions` (`id`, `user_id`, `dev_type`, `ip`, `location`, `created_at`) VALUES (61, 70, 'Opera/8.90 (X11; Linuxi686; sl-SI) Presto/2.9.176 Version/12.00', '19.176.122.208', '64229 Eichmann Fall\nWest Berneice, VA 60561', '2011-06-07 04:26:53');
INSERT INTO `active_sessions` (`id`, `user_id`, `dev_type`, `ip`, `location`, `created_at`) VALUES (62, 85, 'Mozilla/5.0 (compatible; MSIE 6.0; Windows 98; Win 9x 4.90; Trident/5.1)', '112.252.196.139', '829 Mitchell Plains Suite 544\nFeestfort, NC 20583', '2014-02-21 22:37:08');
INSERT INTO `active_sessions` (`id`, `user_id`, `dev_type`, `ip`, `location`, `created_at`) VALUES (63, 34, 'Mozilla/5.0 (Windows CE; sl-SI; rv:1.9.0.20) Gecko/20140925 Firefox/3.8', '32.81.209.115', '857 Brandi Green Apt. 824\nWest Brittany, WY 23102-9446', '2018-02-19 11:34:59');
INSERT INTO `active_sessions` (`id`, `user_id`, `dev_type`, `ip`, `location`, `created_at`) VALUES (64, 29, 'Mozilla/5.0 (Windows NT 6.0) AppleWebKit/5310 (KHTML, like Gecko) Chrome/15.0.871.0 Safari/5310', '188.101.246.27', '49717 Delpha Gateway\nJanland, MT 25582-5384', '2015-01-31 06:08:13');
INSERT INTO `active_sessions` (`id`, `user_id`, `dev_type`, `ip`, `location`, `created_at`) VALUES (65, 80, 'Mozilla/5.0 (Windows 98; Win 9x 4.90) AppleWebKit/5320 (KHTML, like Gecko) Chrome/13.0.862.0 Safari/5320', '79.206.233.207', '110 Macie Lane\nEast Dusty, ND 15120-8905', '2015-03-28 07:37:21');
INSERT INTO `active_sessions` (`id`, `user_id`, `dev_type`, `ip`, `location`, `created_at`) VALUES (66, 69, 'Mozilla/5.0 (X11; Linuxx86_64) AppleWebKit/5330 (KHTML, like Gecko) Chrome/14.0.831.0 Safari/5330', '72.232.213.216', '930 Charity Fords\nEast Rebaville, FL 70575', '2019-02-12 09:30:33');
INSERT INTO `active_sessions` (`id`, `user_id`, `dev_type`, `ip`, `location`, `created_at`) VALUES (67, 57, 'Mozilla/5.0 (Macintosh; Intel Mac OS X 10_8_8 rv:6.0) Gecko/20190514 Firefox/9.0', '27.254.81.83', '45023 Lockman Inlet Suite 942\nLynchville, DC 79890-7285', '2012-11-15 01:29:34');
INSERT INTO `active_sessions` (`id`, `user_id`, `dev_type`, `ip`, `location`, `created_at`) VALUES (68, 76, 'Mozilla/5.0 (iPod; U; CPU iPhone OS 4_0 like Mac OS X; sl-SI) AppleWebKit/533.25.2 (KHTML, like Gecko) Version/3.0.5 Mobile/8B114 Safari/6533.25.2', '65.189.125.42', '874 Blick Cove\nWest Aubreytown, NY 06571-6348', '2020-03-28 21:29:54');
INSERT INTO `active_sessions` (`id`, `user_id`, `dev_type`, `ip`, `location`, `created_at`) VALUES (69, 2, 'Opera/8.16 (Windows NT 5.2; sl-SI) Presto/2.9.172 Version/12.00', '72.210.11.8', '852 Tremaine Bypass\nCorkeryport, LA 62069-4732', '2015-11-26 11:29:46');
INSERT INTO `active_sessions` (`id`, `user_id`, `dev_type`, `ip`, `location`, `created_at`) VALUES (70, 33, 'Mozilla/5.0 (compatible; MSIE 7.0; Windows 95; Trident/5.0)', '165.211.57.30', '4117 Ivy Curve Apt. 698\nHintztown, MI 32244', '2013-08-11 04:53:25');
INSERT INTO `active_sessions` (`id`, `user_id`, `dev_type`, `ip`, `location`, `created_at`) VALUES (71, 5, 'Mozilla/5.0 (Macintosh; PPC Mac OS X 10_7_5 rv:2.0; en-US) AppleWebKit/531.41.5 (KHTML, like Gecko) Version/4.1 Safari/531.41.5', '18.229.216.82', '19601 Oberbrunner Manors Apt. 642\nLangmouth, IL 83292-8801', '2013-08-25 09:29:59');
INSERT INTO `active_sessions` (`id`, `user_id`, `dev_type`, `ip`, `location`, `created_at`) VALUES (72, 85, 'Mozilla/5.0 (compatible; MSIE 8.0; Windows 95; Trident/3.0)', '72.207.13.30', '56674 Howell Island Suite 302\nJonatantown, AR 26389', '2013-12-28 15:56:43');
INSERT INTO `active_sessions` (`id`, `user_id`, `dev_type`, `ip`, `location`, `created_at`) VALUES (73, 4, 'Mozilla/5.0 (Windows NT 6.2) AppleWebKit/5330 (KHTML, like Gecko) Chrome/14.0.833.0 Safari/5330', '255.90.50.201', '935 Esmeralda View Suite 508\nWalkerland, LA 91194-2398', '2012-11-01 22:42:10');
INSERT INTO `active_sessions` (`id`, `user_id`, `dev_type`, `ip`, `location`, `created_at`) VALUES (74, 87, 'Mozilla/5.0 (X11; Linuxi686; rv:6.0) Gecko/20180409 Firefox/6.0', '84.172.199.100', '1748 Caroline Road Suite 510\nErnserburgh, HI 61856-5333', '2017-05-31 17:16:45');
INSERT INTO `active_sessions` (`id`, `user_id`, `dev_type`, `ip`, `location`, `created_at`) VALUES (75, 95, 'Opera/9.10 (X11; Linuxi686; en-US) Presto/2.9.185 Version/12.00', '26.243.52.130', '81427 Hickle Plains\nKaitlynchester, AK 61133-0848', '2010-11-10 19:03:58');
INSERT INTO `active_sessions` (`id`, `user_id`, `dev_type`, `ip`, `location`, `created_at`) VALUES (76, 35, 'Mozilla/5.0 (compatible; MSIE 9.0; Windows NT 6.2; Trident/5.0)', '86.65.150.18', '689 Kerluke Lakes\nBartellshire, NM 65787-1283', '2012-02-13 16:27:48');
INSERT INTO `active_sessions` (`id`, `user_id`, `dev_type`, `ip`, `location`, `created_at`) VALUES (77, 62, 'Mozilla/5.0 (Windows; U; Windows NT 6.2) AppleWebKit/533.3.7 (KHTML, like Gecko) Version/4.0.1 Safari/533.3.7', '179.32.58.176', '28170 Bailey Springs\nEast Erlingland, MI 26955-9268', '2011-05-29 08:50:08');
INSERT INTO `active_sessions` (`id`, `user_id`, `dev_type`, `ip`, `location`, `created_at`) VALUES (78, 19, 'Mozilla/5.0 (compatible; MSIE 5.0; Windows NT 6.1; Trident/5.0)', '142.61.101.8', '15765 Spinka Mews Apt. 528\nNorth Jaydaborough, CT 55921-9201', '2019-12-29 18:24:57');
INSERT INTO `active_sessions` (`id`, `user_id`, `dev_type`, `ip`, `location`, `created_at`) VALUES (79, 95, 'Mozilla/5.0 (Macintosh; Intel Mac OS X 10_7_0 rv:5.0) Gecko/20111003 Firefox/3.8', '24.148.85.104', '180 Elissa Turnpike\nWatsicaside, ME 20480', '2015-04-19 22:22:34');
INSERT INTO `active_sessions` (`id`, `user_id`, `dev_type`, `ip`, `location`, `created_at`) VALUES (80, 88, 'Mozilla/5.0 (iPod; U; CPU iPhone OS 3_1 like Mac OS X; sl-SI) AppleWebKit/535.36.4 (KHTML, like Gecko) Version/4.0.5 Mobile/8B118 Safari/6535.36.4', '160.203.144.131', '0928 Scottie Estate\nWest Deja, OR 48910-0874', '2019-12-20 13:46:03');
INSERT INTO `active_sessions` (`id`, `user_id`, `dev_type`, `ip`, `location`, `created_at`) VALUES (81, 85, 'Opera/8.36 (Windows NT 5.01; en-US) Presto/2.9.180 Version/10.00', '162.168.177.218', '0703 Brown Ways\nKarlitown, NH 91336', '2010-12-28 23:11:00');
INSERT INTO `active_sessions` (`id`, `user_id`, `dev_type`, `ip`, `location`, `created_at`) VALUES (82, 41, 'Mozilla/5.0 (Macintosh; U; Intel Mac OS X 10_7_7 rv:5.0; en-US) AppleWebKit/531.2.3 (KHTML, like Gecko) Version/5.1 Safari/531.2.3', '22.41.193.154', '1728 Wisozk Terrace\nLucindaton, WY 44564-3325', '2018-08-11 10:37:56');
INSERT INTO `active_sessions` (`id`, `user_id`, `dev_type`, `ip`, `location`, `created_at`) VALUES (83, 79, 'Mozilla/5.0 (X11; Linuxx86_64; rv:6.0) Gecko/20121009 Firefox/3.6.6', '98.151.132.211', '16285 Ted Extensions\nDedrickfort, OK 62213', '2015-10-05 23:52:16');
INSERT INTO `active_sessions` (`id`, `user_id`, `dev_type`, `ip`, `location`, `created_at`) VALUES (84, 77, 'Mozilla/5.0 (Windows 95) AppleWebKit/5352 (KHTML, like Gecko) Chrome/15.0.816.0 Safari/5352', '108.170.149.203', '683 Muriel Freeway\nMcDermottbury, KS 43690-2905', '2017-11-23 14:56:20');
INSERT INTO `active_sessions` (`id`, `user_id`, `dev_type`, `ip`, `location`, `created_at`) VALUES (85, 37, 'Mozilla/5.0 (iPod; U; CPU iPhone OS 4_1 like Mac OS X; sl-SI) AppleWebKit/533.31.4 (KHTML, like Gecko) Version/3.0.5 Mobile/8B116 Safari/6533.31.4', '172.54.178.58', '8246 Damaris Rapids Suite 700\nLake Bryonhaven, MA 34878', '2019-11-12 13:21:23');
INSERT INTO `active_sessions` (`id`, `user_id`, `dev_type`, `ip`, `location`, `created_at`) VALUES (86, 70, 'Mozilla/5.0 (iPod; U; CPU iPhone OS 3_3 like Mac OS X; sl-SI) AppleWebKit/533.4.7 (KHTML, like Gecko) Version/4.0.5 Mobile/8B111 Safari/6533.4.7', '246.170.25.247', '6133 Schmidt Hills Suite 630\nSauerburgh, RI 45016-8477', '2013-10-29 05:58:56');
INSERT INTO `active_sessions` (`id`, `user_id`, `dev_type`, `ip`, `location`, `created_at`) VALUES (87, 57, 'Mozilla/5.0 (compatible; MSIE 9.0; Windows NT 6.1; Trident/3.1)', '159.215.239.186', '84810 Kunze Stream\nAmericoview, NE 73681-6554', '2019-01-26 22:58:06');
INSERT INTO `active_sessions` (`id`, `user_id`, `dev_type`, `ip`, `location`, `created_at`) VALUES (88, 92, 'Mozilla/5.0 (Windows NT 5.0; en-US; rv:1.9.1.20) Gecko/20180420 Firefox/6.0', '230.82.91.14', '52169 Littel Grove Apt. 025\nTowneshire, IA 07011-6254', '2011-08-16 18:19:41');
INSERT INTO `active_sessions` (`id`, `user_id`, `dev_type`, `ip`, `location`, `created_at`) VALUES (89, 21, 'Opera/8.80 (X11; Linuxi686; sl-SI) Presto/2.9.167 Version/10.00', '61.251.118.60', '7451 Bartholome Ports\nCassinchester, MA 82609-1937', '2013-09-19 15:34:20');
INSERT INTO `active_sessions` (`id`, `user_id`, `dev_type`, `ip`, `location`, `created_at`) VALUES (90, 3, 'Mozilla/5.0 (compatible; MSIE 5.0; Windows NT 5.1; Trident/5.0)', '213.227.242.184', '36514 Lionel Fords\nEast Josiane, NJ 17483-7179', '2017-11-16 19:39:16');
INSERT INTO `active_sessions` (`id`, `user_id`, `dev_type`, `ip`, `location`, `created_at`) VALUES (91, 5, 'Mozilla/5.0 (iPod; U; CPU iPhone OS 3_2 like Mac OS X; sl-SI) AppleWebKit/532.4.1 (KHTML, like Gecko) Version/3.0.5 Mobile/8B119 Safari/6532.4.1', '165.19.204.45', '47882 Tianna Meadow Suite 214\nWest Rubyside, ND 03633-3162', '2017-08-21 18:34:09');
INSERT INTO `active_sessions` (`id`, `user_id`, `dev_type`, `ip`, `location`, `created_at`) VALUES (92, 19, 'Mozilla/5.0 (compatible; MSIE 6.0; Windows NT 5.0; Trident/5.1)', '210.105.155.9', '344 Abner Orchard\nPort Dariusburgh, CT 73768', '2017-07-23 14:25:11');
INSERT INTO `active_sessions` (`id`, `user_id`, `dev_type`, `ip`, `location`, `created_at`) VALUES (93, 35, 'Mozilla/5.0 (Windows NT 6.0; sl-SI; rv:1.9.2.20) Gecko/20140301 Firefox/3.6.7', '177.31.52.32', '688 Moen Field Apt. 217\nLake Domenico, IA 35818', '2011-11-29 11:30:14');
INSERT INTO `active_sessions` (`id`, `user_id`, `dev_type`, `ip`, `location`, `created_at`) VALUES (94, 81, 'Mozilla/5.0 (compatible; MSIE 9.0; Windows NT 5.2; Trident/4.0)', '62.148.160.207', '380 Gaylord Prairie\nBlockbury, CT 33580', '2016-09-07 12:34:02');
INSERT INTO `active_sessions` (`id`, `user_id`, `dev_type`, `ip`, `location`, `created_at`) VALUES (95, 27, 'Opera/9.82 (X11; Linuxi686; sl-SI) Presto/2.9.169 Version/10.00', '146.110.15.197', '796 Toy Manors Suite 544\nSmithamhaven, AR 33638-4414', '2019-08-11 16:59:45');
INSERT INTO `active_sessions` (`id`, `user_id`, `dev_type`, `ip`, `location`, `created_at`) VALUES (96, 59, 'Opera/8.18 (X11; Linuxi686; sl-SI) Presto/2.9.162 Version/11.00', '205.36.178.113', '799 Emard Drive Suite 589\nNorth Aimee, NE 68574-6368', '2014-08-17 09:00:34');
INSERT INTO `active_sessions` (`id`, `user_id`, `dev_type`, `ip`, `location`, `created_at`) VALUES (97, 46, 'Mozilla/5.0 (X11; Linuxx86_64) AppleWebKit/5342 (KHTML, like Gecko) Chrome/13.0.808.0 Safari/5342', '61.193.85.243', '5960 Raynor Island\nMathewview, WY 22150', '2013-05-15 13:44:39');
INSERT INTO `active_sessions` (`id`, `user_id`, `dev_type`, `ip`, `location`, `created_at`) VALUES (98, 63, 'Mozilla/5.0 (Windows; U; Windows NT 5.1) AppleWebKit/535.34.3 (KHTML, like Gecko) Version/5.0.4 Safari/535.34.3', '196.159.83.134', '61504 Anna Crossing\nMannmouth, TX 33994', '2013-11-18 06:27:44');
INSERT INTO `active_sessions` (`id`, `user_id`, `dev_type`, `ip`, `location`, `created_at`) VALUES (99, 39, 'Mozilla/5.0 (Macintosh; Intel Mac OS X 10_8_3 rv:6.0; sl-SI) AppleWebKit/531.15.2 (KHTML, like Gecko) Version/4.0.3 Safari/531.15.2', '235.222.151.54', '66269 Beer Trace\nLake Maximilian, NV 79998', '2012-04-16 15:56:09');
INSERT INTO `active_sessions` (`id`, `user_id`, `dev_type`, `ip`, `location`, `created_at`) VALUES (100, 43, 'Mozilla/5.0 (compatible; MSIE 9.0; Windows 95; Trident/3.0)', '120.120.130.234', '407 Hauck Plain Suite 517\nPort Rhianna, FL 97540', '2013-03-01 12:48:19');

-- заполнение discounts

INSERT INTO `discounts` (`id`, `name`, `description`, `promo_code_id`, `discount`, `created_at`, `updated_at`) VALUES (1, 'omnis', 'Quisquam earum in adipisci omnis. Nam eum atque aut architecto. Consequuntur perspiciatis tenetur rem est iste ipsam reiciendis. Est commodi quisquam et omnis est impedit.', NULL, 1, '2018-07-18 20:20:29', '2003-10-15 16:43:19');
INSERT INTO `discounts` (`id`, `name`, `description`, `promo_code_id`, `discount`, `created_at`, `updated_at`) VALUES (2, 'sit', 'Amet voluptas harum assumenda dolorum harum. Inventore doloribus voluptas corrupti dolorem provident dignissimos. Quia dolorum est odio cumque.', NULL, 1, '2020-02-13 14:45:34', '2004-12-15 15:14:49');
INSERT INTO `discounts` (`id`, `name`, `description`, `promo_code_id`, `discount`, `created_at`, `updated_at`) VALUES (3, 'recusandae', 'Consequatur voluptas voluptatem dolorum aut exercitationem aut dolores. Est culpa fugiat temporibus numquam impedit. Exercitationem culpa incidunt voluptatem aliquid nulla autem repellat. Quibusdam maiores rem provident est.', NULL, 1, '2013-12-18 09:06:33', '2000-07-07 00:53:27');
INSERT INTO `discounts` (`id`, `name`, `description`, `promo_code_id`, `discount`, `created_at`, `updated_at`) VALUES (4, 'officia', 'Veniam voluptatum molestiae quis qui alias non. Voluptates qui sequi delectus sint mollitia molestiae exercitationem. Corporis et debitis maxime voluptas. Sint odio voluptatum consequatur fugiat voluptas officiis.', NULL, 1, '2014-09-15 03:59:47', '1981-02-16 01:03:59');
INSERT INTO `discounts` (`id`, `name`, `description`, `promo_code_id`, `discount`, `created_at`, `updated_at`) VALUES (5, 'veniam', 'Architecto dolor laudantium quia nihil quaerat. Nam omnis ut nam assumenda eum ut. Sapiente autem pariatur consequatur nihil sed ut ullam. Libero fuga et repellendus voluptates aut atque.', NULL, 1, '2017-06-27 09:10:09', '1988-09-19 00:04:41');
INSERT INTO `discounts` (`id`, `name`, `description`, `promo_code_id`, `discount`, `created_at`, `updated_at`) VALUES (6, 'qui', 'Quam velit sunt itaque vel. Numquam adipisci animi expedita voluptas commodi et in. Corporis consequatur eum deserunt nobis saepe occaecati. Possimus quas omnis est repellendus.', 1, 1, '2018-01-29 00:20:49', '2004-01-28 14:03:56');
INSERT INTO `discounts` (`id`, `name`, `description`, `promo_code_id`, `discount`, `created_at`, `updated_at`) VALUES (7, 'minima', 'Est ea dolores cumque laboriosam reprehenderit autem. Ut laboriosam deleniti est ut. Eius vel qui et tempore fuga numquam non.', 2, 1, '2013-05-05 20:52:48', '1981-12-07 19:43:21');
INSERT INTO `discounts` (`id`, `name`, `description`, `promo_code_id`, `discount`, `created_at`, `updated_at`) VALUES (8, 'sed', 'Est voluptas qui temporibus harum voluptate adipisci quo fuga. Tempora dicta harum ipsum unde molestiae beatae rem. Saepe ullam dolores hic.', 3, 1, '2019-03-23 09:10:38', '2018-06-01 06:47:04');
INSERT INTO `discounts` (`id`, `name`, `description`, `promo_code_id`, `discount`, `created_at`, `updated_at`) VALUES (9, 'sequi', 'Vitae reprehenderit porro dolore illo. Aut enim enim omnis eos et. Iure optio repellat voluptatem aut omnis sed officiis.', 4, 1, '2012-11-15 22:57:42', '2000-09-26 08:42:05');
INSERT INTO `discounts` (`id`, `name`, `description`, `promo_code_id`, `discount`, `created_at`, `updated_at`) VALUES (10, 'iure', 'Molestiae sit veniam corrupti consectetur sit ipsum labore. Non assumenda officiis ab sit sed. Minus iste est error voluptas et. Eos minima consequatur aut quos.', 5, 1, '2016-06-24 05:59:39', '1996-11-20 11:42:38');
INSERT INTO `discounts` (`id`, `name`, `description`, `promo_code_id`, `discount`, `created_at`, `updated_at`) VALUES (11, 'harum', 'Nisi dolore temporibus quia eius. Impedit nisi voluptates impedit. Amet quia facilis commodi quis est esse id. Dolorum non quasi iste tempore.', 6, 1, '2015-06-16 00:17:29', '2004-01-03 01:44:40');
INSERT INTO `discounts` (`id`, `name`, `description`, `promo_code_id`, `discount`, `created_at`, `updated_at`) VALUES (12, 'quia', 'Magni ut fugiat quae sed ut dolorum beatae. Quod facilis et voluptas. Aut facilis voluptas recusandae optio provident quae ab.', 7, 1, '2014-05-08 11:16:57', '1985-02-09 17:57:18');
INSERT INTO `discounts` (`id`, `name`, `description`, `promo_code_id`, `discount`, `created_at`, `updated_at`) VALUES (13, 'nesciunt', 'Deleniti rerum assumenda est dignissimos amet eum quod labore. Possimus rerum blanditiis distinctio recusandae. Et velit voluptatem qui.', 8, 1, '2015-03-10 07:07:12', '1992-03-07 07:21:33');
INSERT INTO `discounts` (`id`, `name`, `description`, `promo_code_id`, `discount`, `created_at`, `updated_at`) VALUES (14, 'vel', 'Cupiditate magni quia repudiandae ipsum repellat nobis et. Dicta voluptas consequuntur dignissimos porro et quasi ducimus perspiciatis. Voluptas architecto doloremque sunt explicabo. Est veniam deleniti sunt necessitatibus.', 9, 1, '2015-11-16 01:56:00', '2002-11-25 23:00:13');
INSERT INTO `discounts` (`id`, `name`, `description`, `promo_code_id`, `discount`, `created_at`, `updated_at`) VALUES (15, 'aut', 'Non voluptatibus sed iure quaerat. Molestias harum explicabo ea velit facilis velit distinctio. At sequi voluptas animi eaque atque alias est.', 10, 1, '2013-05-07 10:39:45', '1985-04-04 22:52:18');

-- заполнение promo_codes

INSERT INTO `promo_codes` (`id`, `code`, `created_at`) VALUES (1, 'xbzo', '2010-05-15 06:14:29');
INSERT INTO `promo_codes` (`id`, `code`, `created_at`) VALUES (2, 'qhaj', '2017-02-05 22:43:47');
INSERT INTO `promo_codes` (`id`, `code`, `created_at`) VALUES (3, 'eesw', '2020-01-10 18:01:44');
INSERT INTO `promo_codes` (`id`, `code`, `created_at`) VALUES (4, 'uyoc', '2016-12-17 18:14:09');
INSERT INTO `promo_codes` (`id`, `code`, `created_at`) VALUES (5, 'xibz', '2017-02-27 09:26:29');
INSERT INTO `promo_codes` (`id`, `code`, `created_at`) VALUES (6, 'jxtc', '2017-04-21 05:35:29');
INSERT INTO `promo_codes` (`id`, `code`, `created_at`) VALUES (7, 'sydc', '2017-02-25 20:53:16');
INSERT INTO `promo_codes` (`id`, `code`, `created_at`) VALUES (8, 'ceey', '2011-01-24 10:37:56');
INSERT INTO `promo_codes` (`id`, `code`, `created_at`) VALUES (9, 'cjpi', '2020-01-06 02:08:25');
INSERT INTO `promo_codes` (`id`, `code`, `created_at`) VALUES (10, 'svbj', '2015-06-27 01:46:42');

-- заполнение notifications

INSERT INTO `notifications` (`id`, `user_id`, `title`, `description`, `created_at`, `updated_at`) VALUES (1, 1, 'Sed qui aut ut laboriosam.', 'A ipsam vel ducimus et et ab. Et sit rerum impedit repudiandae illum quas repellendus maiores.', '2016-07-14 17:49:25', '2019-08-11 14:06:26');
INSERT INTO `notifications` (`id`, `user_id`, `title`, `description`, `created_at`, `updated_at`) VALUES (2, 2, 'Quia autem ad voluptatem est est.', 'Non cumque cumque quo quibusdam alias. Aspernatur ut autem occaecati harum provident id maxime consequatur.', '2020-01-03 23:02:44', '2017-05-06 13:34:23');
INSERT INTO `notifications` (`id`, `user_id`, `title`, `description`, `created_at`, `updated_at`) VALUES (3, 3, 'Nihil excepturi veritatis quis aut recusandae non magni.', 'Vero officiis iusto est mollitia mollitia aut eos provident. Molestiae rem non velit aliquam corrupti recusandae similique. Rerum optio quidem facere dolorem.', '2011-10-26 00:47:49', '2019-10-20 09:47:01');
INSERT INTO `notifications` (`id`, `user_id`, `title`, `description`, `created_at`, `updated_at`) VALUES (4, 4, 'Quos quia in aut accusantium in delectus.', 'Soluta vel beatae labore pariatur consequatur est magnam. Qui dolorum nesciunt culpa in temporibus dolorem dolorem. Non ut molestiae provident suscipit magnam rerum ab.', '2011-06-21 07:21:46', '2019-09-28 04:40:09');
INSERT INTO `notifications` (`id`, `user_id`, `title`, `description`, `created_at`, `updated_at`) VALUES (5, 5, 'Doloremque officia et sit qui tempore.', 'Mollitia officia et sed rem blanditiis id. Rerum quis occaecati tempora quasi id facere sequi. Harum quos earum sit sint maiores voluptatem. Quos tempora corporis dolores molestiae et.', '2012-02-17 09:42:39', '2013-01-26 06:11:48');
INSERT INTO `notifications` (`id`, `user_id`, `title`, `description`, `created_at`, `updated_at`) VALUES (6, 6, 'Ut necessitatibus incidunt consequuntur iste ut.', 'Odit facere qui et molestiae. Officiis debitis delectus nobis fuga sunt quam occaecati dolorum. Fuga aut ipsam sit enim veniam in. Voluptas dolores placeat minima accusantium.', '2012-04-14 20:08:15', '2016-11-13 00:34:13');
INSERT INTO `notifications` (`id`, `user_id`, `title`, `description`, `created_at`, `updated_at`) VALUES (7, 7, 'Eligendi eos in ratione corporis.', 'Tempore consequatur exercitationem unde temporibus consequatur molestias. Laudantium iusto iure consequatur natus. Quam qui eius adipisci nam numquam et rerum. Praesentium maxime dolore et sint dignissimos voluptatibus enim.', '2014-06-30 18:57:50', '2010-05-13 05:32:38');
INSERT INTO `notifications` (`id`, `user_id`, `title`, `description`, `created_at`, `updated_at`) VALUES (8, 8, 'Doloribus in provident corrupti est sed explicabo.', 'Magnam quae quidem assumenda dolor eaque. Corrupti ex enim perferendis aperiam earum ratione. Ab sed veritatis sequi corporis harum. Fugit alias minima explicabo sit sit.', '2017-11-28 23:52:09', '2011-11-24 17:51:28');
INSERT INTO `notifications` (`id`, `user_id`, `title`, `description`, `created_at`, `updated_at`) VALUES (9, 9, 'Sit dolorem dolore autem omnis ea autem ipsa.', 'Voluptatem inventore officia sit nesciunt. In aut est rerum cumque.', '2016-06-07 09:31:07', '2019-12-27 02:13:32');
INSERT INTO `notifications` (`id`, `user_id`, `title`, `description`, `created_at`, `updated_at`) VALUES (10, 10, 'Et optio sit vel quia blanditiis.', 'Blanditiis aspernatur ex voluptatem rerum. Sed molestiae et placeat ea et necessitatibus expedita. Facere est quo sequi aspernatur qui dolor autem laudantium.', '2013-02-19 07:01:24', '2014-04-18 18:13:19');
INSERT INTO `notifications` (`id`, `user_id`, `title`, `description`, `created_at`, `updated_at`) VALUES (11, 11, 'Et molestiae aut ducimus.', 'Illo quae quia eligendi sed eum est qui. Dolores et ut dignissimos.', '2019-09-01 12:35:40', '2019-03-19 10:59:07');
INSERT INTO `notifications` (`id`, `user_id`, `title`, `description`, `created_at`, `updated_at`) VALUES (12, 12, 'Ad sapiente minima eius ex facilis occaecati.', 'Dolorem voluptatem et id totam esse rerum. Eum ut ullam quasi quisquam saepe. Quae sit accusantium magnam tempora. Qui voluptates assumenda eligendi dolor voluptates reprehenderit. Aperiam nobis sit eaque fugit libero similique et.', '2010-09-24 02:47:23', '2013-02-18 13:19:06');
INSERT INTO `notifications` (`id`, `user_id`, `title`, `description`, `created_at`, `updated_at`) VALUES (13, 13, 'Laudantium velit sint possimus.', 'Ut odit quia quia molestiae. Excepturi nostrum inventore rerum est cumque vero tenetur. Suscipit saepe rerum quos quidem sunt rerum saepe. Iusto quia aut culpa quisquam.', '2017-02-22 05:15:13', '2014-10-02 15:49:56');
INSERT INTO `notifications` (`id`, `user_id`, `title`, `description`, `created_at`, `updated_at`) VALUES (14, 14, 'Quidem atque enim voluptas distinctio.', 'Atque est voluptatem blanditiis ea nisi. Enim tempora numquam nihil voluptatem laudantium quia quia. Delectus magnam sint pariatur ullam sed neque qui.', '2019-01-31 18:48:12', '2010-07-04 23:49:31');
INSERT INTO `notifications` (`id`, `user_id`, `title`, `description`, `created_at`, `updated_at`) VALUES (15, 15, 'Ea et impedit quos maiores impedit a.', 'Unde nesciunt labore nemo saepe placeat reiciendis dolorem. Porro vel et velit. Voluptatem sunt quos voluptatem maiores alias rerum asperiores quod. Quis autem tempora et qui sit culpa nihil est.', '2010-06-21 17:35:31', '2015-02-26 12:14:00');
INSERT INTO `notifications` (`id`, `user_id`, `title`, `description`, `created_at`, `updated_at`) VALUES (16, 16, 'Expedita possimus pariatur ut molestiae placeat.', 'Fugiat cupiditate rerum maiores ut qui impedit velit. Atque aspernatur alias incidunt sed. Ducimus qui sunt consequatur laboriosam.', '2016-07-29 16:21:05', '2018-07-05 23:02:47');
INSERT INTO `notifications` (`id`, `user_id`, `title`, `description`, `created_at`, `updated_at`) VALUES (17, 17, 'Minima sunt maiores quibusdam autem.', 'Facere mollitia neque voluptate accusantium. Qui voluptas nulla consectetur. Quae excepturi facere labore ut libero suscipit.', '2017-02-11 23:43:30', '2017-04-13 22:30:09');
INSERT INTO `notifications` (`id`, `user_id`, `title`, `description`, `created_at`, `updated_at`) VALUES (18, 18, 'Quia voluptas aut non quidem eos.', 'Recusandae et occaecati ea qui qui ut. Et modi ipsam vel voluptatum. Rerum qui ut qui et temporibus tempora doloremque. Et voluptatem quia velit enim enim eum modi.', '2011-03-07 13:07:58', '2014-05-27 18:28:47');
INSERT INTO `notifications` (`id`, `user_id`, `title`, `description`, `created_at`, `updated_at`) VALUES (19, 19, 'Qui nostrum natus ut debitis molestiae sunt eos reprehenderit.', 'Sed hic praesentium ut. Vel iste aliquid quis distinctio facere aliquid. Est alias aut est. Eius sed blanditiis vitae error alias dolorem et sed.', '2018-02-07 08:50:27', '2020-03-26 17:25:00');
INSERT INTO `notifications` (`id`, `user_id`, `title`, `description`, `created_at`, `updated_at`) VALUES (20, 20, 'Accusantium voluptate odio ab et.', 'Molestiae placeat necessitatibus dolores voluptatem sit molestiae molestiae sunt. Et aut ullam nihil mollitia. Excepturi dolores mollitia vitae enim modi labore. Ipsam temporibus a iure eligendi illum.', '2016-02-03 08:55:13', '2012-08-26 06:29:41');
INSERT INTO `notifications` (`id`, `user_id`, `title`, `description`, `created_at`, `updated_at`) VALUES (21, 21, 'Minima ut tempora consectetur aperiam iste asperiores enim.', 'Exercitationem atque quisquam harum labore explicabo dignissimos porro. Et expedita aut ut delectus. Nobis neque dolores occaecati nihil corporis illum et rem.', '2015-08-30 02:12:37', '2016-02-25 06:18:10');
INSERT INTO `notifications` (`id`, `user_id`, `title`, `description`, `created_at`, `updated_at`) VALUES (22, 22, 'Ea autem incidunt odio eum sint.', 'Dignissimos deserunt voluptas fugit doloremque tenetur. Voluptatum et omnis nesciunt odio sit eos earum. Pariatur qui sunt sed beatae facere adipisci. Et quis harum sequi.', '2011-11-24 07:32:21', '2018-02-08 02:42:23');
INSERT INTO `notifications` (`id`, `user_id`, `title`, `description`, `created_at`, `updated_at`) VALUES (23, 23, 'Nemo libero eius fugit quidem eos corporis.', 'Sint omnis cupiditate placeat velit voluptatibus est dolorum rerum. Rem sit fuga praesentium soluta non. Sed facilis earum saepe quidem aspernatur.', '2018-07-07 09:57:16', '2014-04-19 20:03:43');
INSERT INTO `notifications` (`id`, `user_id`, `title`, `description`, `created_at`, `updated_at`) VALUES (24, 24, 'Tempora et dolorum eius.', 'Dolore aut quia cupiditate reiciendis. Quia distinctio et dolorem. Beatae quae tempore sit.', '2014-12-16 20:56:52', '2016-05-01 04:46:06');
INSERT INTO `notifications` (`id`, `user_id`, `title`, `description`, `created_at`, `updated_at`) VALUES (25, 25, 'Laudantium distinctio itaque consequatur quam dicta voluptatem ab beatae.', 'Quibusdam necessitatibus est est. Molestias et sint quod nisi. Error exercitationem voluptates eveniet. Voluptatem et illum qui qui eum ipsa optio sunt.', '2015-01-27 06:14:59', '2015-01-06 02:12:26');
INSERT INTO `notifications` (`id`, `user_id`, `title`, `description`, `created_at`, `updated_at`) VALUES (26, 26, 'Commodi ea quia dolorem amet et odio non.', 'Iste veritatis accusantium eaque aliquam possimus aperiam ut et. Omnis aspernatur aut et commodi. Temporibus ea quas explicabo illo dolorum eum veritatis. Molestias reiciendis quia dolores excepturi accusantium. Beatae illum est cumque id.', '2013-06-17 11:52:03', '2015-02-26 06:21:45');
INSERT INTO `notifications` (`id`, `user_id`, `title`, `description`, `created_at`, `updated_at`) VALUES (27, 27, 'Aspernatur ea corrupti labore unde.', 'Impedit iusto molestias eum ex nesciunt qui. Ipsa perspiciatis ut voluptatibus fugiat corrupti nihil. Sed ut sint aut sed maiores. Expedita non consequatur quia vel laudantium ut.', '2017-02-12 09:32:35', '2019-07-15 08:45:05');
INSERT INTO `notifications` (`id`, `user_id`, `title`, `description`, `created_at`, `updated_at`) VALUES (28, 28, 'Consequatur ducimus odit deleniti voluptatem.', 'Libero sed sapiente eum nihil. Omnis voluptatem in qui. Molestiae nemo modi debitis nemo. Natus deleniti labore repellendus officiis aut.', '2016-11-23 00:07:42', '2018-04-24 20:01:25');
INSERT INTO `notifications` (`id`, `user_id`, `title`, `description`, `created_at`, `updated_at`) VALUES (29, 29, 'Iste est est architecto tenetur aut autem.', 'At itaque optio vel expedita qui. Velit sit omnis et ut quas beatae. Enim sed enim in dolores. Ipsa harum a et tempore vero.', '2011-12-20 22:43:48', '2018-07-11 05:50:28');
INSERT INTO `notifications` (`id`, `user_id`, `title`, `description`, `created_at`, `updated_at`) VALUES (30, 30, 'Sequi voluptates tenetur eum qui.', 'Excepturi aut et velit modi dolor dolor incidunt. Odio voluptates dolorem atque quis dolores. Beatae reiciendis quas impedit quibusdam eaque et quis.', '2015-12-21 14:34:33', '2015-12-05 10:15:07');
INSERT INTO `notifications` (`id`, `user_id`, `title`, `description`, `created_at`, `updated_at`) VALUES (31, 31, 'Ipsam doloremque voluptate sapiente rem.', 'Sunt assumenda suscipit temporibus labore consequatur exercitationem et. Quisquam sunt necessitatibus vel reprehenderit laudantium est. Enim et sit quia vel. Mollitia ea voluptatem molestias voluptatem blanditiis.', '2014-11-11 21:54:10', '2013-10-07 07:47:39');
INSERT INTO `notifications` (`id`, `user_id`, `title`, `description`, `created_at`, `updated_at`) VALUES (32, 32, 'Ut exercitationem iste vel fugiat.', 'Earum quo blanditiis magni sed. Velit illum et natus dolore. Explicabo dolores eum fugit laudantium deleniti.', '2015-04-23 04:21:49', '2011-06-12 17:19:59');
INSERT INTO `notifications` (`id`, `user_id`, `title`, `description`, `created_at`, `updated_at`) VALUES (33, 33, 'Tempore a et rem qui consequuntur laborum.', 'Laboriosam similique ad itaque enim adipisci tenetur et. Libero qui ut quia deleniti totam maxime laboriosam beatae. Sed cupiditate cum sed non rem.', '2015-03-08 21:40:58', '2017-10-07 16:32:21');
INSERT INTO `notifications` (`id`, `user_id`, `title`, `description`, `created_at`, `updated_at`) VALUES (34, 34, 'Voluptatem ad laudantium culpa tenetur.', 'Incidunt sit ad libero laudantium et. Omnis nesciunt voluptatem dolore pariatur saepe. Id animi exercitationem id reprehenderit similique.', '2011-09-28 10:51:12', '2012-04-12 05:58:09');
INSERT INTO `notifications` (`id`, `user_id`, `title`, `description`, `created_at`, `updated_at`) VALUES (35, 35, 'Officia esse eum molestias corrupti qui repellat dolores.', 'Atque nostrum temporibus consequuntur illo. Deleniti placeat modi fuga qui. Quo maiores sunt est enim.', '2010-07-14 17:13:46', '2012-08-10 10:42:08');
INSERT INTO `notifications` (`id`, `user_id`, `title`, `description`, `created_at`, `updated_at`) VALUES (36, 36, 'Aut expedita magni quidem rerum enim quia.', 'Est pariatur sint quas et. Quia id nemo minima occaecati voluptate dolorum. Nesciunt sit dolores numquam a sit ut. Ipsum laborum excepturi cum illo id.', '2017-03-30 11:45:54', '2011-07-24 23:41:22');
INSERT INTO `notifications` (`id`, `user_id`, `title`, `description`, `created_at`, `updated_at`) VALUES (37, 37, 'Quo ipsum alias aspernatur sit libero et quidem corrupti.', 'Enim ducimus nesciunt molestiae velit a est autem. Libero ipsam ea nobis corporis excepturi. Id quia autem qui exercitationem facilis doloremque.', '2010-07-08 08:15:43', '2017-08-15 18:06:48');
INSERT INTO `notifications` (`id`, `user_id`, `title`, `description`, `created_at`, `updated_at`) VALUES (38, 38, 'Pariatur quo autem eveniet et perferendis non.', 'Totam facilis molestias magni et et explicabo architecto. Repudiandae possimus aut ab ut ullam.', '2010-11-04 08:38:51', '2020-01-12 12:17:37');
INSERT INTO `notifications` (`id`, `user_id`, `title`, `description`, `created_at`, `updated_at`) VALUES (39, 39, 'Deleniti voluptas voluptatem voluptatum molestiae.', 'Sint amet nulla dolorem est omnis soluta. Voluptas illum impedit eius quia sint id. Nulla omnis esse et consequatur distinctio et enim maiores. Sequi voluptas natus consequatur velit.', '2010-05-30 14:20:47', '2012-05-15 00:21:20');
INSERT INTO `notifications` (`id`, `user_id`, `title`, `description`, `created_at`, `updated_at`) VALUES (40, 40, 'Nihil sit accusantium earum corrupti in cum facilis.', 'Ducimus ad consectetur quidem. Veritatis aut sed eos. Eligendi vel ea vero a at aut architecto blanditiis.', '2011-12-15 14:50:57', '2019-05-11 08:46:21');
INSERT INTO `notifications` (`id`, `user_id`, `title`, `description`, `created_at`, `updated_at`) VALUES (41, 41, 'Consectetur eum minima iure magnam.', 'Non voluptas sed impedit perferendis. Velit qui est maxime non omnis magnam. Ullam doloribus ratione incidunt nihil quidem rerum. Quos ea illo neque ut.', '2014-06-13 03:04:56', '2018-06-28 07:49:38');
INSERT INTO `notifications` (`id`, `user_id`, `title`, `description`, `created_at`, `updated_at`) VALUES (42, 42, 'Sunt sunt omnis ratione doloremque animi odio.', 'Qui officia id ab. Nihil possimus voluptatum voluptatem nam aut consequatur minima. Molestiae est sed tenetur et repudiandae voluptatibus facere.', '2015-09-02 04:32:56', '2010-10-30 13:17:39');
INSERT INTO `notifications` (`id`, `user_id`, `title`, `description`, `created_at`, `updated_at`) VALUES (43, 43, 'Sint illo labore fugiat natus.', 'Architecto maxime cum corrupti velit magni. Sunt adipisci dolore ullam sint culpa non eum. Quibusdam tenetur nihil natus a est. Molestiae eius et maiores et rem sint ipsa.', '2011-08-17 13:36:52', '2016-10-30 10:02:01');
INSERT INTO `notifications` (`id`, `user_id`, `title`, `description`, `created_at`, `updated_at`) VALUES (44, 44, 'Sequi natus omnis doloremque atque quae.', 'Facilis sed facilis quia autem est. Impedit et possimus cupiditate neque voluptatem animi velit. Inventore exercitationem rerum beatae sint in facilis.', '2017-10-01 09:23:46', '2018-01-01 03:15:56');
INSERT INTO `notifications` (`id`, `user_id`, `title`, `description`, `created_at`, `updated_at`) VALUES (45, 45, 'Repudiandae architecto quidem iusto.', 'Cumque molestiae praesentium ad odit quisquam ipsum. Et saepe voluptates est. Quas voluptatem eveniet nisi quia deserunt. Quaerat et et facere vero esse voluptas consequuntur aut.', '2012-07-14 06:54:19', '2016-03-14 06:16:37');
INSERT INTO `notifications` (`id`, `user_id`, `title`, `description`, `created_at`, `updated_at`) VALUES (46, 46, 'Reprehenderit illum reprehenderit et odit debitis eos voluptas.', 'Unde quod ipsam officia at praesentium accusamus voluptatum. Maxime quos sed ipsam est nobis. Et aut molestiae amet dolor commodi omnis eos adipisci. Ad quia quas omnis doloribus voluptatibus impedit minima.', '2012-04-05 20:27:57', '2011-09-15 01:39:37');
INSERT INTO `notifications` (`id`, `user_id`, `title`, `description`, `created_at`, `updated_at`) VALUES (47, 47, 'Est et nam voluptatibus ut distinctio est.', 'Et sunt qui autem quasi dolore. Porro qui rerum laborum accusamus distinctio. Iusto inventore cum molestiae. Fugit asperiores blanditiis illum nisi.', '2017-10-18 21:36:27', '2014-11-29 04:14:31');
INSERT INTO `notifications` (`id`, `user_id`, `title`, `description`, `created_at`, `updated_at`) VALUES (48, 48, 'Non eos omnis incidunt voluptatem qui omnis aut.', 'Qui nihil incidunt similique repellendus rerum. Beatae voluptates et laboriosam. Voluptas commodi aut eaque enim distinctio.', '2014-06-29 14:38:06', '2018-09-20 09:31:59');
INSERT INTO `notifications` (`id`, `user_id`, `title`, `description`, `created_at`, `updated_at`) VALUES (49, 49, 'Qui qui delectus nesciunt sed sunt totam.', 'Unde laudantium voluptate quia voluptatem quasi. Corporis nemo veritatis autem hic aspernatur ut. Distinctio dolor in laborum ut id. Ut qui facere quis aut dolorem.', '2015-04-08 07:15:26', '2011-12-01 02:24:38');
INSERT INTO `notifications` (`id`, `user_id`, `title`, `description`, `created_at`, `updated_at`) VALUES (50, 50, 'Nihil assumenda et nihil earum magni ut ipsum blanditiis.', 'Corrupti voluptas deserunt inventore similique veniam qui ut in. Cumque reiciendis et dignissimos sunt. Ut sapiente accusantium quia ea non. Et molestiae et perspiciatis mollitia quos repellat.', '2018-06-28 03:59:43', '2019-03-30 21:12:12');
INSERT INTO `notifications` (`id`, `user_id`, `title`, `description`, `created_at`, `updated_at`) VALUES (51, 51, 'Sunt ut at eum sed.', 'Qui minima nisi nihil et voluptas aut natus. Eligendi quia veritatis sequi velit in. Quis minima et facilis et voluptas corrupti. Voluptas tenetur earum repellat deleniti possimus voluptates fugit. Impedit velit eaque molestias et vel dolorum.', '2014-08-23 11:34:49', '2016-03-23 11:47:57');
INSERT INTO `notifications` (`id`, `user_id`, `title`, `description`, `created_at`, `updated_at`) VALUES (52, 52, 'Quia molestiae odio ut inventore voluptas ea sunt pariatur.', 'Repellendus totam asperiores ad eveniet vero. Eligendi est aut dolor molestias quia eligendi. Eum sapiente qui labore excepturi et omnis ut. Distinctio quidem illum rem in quo necessitatibus.', '2011-11-20 09:38:07', '2017-06-04 20:16:53');
INSERT INTO `notifications` (`id`, `user_id`, `title`, `description`, `created_at`, `updated_at`) VALUES (53, 53, 'Fugiat iure recusandae qui id sunt rem doloribus aut.', 'Debitis tenetur molestiae ut cum dignissimos. Facere dolores et voluptas quibusdam magnam qui. Velit aut ut qui vel officiis velit ea. Blanditiis provident inventore sequi.', '2018-11-23 12:54:12', '2010-06-25 04:01:20');
INSERT INTO `notifications` (`id`, `user_id`, `title`, `description`, `created_at`, `updated_at`) VALUES (54, 54, 'Eos debitis ipsa quia temporibus eos atque eligendi omnis.', 'Aperiam illum odit id quidem id deleniti illum. Culpa qui et suscipit ut. Est rem consequatur magni dignissimos soluta.', '2011-02-16 01:16:43', '2020-01-28 14:25:39');
INSERT INTO `notifications` (`id`, `user_id`, `title`, `description`, `created_at`, `updated_at`) VALUES (55, 55, 'Explicabo dolores ipsam quo beatae enim doloribus.', 'Voluptates laboriosam sint vel est nulla laborum adipisci. Ut et dicta consequatur qui est ea delectus. Omnis deleniti sunt qui quis officiis totam. Ut odio rerum voluptatem corporis et vero expedita.', '2018-04-29 06:05:12', '2018-02-15 22:45:34');
INSERT INTO `notifications` (`id`, `user_id`, `title`, `description`, `created_at`, `updated_at`) VALUES (56, 56, 'Eveniet dolorum et voluptatem impedit et.', 'Voluptatem fugit repellat et enim voluptas at totam. Doloribus dignissimos eos veritatis eveniet corrupti magnam. Non ipsa minus quis porro facere officiis nemo. Numquam doloremque laborum quod.', '2011-05-21 23:33:13', '2011-04-05 01:46:42');
INSERT INTO `notifications` (`id`, `user_id`, `title`, `description`, `created_at`, `updated_at`) VALUES (57, 57, 'Qui voluptas suscipit dicta esse.', 'Ut saepe quia quo. Aliquid est hic hic rem ut dolores.', '2015-02-19 04:58:51', '2017-02-24 02:02:04');
INSERT INTO `notifications` (`id`, `user_id`, `title`, `description`, `created_at`, `updated_at`) VALUES (58, 58, 'Sed libero laborum quia dolore.', 'Dolor quos nostrum voluptatem error. Harum voluptatem rerum repellendus est. Odio architecto omnis laudantium voluptatem.', '2016-06-17 14:34:10', '2017-04-24 14:20:16');
INSERT INTO `notifications` (`id`, `user_id`, `title`, `description`, `created_at`, `updated_at`) VALUES (59, 59, 'Dolor sapiente ut perspiciatis quas.', 'Nostrum cum dolorem quia qui incidunt quia. Sint perferendis quod illum repudiandae. Rem officiis non quis ab sunt quas. Repudiandae laboriosam aut sit hic accusantium fugit doloremque. Voluptas sed asperiores et nihil hic.', '2018-01-06 17:45:20', '2010-11-04 21:18:55');
INSERT INTO `notifications` (`id`, `user_id`, `title`, `description`, `created_at`, `updated_at`) VALUES (60, 60, 'Voluptatem consequatur tempora quis dolorum ut officia fugiat.', 'Dolorem quia accusamus saepe et amet autem excepturi dicta. Fugit sit ut nam hic omnis soluta. Eligendi beatae ad fugit maiores illum molestiae.', '2017-01-04 19:18:31', '2019-04-26 09:47:00');
INSERT INTO `notifications` (`id`, `user_id`, `title`, `description`, `created_at`, `updated_at`) VALUES (61, 61, 'Doloribus nihil dolorem ea quasi illo.', 'Vero rerum consectetur accusantium debitis. Harum dolorum rerum dolorem accusantium iure. Illo qui vitae dignissimos placeat laudantium. Repellat quod omnis eum.', '2012-06-02 03:29:53', '2017-12-26 23:23:45');
INSERT INTO `notifications` (`id`, `user_id`, `title`, `description`, `created_at`, `updated_at`) VALUES (62, 62, 'Occaecati sed est minima et qui hic non.', 'Sint et ex asperiores aspernatur. Ab sed nisi eveniet modi laudantium voluptatibus. Dolore rerum atque qui facilis vero. Facere enim quis voluptatem ducimus sit alias ut qui. Est molestias quia expedita at laudantium beatae molestiae facilis.', '2015-05-11 04:29:27', '2012-12-16 11:00:29');
INSERT INTO `notifications` (`id`, `user_id`, `title`, `description`, `created_at`, `updated_at`) VALUES (63, 63, 'Laborum voluptatem et expedita voluptatem debitis.', 'Consequuntur qui exercitationem assumenda iste. Occaecati voluptate molestiae assumenda nemo et. Quae est non voluptatibus rerum laborum est.', '2012-03-22 09:57:18', '2011-05-09 01:43:41');
INSERT INTO `notifications` (`id`, `user_id`, `title`, `description`, `created_at`, `updated_at`) VALUES (64, 64, 'Cumque sit odit in non corporis.', 'Amet molestiae deserunt eos voluptatum omnis quae. Fuga qui voluptatem deleniti itaque ab quasi sint. Dolores ad blanditiis repudiandae distinctio voluptatem. Magnam voluptatibus eum quia aliquam sed aspernatur.', '2016-06-10 18:58:35', '2011-10-11 11:23:25');
INSERT INTO `notifications` (`id`, `user_id`, `title`, `description`, `created_at`, `updated_at`) VALUES (65, 65, 'Officia esse pariatur officiis.', 'Ad sit similique autem placeat quod. Tenetur ipsum ea illum voluptatem. Tempora nisi quam omnis magnam. Quia omnis ea fugiat.', '2015-01-15 12:08:09', '2017-11-18 21:33:39');
INSERT INTO `notifications` (`id`, `user_id`, `title`, `description`, `created_at`, `updated_at`) VALUES (66, 66, 'Vitae dolor temporibus et.', 'Ipsum magnam soluta at labore distinctio totam necessitatibus. Vitae nemo aspernatur nisi officia nihil. Et nostrum consequuntur sequi repudiandae.', '2015-06-03 04:29:45', '2018-01-19 01:11:32');
INSERT INTO `notifications` (`id`, `user_id`, `title`, `description`, `created_at`, `updated_at`) VALUES (67, 67, 'Dolor qui ea numquam qui quasi repellendus.', 'Repellat laborum vel nemo voluptatem architecto aliquid et. Ducimus mollitia sed sunt maxime pariatur ut laudantium.', '2013-01-01 20:51:04', '2015-03-30 09:55:42');
INSERT INTO `notifications` (`id`, `user_id`, `title`, `description`, `created_at`, `updated_at`) VALUES (68, 68, 'Eligendi autem quae aspernatur laboriosam omnis.', 'Voluptate similique qui doloribus occaecati exercitationem aspernatur debitis. Delectus est ipsa est qui soluta aut. Excepturi maxime vel qui eius unde pariatur veniam accusamus. Expedita quaerat odit sed beatae consequuntur.', '2016-12-08 05:30:57', '2013-07-05 18:49:13');
INSERT INTO `notifications` (`id`, `user_id`, `title`, `description`, `created_at`, `updated_at`) VALUES (69, 69, 'Ut omnis nemo quasi voluptatibus amet.', 'Sit corrupti et temporibus tempora cumque sunt omnis. Quas voluptates doloremque fuga non velit illum earum. Consequatur natus laborum consequatur laborum sapiente.', '2011-09-01 08:29:54', '2018-04-24 15:34:10');
INSERT INTO `notifications` (`id`, `user_id`, `title`, `description`, `created_at`, `updated_at`) VALUES (70, 70, 'Id aliquam et fugit expedita molestiae esse vel.', 'Optio quis eum rerum aliquam sint. Est rerum quod sapiente corrupti et. Temporibus quasi eveniet corrupti eum omnis excepturi. Id officia corrupti commodi.', '2012-11-09 20:38:53', '2016-05-25 20:54:45');
INSERT INTO `notifications` (`id`, `user_id`, `title`, `description`, `created_at`, `updated_at`) VALUES (71, 71, 'Rerum dolore harum vero facilis.', 'Amet temporibus sed sunt sint repellat eligendi dolorum. Incidunt debitis enim quidem impedit iure libero ducimus.', '2018-01-04 04:23:35', '2014-11-07 16:55:00');
INSERT INTO `notifications` (`id`, `user_id`, `title`, `description`, `created_at`, `updated_at`) VALUES (72, 72, 'Qui et dolorem occaecati nulla perferendis esse.', 'Amet et possimus eaque officia. Sunt quasi accusamus facere placeat ad aliquam. Molestiae atque sit praesentium recusandae.', '2013-09-05 21:19:07', '2014-03-27 23:01:28');
INSERT INTO `notifications` (`id`, `user_id`, `title`, `description`, `created_at`, `updated_at`) VALUES (73, 73, 'Eos dolor provident totam placeat.', 'Distinctio consequuntur voluptatem veritatis est possimus placeat aliquid. Temporibus est atque veritatis placeat autem voluptatem in quia. Facilis est iste est.', '2018-05-13 05:00:34', '2013-01-03 08:21:51');
INSERT INTO `notifications` (`id`, `user_id`, `title`, `description`, `created_at`, `updated_at`) VALUES (74, 74, 'Reiciendis aut doloremque aperiam aspernatur assumenda.', 'Possimus neque iste autem praesentium pariatur. Non aut facilis amet blanditiis laboriosam possimus. Facere eos sint explicabo excepturi debitis. Et quasi ut voluptates soluta est. Rerum quibusdam fugiat occaecati magnam.', '2015-04-18 09:48:24', '2015-08-30 07:31:01');
INSERT INTO `notifications` (`id`, `user_id`, `title`, `description`, `created_at`, `updated_at`) VALUES (75, 75, 'Numquam quis aspernatur in ut.', 'Molestias eum non ipsum placeat ad tempora. Quod labore aliquid recusandae mollitia sed. Asperiores dolorem rerum velit minus non porro. Illum commodi architecto et incidunt perspiciatis quo voluptate. Voluptatem ea quia et perspiciatis at laudantium id id.', '2017-03-20 05:23:33', '2010-09-12 16:03:47');
INSERT INTO `notifications` (`id`, `user_id`, `title`, `description`, `created_at`, `updated_at`) VALUES (76, 76, 'Dolorem error suscipit enim consectetur qui omnis delectus.', 'Repellendus perferendis accusantium illum cupiditate est. Ut voluptatum at provident hic. In eligendi est est minus et.', '2011-10-07 01:12:47', '2013-04-09 11:11:55');
INSERT INTO `notifications` (`id`, `user_id`, `title`, `description`, `created_at`, `updated_at`) VALUES (77, 77, 'Quibusdam cum rem sed.', 'Modi et asperiores nobis recusandae occaecati qui. Qui sed vero dolore.', '2012-01-24 07:46:44', '2010-10-21 18:11:58');
INSERT INTO `notifications` (`id`, `user_id`, `title`, `description`, `created_at`, `updated_at`) VALUES (78, 78, 'Dolores recusandae facere in possimus repudiandae.', 'Fugit dolore similique rerum omnis repellat repellendus nulla. Atque optio alias voluptatem quas nesciunt eos. Aut sed est excepturi sed.', '2011-07-29 19:29:01', '2018-08-25 21:18:07');
INSERT INTO `notifications` (`id`, `user_id`, `title`, `description`, `created_at`, `updated_at`) VALUES (79, 79, 'Quod esse perferendis vel rem.', 'Vitae maxime quis ullam magnam. Non nam aperiam illo voluptates ab sunt sunt. Ad id et similique tempora sint natus porro. Voluptatem excepturi omnis deserunt nulla molestias.', '2016-03-13 11:27:25', '2018-04-20 17:38:25');
INSERT INTO `notifications` (`id`, `user_id`, `title`, `description`, `created_at`, `updated_at`) VALUES (80, 80, 'Delectus omnis eligendi qui dolor sed.', 'Repellendus ducimus vero fugiat sed in atque exercitationem. Sed sunt occaecati vel error facilis quibusdam totam. Eius voluptatem aut facilis commodi. Nihil dignissimos aut in veniam et. Aut commodi inventore at odio.', '2015-04-01 01:47:30', '2014-01-05 08:00:51');
INSERT INTO `notifications` (`id`, `user_id`, `title`, `description`, `created_at`, `updated_at`) VALUES (81, 81, 'Sunt rem molestiae sed reiciendis eligendi.', 'In nostrum sapiente sed aut veniam est perspiciatis. Non voluptas dignissimos natus repellendus voluptatem et soluta. Veritatis eum sint ut recusandae. Corporis omnis quae cum mollitia hic eos nihil.', '2012-02-10 08:12:49', '2015-05-15 22:11:07');
INSERT INTO `notifications` (`id`, `user_id`, `title`, `description`, `created_at`, `updated_at`) VALUES (82, 82, 'Tenetur aperiam quia culpa est natus et corporis consectetur.', 'Aut sit nihil doloremque soluta quaerat exercitationem deleniti. Sit rerum est doloribus delectus aut temporibus quis omnis. Omnis pariatur placeat error illum voluptatibus eos corporis.', '2011-12-22 17:25:59', '2015-07-17 10:00:21');
INSERT INTO `notifications` (`id`, `user_id`, `title`, `description`, `created_at`, `updated_at`) VALUES (83, 83, 'Ipsum quis voluptatibus excepturi molestiae et.', 'Nulla voluptate cumque labore dolor. Ipsum sed molestias ut. Rem quia impedit quasi.', '2010-05-12 00:23:40', '2014-10-19 04:40:30');
INSERT INTO `notifications` (`id`, `user_id`, `title`, `description`, `created_at`, `updated_at`) VALUES (84, 84, 'Dolorem et iusto necessitatibus vitae.', 'Ut quidem dolorum delectus minima. Omnis illo dolor qui esse atque. Iste possimus totam qui temporibus omnis delectus quia omnis. Molestias vero molestias consequuntur eos expedita ea.', '2018-07-20 17:51:37', '2017-12-23 01:26:42');
INSERT INTO `notifications` (`id`, `user_id`, `title`, `description`, `created_at`, `updated_at`) VALUES (85, 85, 'Dolorem voluptatem est odit non alias nemo doloremque.', 'A praesentium voluptatem porro aut laudantium. Ut iure molestiae nulla magni voluptatem. Et provident qui eos occaecati enim magnam et.', '2010-09-09 07:16:55', '2011-04-20 05:53:20');
INSERT INTO `notifications` (`id`, `user_id`, `title`, `description`, `created_at`, `updated_at`) VALUES (86, 86, 'In eaque dolor nostrum.', 'A optio ea animi ea earum quaerat molestiae doloribus. Dolorem ut qui praesentium eaque laboriosam repellat voluptatem. Ipsum quo est aut natus doloribus dolores quasi.', '2014-11-15 09:36:38', '2013-11-10 15:38:27');
INSERT INTO `notifications` (`id`, `user_id`, `title`, `description`, `created_at`, `updated_at`) VALUES (87, 87, 'Voluptas dolorem deserunt quis.', 'Debitis qui quia et consequatur dolorem dolor. Delectus recusandae voluptas sequi unde harum accusantium. Facere quis accusantium non perspiciatis hic non quam.', '2011-04-07 14:16:14', '2016-03-29 11:10:18');
INSERT INTO `notifications` (`id`, `user_id`, `title`, `description`, `created_at`, `updated_at`) VALUES (88, 88, 'Incidunt qui facere at quia corporis architecto voluptatem.', 'Sed ut quod quis est voluptatum reprehenderit veritatis. Esse aliquam ab enim aut minus vel dolores. Consequuntur delectus ea adipisci veritatis tempora repellat. Placeat et ut fugit maxime ad.', '2012-05-29 06:03:01', '2020-01-23 09:45:24');
INSERT INTO `notifications` (`id`, `user_id`, `title`, `description`, `created_at`, `updated_at`) VALUES (89, 89, 'Dicta ducimus dicta modi.', 'Excepturi commodi ut corrupti provident eveniet esse quia. Magnam non molestiae maiores enim excepturi. Officia aspernatur numquam alias magnam ut. Dolore aut quia asperiores delectus ratione sunt.', '2012-03-14 00:37:54', '2015-03-23 09:24:32');
INSERT INTO `notifications` (`id`, `user_id`, `title`, `description`, `created_at`, `updated_at`) VALUES (90, 90, 'Ea cum sint dolorem maxime consequatur laudantium.', 'Qui optio ex eaque magnam quae nostrum blanditiis. Temporibus repellendus sed ea molestiae. Odio at ut accusantium eveniet rerum sit.', '2011-08-11 15:45:15', '2013-02-02 08:27:17');
INSERT INTO `notifications` (`id`, `user_id`, `title`, `description`, `created_at`, `updated_at`) VALUES (91, 91, 'Quo molestiae quod iste animi.', 'Atque est aut et deserunt. Consequatur aut velit temporibus. Voluptate necessitatibus sit quasi quia eveniet expedita. Eius repellat quidem officiis asperiores. Ipsa consequatur officia laboriosam harum occaecati.', '2013-04-23 16:51:50', '2017-07-03 13:31:52');
INSERT INTO `notifications` (`id`, `user_id`, `title`, `description`, `created_at`, `updated_at`) VALUES (92, 92, 'Aperiam fuga qui eum blanditiis aut.', 'Et labore velit incidunt esse et sit ipsam. Eos et vel quo repudiandae ipsa non. Perferendis sapiente quia placeat velit consequatur. Eos est qui sed.', '2013-04-24 03:07:47', '2017-11-24 12:27:41');
INSERT INTO `notifications` (`id`, `user_id`, `title`, `description`, `created_at`, `updated_at`) VALUES (93, 93, 'Et libero sed autem nesciunt dolores.', 'In commodi minima corrupti rerum. Possimus aperiam nesciunt deleniti numquam.', '2010-07-04 15:12:45', '2011-09-19 20:37:06');
INSERT INTO `notifications` (`id`, `user_id`, `title`, `description`, `created_at`, `updated_at`) VALUES (94, 94, 'Doloribus dolor natus quis ut veniam sit libero soluta.', 'Dicta sit quas vitae. Voluptatem qui vero quis pariatur. Consequatur suscipit libero consequatur alias illo est.', '2015-03-18 22:29:35', '2010-11-28 11:08:57');
INSERT INTO `notifications` (`id`, `user_id`, `title`, `description`, `created_at`, `updated_at`) VALUES (95, 95, 'Maiores cupiditate nisi autem et hic fugiat adipisci aspernatur.', 'Laborum architecto accusamus ipsam atque. Dolorem aliquam ut suscipit et et occaecati a. Sapiente consequuntur ullam deserunt deleniti labore repellat.', '2018-02-19 19:59:44', '2016-10-26 14:55:05');
INSERT INTO `notifications` (`id`, `user_id`, `title`, `description`, `created_at`, `updated_at`) VALUES (96, 96, 'Velit veritatis magnam sit tenetur aut et et maxime.', 'Dicta asperiores blanditiis dolores tenetur. Quaerat non nihil quo eius qui iure et. Veritatis consectetur officiis voluptas.', '2019-07-12 04:16:16', '2019-10-10 16:52:03');
INSERT INTO `notifications` (`id`, `user_id`, `title`, `description`, `created_at`, `updated_at`) VALUES (97, 97, 'Consectetur animi numquam et cupiditate unde consequatur.', 'Dolorem repudiandae sit commodi voluptas qui similique ut. Provident et porro non reprehenderit. Ducimus et cupiditate in nostrum adipisci cum expedita consectetur.', '2018-03-13 08:52:31', '2016-04-22 05:39:52');
INSERT INTO `notifications` (`id`, `user_id`, `title`, `description`, `created_at`, `updated_at`) VALUES (98, 98, 'Voluptas laboriosam sapiente qui non est id temporibus.', 'Delectus laboriosam suscipit laborum et aut iure quas. Magnam debitis aut quaerat nihil magnam ea. Non recusandae odit natus sit illo aperiam. Veniam et aut dolore ipsam fugiat accusamus et fugiat.', '2019-01-06 06:42:58', '2018-02-07 14:34:36');
INSERT INTO `notifications` (`id`, `user_id`, `title`, `description`, `created_at`, `updated_at`) VALUES (99, 99, 'Consequatur sunt sequi assumenda tenetur.', 'Doloribus optio itaque qui inventore consequatur. Odit veritatis qui at. Fuga est quia tempora. Corporis neque modi laboriosam. Et excepturi perferendis repudiandae sed sed totam tempore cum.', '2016-02-05 07:55:26', '2020-02-14 01:42:48');
INSERT INTO `notifications` (`id`, `user_id`, `title`, `description`, `created_at`, `updated_at`) VALUES (100, 100, 'Ex et impedit reiciendis recusandae.', 'Voluptatem nisi eos quia totam. Sapiente pariatur consequatur odio dolorum enim voluptas. Corporis enim tenetur impedit tempora. Eos nam inventore reprehenderit aliquam. Optio voluptatibus deleniti sed sapiente aut facere est.', '2016-07-24 16:46:01', '2019-12-22 07:05:55');

-- заполнение catalogs

INSERT INTO `catalogs` (`id`, `name`, `created_at`, `updated_at`) VALUES (1, 'Рубашки', '2017-08-31 08:37:02', '2013-09-14 15:53:26');
INSERT INTO `catalogs` (`id`, `name`, `created_at`, `updated_at`) VALUES (2, 'Брюки', '2012-03-20 06:47:32', '2014-02-26 14:05:13');
INSERT INTO `catalogs` (`id`, `name`, `created_at`, `updated_at`) VALUES (3, 'Верхняя одежда', '2010-12-15 22:00:33', '2014-08-20 15:53:07');
INSERT INTO `catalogs` (`id`, `name`, `created_at`, `updated_at`) VALUES (4, 'Шорты', '2017-08-18 08:16:58', '2018-05-09 13:18:45');
INSERT INTO `catalogs` (`id`, `name`, `created_at`, `updated_at`) VALUES (5, 'Свитшоты', '2019-11-19 16:47:53', '2019-02-20 00:54:58');
INSERT INTO `catalogs` (`id`, `name`, `created_at`, `updated_at`) VALUES (6, 'Карнавальные костюмы', '2017-12-19 16:26:31', '2016-08-26 10:40:07');
INSERT INTO `catalogs` (`id`, `name`, `created_at`, `updated_at`) VALUES (7, 'Футболки и майки', '2011-05-27 17:17:13', '2016-03-24 17:29:13');
INSERT INTO `catalogs` (`id`, `name`, `created_at`, `updated_at`) VALUES (8, 'Худи', '2014-07-28 14:26:52', '2011-08-29 08:14:49');
INSERT INTO `catalogs` (`id`, `name`, `created_at`, `updated_at`) VALUES (9, 'Комбинезоны и полукомбинезоны', '2014-04-23 07:50:24', '2015-03-02 06:34:06');
INSERT INTO `catalogs` (`id`, `name`, `created_at`, `updated_at`) VALUES (10, 'Жилеты', '2010-06-29 17:49:48', '2016-10-27 06:53:28');
INSERT INTO `catalogs` (`id`, `name`, `created_at`, `updated_at`) VALUES (11, 'Лонгсливы', '2013-05-13 13:07:02', '2013-04-24 08:27:23');
INSERT INTO `catalogs` (`id`, `name`, `created_at`, `updated_at`) VALUES (12, 'Толстовки', '2012-11-02 15:49:25', '2016-03-27 05:13:14');
INSERT INTO `catalogs` (`id`, `name`, `created_at`, `updated_at`) VALUES (13, 'Костюмы', '2014-03-28 18:03:11', '2015-07-07 09:29:29');
INSERT INTO `catalogs` (`id`, `name`, `created_at`, `updated_at`) VALUES (14, 'Джемперы и кардиганы', '2013-11-12 20:47:24', '2017-12-31 22:01:08');
INSERT INTO `catalogs` (`id`, `name`, `created_at`, `updated_at`) VALUES (15, 'Джинсы', '2014-10-19 08:09:11', '2016-08-07 20:12:47');
INSERT INTO `catalogs` (`id`, `name`, `created_at`, `updated_at`) VALUES (16, 'Водолазки', '2015-04-30 13:27:58', '2016-12-24 05:24:53');
INSERT INTO `catalogs` (`id`, `name`, `created_at`, `updated_at`) VALUES (17, 'Пиджаки и жакеты', '2017-06-23 03:48:32', '2014-12-15 05:33:06');

-- заполнение products

INSERT INTO `products` (`id`, `vendor_code`, `name`, `description`, `available`, `price`, `keywords`, `catalog_id`, `created_at`, `updated_at`) VALUES (1, 78051, 'autem', 'Non sunt non ullam corrupti. Voluptatem sint itaque tempora unde. Quos itaque mollitia in. Dolorem placeat error qui.', 1, '0.00', 'porro', 1, '2018-02-22 03:15:05', '2012-11-12 10:14:51');
INSERT INTO `products` (`id`, `vendor_code`, `name`, `description`, `available`, `price`, `keywords`, `catalog_id`, `created_at`, `updated_at`) VALUES (2, 48164, 'voluptatum', 'Fuga corrupti natus neque qui ut. Accusantium amet et autem quis quam. Repellendus in in aliquam non dignissimos aliquam aut recusandae. Error velit hic qui adipisci aperiam ut aut.', 1, '30648792.30', 'tenetur', 2, '2018-04-30 12:52:57', '2010-06-17 12:46:20');
INSERT INTO `products` (`id`, `vendor_code`, `name`, `description`, `available`, `price`, `keywords`, `catalog_id`, `created_at`, `updated_at`) VALUES (3, 9503, 'veritatis', 'Tempore asperiores aliquid omnis non. Deserunt ut placeat beatae laborum sit. Explicabo voluptatem amet perspiciatis officia voluptatum temporibus. Deserunt quasi atque nobis rerum dolorum.', 1, '15014699.65', 'quod', 3, '2011-03-24 17:42:13', '2014-01-15 02:00:41');
INSERT INTO `products` (`id`, `vendor_code`, `name`, `description`, `available`, `price`, `keywords`, `catalog_id`, `created_at`, `updated_at`) VALUES (4, 17490, 'temporibus', 'Incidunt ipsam atque rerum aut. Et saepe quod ex non ut atque sapiente. Temporibus exercitationem architecto quisquam sit porro dolores.', 1, '7885.56', 'perspiciatis', 4, '2011-11-30 16:36:48', '2012-02-22 13:41:25');
INSERT INTO `products` (`id`, `vendor_code`, `name`, `description`, `available`, `price`, `keywords`, `catalog_id`, `created_at`, `updated_at`) VALUES (5, 15771, 'et', 'Voluptates neque est eum accusamus doloremque corporis. Deserunt sequi sed voluptatem nulla tempore ipsam illo tenetur. In nam deserunt sunt aperiam perferendis expedita.', 1, '0.00', 'maxime', 5, '2016-04-14 21:54:02', '2015-11-27 00:46:06');
INSERT INTO `products` (`id`, `vendor_code`, `name`, `description`, `available`, `price`, `keywords`, `catalog_id`, `created_at`, `updated_at`) VALUES (6, 14121, 'cumque', 'Sed aut unde quod. Quo nam id asperiores. Esse omnis omnis quisquam.', 1, '11582.81', 'accusantium', 6, '2020-03-23 17:47:50', '2011-06-16 07:23:27');
INSERT INTO `products` (`id`, `vendor_code`, `name`, `description`, `available`, `price`, `keywords`, `catalog_id`, `created_at`, `updated_at`) VALUES (7, 28062, 'deleniti', 'Qui aperiam est sunt et aspernatur reprehenderit sed ipsam. Ut officia voluptatem consequatur tempora explicabo deserunt. Temporibus ipsum cumque mollitia soluta officiis est vel. Aut enim ipsa placeat laborum sed vel debitis. In eos aut accusamus sit.', 1, '1173970.27', 'perspiciatis', 7, '2013-09-18 20:41:34', '2016-11-22 09:58:04');
INSERT INTO `products` (`id`, `vendor_code`, `name`, `description`, `available`, `price`, `keywords`, `catalog_id`, `created_at`, `updated_at`) VALUES (8, 23069, 'id', 'Hic doloribus aspernatur ipsa adipisci omnis et ut. Nesciunt reprehenderit non corporis. Sequi est qui quibusdam in. Maiores culpa aut aliquam maiores.', 1, '167432.98', 'illum', 8, '2011-04-25 08:06:24', '2016-11-24 14:36:15');
INSERT INTO `products` (`id`, `vendor_code`, `name`, `description`, `available`, `price`, `keywords`, `catalog_id`, `created_at`, `updated_at`) VALUES (9, 27024, 'iste', 'Ea ut perspiciatis nihil qui ullam. Quam ad et explicabo inventore. Enim modi culpa laudantium magni ea totam.', 1, '31.30', 'laudantium', 9, '2014-09-06 21:36:49', '2017-12-14 14:37:31');
INSERT INTO `products` (`id`, `vendor_code`, `name`, `description`, `available`, `price`, `keywords`, `catalog_id`, `created_at`, `updated_at`) VALUES (10, 50901, 'fugiat', 'Laudantium velit voluptas asperiores impedit. Quam fuga minima necessitatibus molestias. Velit aspernatur minus earum quis placeat atque est. Voluptatem perspiciatis ut quasi ipsam iste perspiciatis ex.', 1, '504.00', 'dignissimos', 10, '2017-04-04 05:00:57', '2015-06-16 13:54:35');
INSERT INTO `products` (`id`, `vendor_code`, `name`, `description`, `available`, `price`, `keywords`, `catalog_id`, `created_at`, `updated_at`) VALUES (11, 82455, 'ut', 'Doloribus quibusdam est et sunt qui. Dignissimos accusantium voluptatem assumenda excepturi aliquam accusamus. Eum dolorem quia sunt nihil reiciendis totam. Rem repellendus mollitia porro natus sed esse nostrum.', 1, '1.15', 'iusto', 11, '2015-05-02 20:35:38', '2014-11-22 06:50:47');
INSERT INTO `products` (`id`, `vendor_code`, `name`, `description`, `available`, `price`, `keywords`, `catalog_id`, `created_at`, `updated_at`) VALUES (12, 12224, 'beatae', 'Reiciendis fugit consequatur eum aperiam animi quia qui. Voluptatibus qui doloremque cumque porro sed velit repudiandae. Voluptatibus voluptate sit ipsam saepe velit veritatis sit. Veniam quia asperiores quia earum sapiente et libero.', 1, '373884086.60', 'quo', 12, '2019-05-12 18:07:52', '2010-05-01 06:18:08');
INSERT INTO `products` (`id`, `vendor_code`, `name`, `description`, `available`, `price`, `keywords`, `catalog_id`, `created_at`, `updated_at`) VALUES (13, 98338, 'optio', 'Reprehenderit quia quos delectus qui. Est laboriosam ut fuga similique. Sed non et et fugit voluptate.', 1, '1.45', 'ut', 13, '2018-01-14 15:57:23', '2018-12-24 23:21:59');
INSERT INTO `products` (`id`, `vendor_code`, `name`, `description`, `available`, `price`, `keywords`, `catalog_id`, `created_at`, `updated_at`) VALUES (14, 84899, 'libero', 'Quia doloribus consequatur voluptas maxime. Molestiae fugiat et et quisquam. Rerum eligendi earum sunt et aut asperiores voluptate eos. Optio consequatur dolorem in nulla vitae. Consequatur velit rerum est voluptatem fugit.', 1, '74.40', 'voluptate', 14, '2013-04-30 04:51:27', '2011-04-09 04:11:44');
INSERT INTO `products` (`id`, `vendor_code`, `name`, `description`, `available`, `price`, `keywords`, `catalog_id`, `created_at`, `updated_at`) VALUES (15, 20388, 'saepe', 'Quia dolorem veritatis error maxime. Odio tempore quis unde at. Quod laborum voluptate quo cupiditate culpa est sed.', 1, '69.74', 'et', 15, '2015-11-12 12:37:06', '2016-09-17 02:44:26');
INSERT INTO `products` (`id`, `vendor_code`, `name`, `description`, `available`, `price`, `keywords`, `catalog_id`, `created_at`, `updated_at`) VALUES (16, 57390, 'asperiores', 'Possimus nulla beatae voluptas officia ad. Ex ea itaque animi corporis eum quis quasi. Omnis commodi unde perferendis voluptatem sit dolorum.', 1, '6723.00', 'dolores', 16, '2016-06-10 08:33:19', '2017-10-17 13:03:12');
INSERT INTO `products` (`id`, `vendor_code`, `name`, `description`, `available`, `price`, `keywords`, `catalog_id`, `created_at`, `updated_at`) VALUES (17, 51266, 'eligendi', 'Quasi iure et sed odit animi. Explicabo sequi voluptatum pariatur rerum aut.', 1, '470776.70', 'omnis', 17, '2019-01-26 08:09:59', '2010-05-26 18:52:17');
INSERT INTO `products` (`id`, `vendor_code`, `name`, `description`, `available`, `price`, `keywords`, `catalog_id`, `created_at`, `updated_at`) VALUES (18, 64262, 'et', 'Ad qui est facere. Et atque fugiat iusto. Ea aut nostrum tempore eius. Repellat eligendi voluptatem at vero.', 1, '0.00', 'est', 1, '2010-06-10 11:14:02', '2010-09-24 09:53:33');
INSERT INTO `products` (`id`, `vendor_code`, `name`, `description`, `available`, `price`, `keywords`, `catalog_id`, `created_at`, `updated_at`) VALUES (19, 15609, 'aut', 'Quis eius et totam mollitia maiores. Repellat veniam sit et rerum aperiam voluptas et blanditiis. Reprehenderit nisi neque rem est voluptas.', 1, '32695726.88', 'voluptas', 2, '2017-10-08 20:18:46', '2017-12-30 16:58:27');
INSERT INTO `products` (`id`, `vendor_code`, `name`, `description`, `available`, `price`, `keywords`, `catalog_id`, `created_at`, `updated_at`) VALUES (20, 23175, 'blanditiis', 'Deleniti sunt commodi esse ad at. Veritatis qui consequatur facilis voluptatem saepe dignissimos laboriosam. Aliquam quidem id quae accusantium minima sint repellat. Illum voluptas amet fuga qui nobis. Sit quia dolor voluptates excepturi facere.', 1, '80.00', 'incidunt', 3, '2018-09-05 04:34:01', '2015-06-11 23:46:09');
INSERT INTO `products` (`id`, `vendor_code`, `name`, `description`, `available`, `price`, `keywords`, `catalog_id`, `created_at`, `updated_at`) VALUES (21, 65142, 'saepe', 'Quae consequatur in reiciendis sint saepe. Ipsam non consectetur labore recusandae. Et aliquid iste magnam possimus. Corporis nostrum dignissimos cumque libero praesentium.', 1, '283317355.71', 'ea', 4, '2011-06-10 11:47:04', '2016-05-24 23:42:08');
INSERT INTO `products` (`id`, `vendor_code`, `name`, `description`, `available`, `price`, `keywords`, `catalog_id`, `created_at`, `updated_at`) VALUES (22, 86763, 'hic', 'Voluptatem consequuntur nulla aut mollitia velit. Porro asperiores reprehenderit id sapiente. Laboriosam rerum dolores quae natus. Vero non molestias aspernatur voluptas maxime asperiores dolor.', 1, '13155.70', 'qui', 5, '2016-07-23 03:28:51', '2013-11-05 21:10:51');
INSERT INTO `products` (`id`, `vendor_code`, `name`, `description`, `available`, `price`, `keywords`, `catalog_id`, `created_at`, `updated_at`) VALUES (23, 84219, 'quos', 'Accusamus quibusdam ut natus sed voluptatem facilis quia eos. Debitis non velit voluptatibus saepe ab inventore. Qui laborum tempora occaecati consequatur facilis. Quo quibusdam quibusdam voluptate corrupti commodi.', 1, '105793.90', 'ut', 6, '2010-12-11 11:53:56', '2011-10-28 15:49:09');
INSERT INTO `products` (`id`, `vendor_code`, `name`, `description`, `available`, `price`, `keywords`, `catalog_id`, `created_at`, `updated_at`) VALUES (24, 4218, 'in', 'Dolores soluta incidunt dolorum totam quis. Dolorem nisi eos inventore earum odit error. Illum dolorum alias officiis quia ad ea.', 1, '40.03', 'non', 7, '2016-08-09 12:03:42', '2015-01-20 02:26:11');
INSERT INTO `products` (`id`, `vendor_code`, `name`, `description`, `available`, `price`, `keywords`, `catalog_id`, `created_at`, `updated_at`) VALUES (25, 4708, 'eaque', 'Recusandae dicta tempore tempore sit doloremque aut. Magnam placeat quisquam tenetur consequatur harum id nihil mollitia. Consectetur quas nihil est rem incidunt et unde. Soluta quos quas ipsam nihil qui.', 1, '0.53', 'facere', 8, '2012-11-13 04:07:21', '2011-05-27 21:59:43');
INSERT INTO `products` (`id`, `vendor_code`, `name`, `description`, `available`, `price`, `keywords`, `catalog_id`, `created_at`, `updated_at`) VALUES (26, 19429, 'sunt', 'Vero quia delectus atque rerum quae quaerat. Vitae nobis quaerat voluptatibus. Earum voluptatum libero nesciunt sed quo veritatis et in.', 1, '1168207.85', 'sunt', 9, '2011-12-15 16:37:16', '2017-03-22 11:21:07');
INSERT INTO `products` (`id`, `vendor_code`, `name`, `description`, `available`, `price`, `keywords`, `catalog_id`, `created_at`, `updated_at`) VALUES (27, 39039, 'sunt', 'Alias itaque non distinctio quia impedit hic earum. Eligendi in est et et neque nam possimus. Dolorem ipsum aut consequuntur consectetur harum.', 1, '689133.12', 'recusandae', 10, '2019-02-03 06:26:22', '2015-10-08 03:27:08');
INSERT INTO `products` (`id`, `vendor_code`, `name`, `description`, `available`, `price`, `keywords`, `catalog_id`, `created_at`, `updated_at`) VALUES (28, 97316, 'error', 'Doloremque iste eos molestiae ea. Similique et nostrum debitis voluptatem voluptas. Sint ab voluptates magni.', 1, '0.23', 'fugit', 11, '2017-03-15 19:38:33', '2018-07-25 04:05:42');
INSERT INTO `products` (`id`, `vendor_code`, `name`, `description`, `available`, `price`, `keywords`, `catalog_id`, `created_at`, `updated_at`) VALUES (29, 60660, 'esse', 'Iste possimus totam dolores facilis dolores. Aspernatur enim ea enim aliquam omnis dolorem. Quidem voluptas occaecati velit commodi temporibus. Culpa nihil cum soluta suscipit laudantium corporis.', 1, '592581.42', 'voluptatem', 12, '2010-04-15 22:08:18', '2016-05-31 19:56:00');
INSERT INTO `products` (`id`, `vendor_code`, `name`, `description`, `available`, `price`, `keywords`, `catalog_id`, `created_at`, `updated_at`) VALUES (30, 1588, 'magni', 'Autem ut excepturi saepe accusantium perferendis. Quia illum ut est praesentium sint ipsam. Inventore at officia iusto quidem in doloribus. Voluptas expedita cum laborum ut ex autem.', 1, '0.00', 'provident', 13, '2018-10-16 17:33:16', '2019-04-01 12:27:57');
INSERT INTO `products` (`id`, `vendor_code`, `name`, `description`, `available`, `price`, `keywords`, `catalog_id`, `created_at`, `updated_at`) VALUES (31, 30985, 'quam', 'At a debitis ex adipisci. Voluptatibus sit possimus voluptatem quasi architecto eius. Sit ullam et ipsum accusantium sapiente aperiam laudantium fugit. Ut architecto occaecati corporis nam placeat et animi.', 1, '512405280.99', 'molestiae', 14, '2014-04-27 05:42:25', '2013-11-08 22:30:18');
INSERT INTO `products` (`id`, `vendor_code`, `name`, `description`, `available`, `price`, `keywords`, `catalog_id`, `created_at`, `updated_at`) VALUES (32, 68927, 'et', 'Ex animi neque nihil expedita sed sunt. Sunt vel nihil aliquam neque voluptas. Non quibusdam asperiores ipsa voluptas.', 1, '2.03', 'eum', 15, '2013-05-25 16:33:42', '2013-02-25 04:31:38');
INSERT INTO `products` (`id`, `vendor_code`, `name`, `description`, `available`, `price`, `keywords`, `catalog_id`, `created_at`, `updated_at`) VALUES (33, 17140, 'quas', 'Dignissimos nisi quis ex hic dolores dolorem. Ut sit voluptas voluptatem reprehenderit voluptatem eveniet. Blanditiis quas saepe culpa aut laboriosam. Ut nulla dicta enim aut consequatur dolor facere sunt.', 1, '543.32', 'rerum', 16, '2016-10-13 04:38:48', '2013-09-25 05:56:23');
INSERT INTO `products` (`id`, `vendor_code`, `name`, `description`, `available`, `price`, `keywords`, `catalog_id`, `created_at`, `updated_at`) VALUES (34, 69100, 'necessitatibus', 'Sequi nisi veniam est. Dolorem harum maxime sunt molestias perspiciatis nostrum. Voluptas non et sed qui rerum et nemo. Labore nesciunt unde dolores laudantium.', 1, '354813.96', 'enim', 17, '2014-09-10 07:13:20', '2012-01-24 20:20:58');
INSERT INTO `products` (`id`, `vendor_code`, `name`, `description`, `available`, `price`, `keywords`, `catalog_id`, `created_at`, `updated_at`) VALUES (35, 39843, 'est', 'In dolore possimus nulla aut fuga. Ut est repudiandae consectetur ullam. Ea qui aut deleniti velit quisquam ex et. Facilis ea dolores ipsam sed et.', 1, '5725837.80', 'quod', 1, '2016-11-15 13:32:25', '2015-11-17 02:30:41');
INSERT INTO `products` (`id`, `vendor_code`, `name`, `description`, `available`, `price`, `keywords`, `catalog_id`, `created_at`, `updated_at`) VALUES (36, 88193, 'totam', 'Necessitatibus perferendis ut dolores quis adipisci iure. Quia rerum nihil quia praesentium tenetur. Officia sint magnam sunt iste alias.', 1, '223610.00', 'et', 2, '2015-04-13 22:39:23', '2018-03-10 08:36:24');
INSERT INTO `products` (`id`, `vendor_code`, `name`, `description`, `available`, `price`, `keywords`, `catalog_id`, `created_at`, `updated_at`) VALUES (37, 5496, 'facere', 'Sit velit sint dolor voluptates in. Beatae qui iure repudiandae laudantium neque et sunt. Accusantium totam illo quaerat similique laborum sit.', 1, '53.80', 'error', 3, '2014-01-27 05:28:52', '2018-11-03 14:57:39');
INSERT INTO `products` (`id`, `vendor_code`, `name`, `description`, `available`, `price`, `keywords`, `catalog_id`, `created_at`, `updated_at`) VALUES (38, 65466, 'voluptatem', 'Laboriosam et quod voluptatem similique omnis sint rem. Quis rerum neque a alias animi ab cupiditate. Non eaque ducimus qui nesciunt quidem sint ut.', 1, '243.97', 'magni', 4, '2012-08-16 15:15:08', '2017-09-06 18:46:36');
INSERT INTO `products` (`id`, `vendor_code`, `name`, `description`, `available`, `price`, `keywords`, `catalog_id`, `created_at`, `updated_at`) VALUES (39, 2391, 'et', 'Eligendi omnis quod animi sunt laudantium alias. Sequi rerum similique asperiores. Sint est fugiat et perspiciatis. Rerum nihil culpa mollitia et dicta sit.', 1, '515538590.65', 'blanditiis', 5, '2018-11-26 14:55:00', '2020-04-08 17:18:27');
INSERT INTO `products` (`id`, `vendor_code`, `name`, `description`, `available`, `price`, `keywords`, `catalog_id`, `created_at`, `updated_at`) VALUES (40, 80263, 'velit', 'Rem at earum ea labore. Ullam fuga illum aut est minima. At quisquam ab expedita aut iste. Aliquid commodi eum error ut in nulla.', 1, '0.56', 'mollitia', 6, '2019-05-01 15:14:15', '2014-05-12 05:45:38');
INSERT INTO `products` (`id`, `vendor_code`, `name`, `description`, `available`, `price`, `keywords`, `catalog_id`, `created_at`, `updated_at`) VALUES (41, 58521, 'qui', 'Facere ea nihil sit. Consectetur praesentium quis sit est aliquid consequatur. Error ducimus beatae similique dolores. Nihil quasi cumque at et nisi omnis illo.', 1, '12.18', 'omnis', 7, '2011-04-06 01:26:54', '2011-05-09 02:54:21');
INSERT INTO `products` (`id`, `vendor_code`, `name`, `description`, `available`, `price`, `keywords`, `catalog_id`, `created_at`, `updated_at`) VALUES (42, 10086, 'vel', 'Aut ratione nesciunt dolor fugit quaerat sit exercitationem. Molestias officia ad repellendus repellat natus consequatur. Commodi rerum minima nemo aliquid commodi et.', 1, '583451207.66', 'dolores', 8, '2011-08-08 02:53:14', '2018-08-19 05:28:44');
INSERT INTO `products` (`id`, `vendor_code`, `name`, `description`, `available`, `price`, `keywords`, `catalog_id`, `created_at`, `updated_at`) VALUES (43, 3215, 'temporibus', 'Architecto ea iste sint dolore voluptatem. Asperiores aut similique in eos quasi ducimus est. In commodi unde iure distinctio eius non rerum totam. Nobis vitae exercitationem vero.', 1, '24.12', 'veritatis', 9, '2011-12-16 01:34:26', '2010-12-09 16:55:11');
INSERT INTO `products` (`id`, `vendor_code`, `name`, `description`, `available`, `price`, `keywords`, `catalog_id`, `created_at`, `updated_at`) VALUES (44, 29576, 'quod', 'Inventore eaque labore itaque reiciendis et ut a. Quisquam beatae est earum minima dolore. Dolorem rerum ut qui et quisquam non non.', 1, '1145.90', 'laborum', 10, '2017-04-23 12:23:22', '2019-11-28 00:44:46');
INSERT INTO `products` (`id`, `vendor_code`, `name`, `description`, `available`, `price`, `keywords`, `catalog_id`, `created_at`, `updated_at`) VALUES (45, 51835, 'autem', 'Sapiente laudantium incidunt et minus. Modi ipsam delectus eveniet impedit dignissimos. Placeat tenetur dolores natus dolorem.', 1, '2698306.17', 'pariatur', 11, '2013-01-27 18:19:05', '2018-04-05 10:00:13');
INSERT INTO `products` (`id`, `vendor_code`, `name`, `description`, `available`, `price`, `keywords`, `catalog_id`, `created_at`, `updated_at`) VALUES (46, 23524, 'alias', 'Sit aliquam nisi sunt autem quia consequatur maxime voluptatum. Dolorem sed adipisci ut voluptates necessitatibus. Voluptate iste laboriosam et dolorum aut. Nesciunt incidunt dicta soluta repellendus commodi totam.', 1, '27142473.70', 'mollitia', 12, '2015-01-01 21:40:04', '2019-11-22 18:30:26');
INSERT INTO `products` (`id`, `vendor_code`, `name`, `description`, `available`, `price`, `keywords`, `catalog_id`, `created_at`, `updated_at`) VALUES (47, 55764, 'earum', 'Vel labore asperiores accusamus magni ipsum est. Magnam aut fugit sequi sapiente aut consectetur. Quam officia nulla explicabo necessitatibus sint. Est corrupti consequuntur voluptas dolorum dicta. Omnis aut ex quibusdam sed enim consectetur.', 1, '78146662.24', 'doloremque', 13, '2015-01-08 03:59:29', '2011-08-02 21:51:55');
INSERT INTO `products` (`id`, `vendor_code`, `name`, `description`, `available`, `price`, `keywords`, `catalog_id`, `created_at`, `updated_at`) VALUES (48, 20781, 'odio', 'Porro debitis voluptate maiores voluptas. Dolores assumenda reprehenderit qui quibusdam.', 1, '1.30', 'recusandae', 14, '2017-06-02 20:53:20', '2014-05-24 03:29:48');
INSERT INTO `products` (`id`, `vendor_code`, `name`, `description`, `available`, `price`, `keywords`, `catalog_id`, `created_at`, `updated_at`) VALUES (49, 94958, 'et', 'Officiis asperiores eum omnis. Aspernatur tempora odio veritatis cupiditate assumenda recusandae consectetur. Fuga natus quia doloribus eos debitis nisi.', 1, '2680.95', 'est', 15, '2019-01-07 10:44:07', '2011-03-18 20:23:51');
INSERT INTO `products` (`id`, `vendor_code`, `name`, `description`, `available`, `price`, `keywords`, `catalog_id`, `created_at`, `updated_at`) VALUES (50, 70818, 'cum', 'Et iusto sequi ex. Laudantium ab tempora amet iure. Sit voluptatem deserunt eos dolores fugit quibusdam. Eligendi nisi aliquid ipsa et. Neque facere est minima quidem.', 1, '79364.36', 'dolore', 16, '2016-10-15 02:04:19', '2010-12-11 13:16:13');
INSERT INTO `products` (`id`, `vendor_code`, `name`, `description`, `available`, `price`, `keywords`, `catalog_id`, `created_at`, `updated_at`) VALUES (51, 52606, 'sit', 'Optio placeat voluptas officiis cumque minus et. Et culpa libero delectus ipsum fuga. Sapiente distinctio aspernatur possimus ipsam.', 1, '158.00', 'minus', 17, '2013-07-03 21:48:55', '2013-02-27 14:11:15');
INSERT INTO `products` (`id`, `vendor_code`, `name`, `description`, `available`, `price`, `keywords`, `catalog_id`, `created_at`, `updated_at`) VALUES (52, 7384, 'itaque', 'Dolores ea debitis quam commodi et. Dignissimos voluptates asperiores neque. A omnis occaecati reprehenderit. Sit et aspernatur et voluptas repellendus.', 1, '2.20', 'dolor', 1, '2019-06-26 02:53:04', '2020-04-06 21:53:58');
INSERT INTO `products` (`id`, `vendor_code`, `name`, `description`, `available`, `price`, `keywords`, `catalog_id`, `created_at`, `updated_at`) VALUES (53, 18446, 'consequatur', 'Dolores consequuntur debitis unde molestiae illo quis eligendi. Illum quia ullam dolorum. Velit cumque hic sed quas quia provident tempore.', 1, '4692090.65', 'vel', 2, '2011-11-04 14:11:34', '2017-01-25 19:25:04');
INSERT INTO `products` (`id`, `vendor_code`, `name`, `description`, `available`, `price`, `keywords`, `catalog_id`, `created_at`, `updated_at`) VALUES (54, 22114, 'quo', 'Laboriosam aut voluptatem iure voluptate quia totam. Nihil cupiditate dolor culpa. Consequuntur nihil tenetur et ut voluptas. Porro est et dignissimos dolore laudantium illum. Impedit neque qui tenetur nostrum soluta atque.', 1, '3.19', 'maxime', 3, '2018-02-16 07:06:34', '2014-02-06 03:33:49');
INSERT INTO `products` (`id`, `vendor_code`, `name`, `description`, `available`, `price`, `keywords`, `catalog_id`, `created_at`, `updated_at`) VALUES (55, 93389, 'maxime', 'Voluptas aliquid magnam voluptatum laboriosam voluptatem labore magnam. Enim et molestias nemo accusantium unde. Cum natus ipsum reprehenderit sunt. Minima accusamus repudiandae esse. Laboriosam dolores id ab cupiditate adipisci.', 1, '7257913.00', 'enim', 4, '2012-04-28 06:10:34', '2012-10-27 04:47:25');
INSERT INTO `products` (`id`, `vendor_code`, `name`, `description`, `available`, `price`, `keywords`, `catalog_id`, `created_at`, `updated_at`) VALUES (56, 32974, 'non', 'Omnis rem assumenda eveniet quos. Magnam qui similique laboriosam. Accusamus architecto occaecati doloribus asperiores sit earum. Provident asperiores sunt occaecati est ea.', 1, '195030355.00', 'tempora', 5, '2016-10-06 19:26:37', '2017-08-12 12:22:20');
INSERT INTO `products` (`id`, `vendor_code`, `name`, `description`, `available`, `price`, `keywords`, `catalog_id`, `created_at`, `updated_at`) VALUES (57, 68901, 'eaque', 'Optio blanditiis consectetur voluptate dolor ut officiis maxime. Culpa sed quia ut possimus fuga amet. Corporis dicta quibusdam et saepe ipsum. Omnis dolor minus saepe beatae et.', 1, '8600946.28', 'culpa', 6, '2014-10-20 13:08:15', '2016-09-11 05:48:32');
INSERT INTO `products` (`id`, `vendor_code`, `name`, `description`, `available`, `price`, `keywords`, `catalog_id`, `created_at`, `updated_at`) VALUES (58, 17801, 'doloremque', 'Temporibus enim reprehenderit nulla eius nostrum nihil ea. Voluptate ut accusamus qui odio quia cum asperiores. Temporibus dolores possimus quis dignissimos. Minus debitis sed blanditiis tempore omnis.', 1, '23137513.45', 'veritatis', 7, '2014-07-27 15:10:27', '2012-02-17 23:23:34');
INSERT INTO `products` (`id`, `vendor_code`, `name`, `description`, `available`, `price`, `keywords`, `catalog_id`, `created_at`, `updated_at`) VALUES (59, 23231, 'impedit', 'Nam nesciunt voluptatem dolore quia rerum est ullam. Voluptatum aperiam repellendus consectetur maiores. Mollitia inventore maxime aut odio. Repellat ipsam voluptatem ut modi omnis accusantium laboriosam eos.', 1, '36331.47', 'unde', 8, '2010-12-25 16:29:43', '2015-02-05 02:57:15');
INSERT INTO `products` (`id`, `vendor_code`, `name`, `description`, `available`, `price`, `keywords`, `catalog_id`, `created_at`, `updated_at`) VALUES (60, 77975, 'autem', 'Et nesciunt occaecati praesentium. Voluptatem et blanditiis facere ipsa in iusto. Qui sed vero aspernatur saepe est est sed enim. Similique facere quia architecto nobis porro omnis.', 1, '248540854.51', 'quod', 9, '2015-11-13 10:56:30', '2014-06-08 20:40:11');
INSERT INTO `products` (`id`, `vendor_code`, `name`, `description`, `available`, `price`, `keywords`, `catalog_id`, `created_at`, `updated_at`) VALUES (61, 18532, 'temporibus', 'Nisi ex officia aut provident error blanditiis animi. Iusto ut non incidunt et dignissimos libero est.', 1, '45506.84', 'rerum', 10, '2013-03-25 23:23:46', '2011-11-08 20:58:26');
INSERT INTO `products` (`id`, `vendor_code`, `name`, `description`, `available`, `price`, `keywords`, `catalog_id`, `created_at`, `updated_at`) VALUES (62, 59967, 'quia', 'Accusamus dolores ut amet dolorem. Nemo ducimus autem voluptatem. Reprehenderit incidunt nisi fuga rerum. Aliquid atque non sunt.', 1, '9.05', 'laudantium', 11, '2011-04-04 20:53:50', '2015-10-27 08:53:24');
INSERT INTO `products` (`id`, `vendor_code`, `name`, `description`, `available`, `price`, `keywords`, `catalog_id`, `created_at`, `updated_at`) VALUES (63, 92236, 'ipsa', 'Aliquam perspiciatis consequatur temporibus fugit. Fugiat magnam rerum ut non provident nihil. Velit veritatis voluptatem velit qui. Vel non doloribus deleniti sunt nihil ducimus enim magnam.', 1, '56076.30', 'ut', 12, '2019-07-12 17:25:17', '2015-04-25 18:14:44');
INSERT INTO `products` (`id`, `vendor_code`, `name`, `description`, `available`, `price`, `keywords`, `catalog_id`, `created_at`, `updated_at`) VALUES (64, 72228, 'quae', 'Molestias harum vel quo eos. Sint necessitatibus fugiat harum cum molestias quidem totam ipsum. Qui aut et eos suscipit. Voluptatum et mollitia possimus qui suscipit.', 1, '600.33', 'qui', 13, '2019-07-17 06:28:43', '2015-10-15 19:42:48');
INSERT INTO `products` (`id`, `vendor_code`, `name`, `description`, `available`, `price`, `keywords`, `catalog_id`, `created_at`, `updated_at`) VALUES (65, 65567, 'consequatur', 'Qui expedita delectus voluptatem placeat eius nihil sequi quae. Odit voluptatum omnis excepturi id mollitia harum. Animi minus autem amet repellat ea ratione. Commodi quibusdam vel similique.', 1, '5.06', 'qui', 14, '2010-08-13 22:43:07', '2016-05-10 10:21:51');
INSERT INTO `products` (`id`, `vendor_code`, `name`, `description`, `available`, `price`, `keywords`, `catalog_id`, `created_at`, `updated_at`) VALUES (66, 99045, 'fugit', 'Nobis nihil modi commodi eius. Alias numquam excepturi rerum optio debitis. Ex non ipsam nulla est delectus accusantium sint.', 1, '81.86', 'et', 15, '2010-09-27 14:16:01', '2012-02-28 09:21:14');
INSERT INTO `products` (`id`, `vendor_code`, `name`, `description`, `available`, `price`, `keywords`, `catalog_id`, `created_at`, `updated_at`) VALUES (67, 7023, 'dolor', 'Dolor velit quo repudiandae qui. Dolorem non impedit ut ut veritatis ut eum. Et odit expedita et. A et sed vel deleniti repudiandae nesciunt sunt. Ratione fugiat dolores adipisci.', 1, '487268.87', 'consequuntur', 16, '2010-06-01 13:20:46', '2010-07-30 17:07:58');
INSERT INTO `products` (`id`, `vendor_code`, `name`, `description`, `available`, `price`, `keywords`, `catalog_id`, `created_at`, `updated_at`) VALUES (68, 9294, 'explicabo', 'Optio dolores sapiente voluptatem aut aut. Molestiae rerum vitae sit molestiae fugiat sed. Aliquam qui eum et ipsa. Et sed ea repellendus aspernatur voluptatem.', 1, '81424848.06', 'praesentium', 17, '2017-01-13 00:56:35', '2013-04-20 13:24:13');
INSERT INTO `products` (`id`, `vendor_code`, `name`, `description`, `available`, `price`, `keywords`, `catalog_id`, `created_at`, `updated_at`) VALUES (69, 80105, 'assumenda', 'Est consequatur quo suscipit ut voluptatum. Inventore quis debitis delectus laboriosam ex minima. Distinctio voluptatem ipsa quo aut impedit ipsum et. Error veniam cupiditate deleniti iste voluptas. Sed est sit sed tempora voluptas similique quia.', 1, '55023038.26', 'accusantium', 1, '2018-09-15 12:08:35', '2020-03-05 14:02:43');
INSERT INTO `products` (`id`, `vendor_code`, `name`, `description`, `available`, `price`, `keywords`, `catalog_id`, `created_at`, `updated_at`) VALUES (70, 29292, 'ipsa', 'Dolores est voluptas et. Vero quisquam laboriosam suscipit temporibus. Eum amet assumenda aliquam est vero.', 1, '0.00', 'incidunt', 2, '2014-10-22 16:54:12', '2015-12-03 10:50:32');
INSERT INTO `products` (`id`, `vendor_code`, `name`, `description`, `available`, `price`, `keywords`, `catalog_id`, `created_at`, `updated_at`) VALUES (71, 64328, 'nisi', 'Assumenda hic voluptatem ullam omnis totam. Iure unde sunt alias deleniti est facilis aut. Autem asperiores quis aut ut. Consequatur maiores ratione temporibus et.', 1, '1290016.74', 'magnam', 3, '2016-07-28 06:00:20', '2014-04-10 04:55:39');
INSERT INTO `products` (`id`, `vendor_code`, `name`, `description`, `available`, `price`, `keywords`, `catalog_id`, `created_at`, `updated_at`) VALUES (72, 79144, 'ullam', 'Dolor voluptas maiores facilis nisi rerum voluptatem consequatur. Quo minima quia voluptates qui tenetur at est mollitia. Delectus debitis hic accusantium iste aspernatur provident qui. Quam dignissimos molestias et nihil in nostrum impedit sequi.', 1, '56173977.23', 'enim', 4, '2019-10-11 00:20:18', '2019-03-13 03:43:51');
INSERT INTO `products` (`id`, `vendor_code`, `name`, `description`, `available`, `price`, `keywords`, `catalog_id`, `created_at`, `updated_at`) VALUES (73, 6538, 'unde', 'Animi excepturi iusto vero inventore eos a dolorem. Ipsa aut qui ut inventore natus impedit. Impedit et magni nisi ducimus repellendus. Ex est iste perferendis soluta occaecati occaecati et.', 1, '465905.59', 'alias', 5, '2015-12-28 18:40:32', '2011-11-16 16:24:46');
INSERT INTO `products` (`id`, `vendor_code`, `name`, `description`, `available`, `price`, `keywords`, `catalog_id`, `created_at`, `updated_at`) VALUES (74, 9873, 'maxime', 'Odio sapiente incidunt quia est voluptas beatae. Esse sit optio totam voluptate vero. Modi et quod repellendus sed amet assumenda.', 1, '1783.52', 'suscipit', 6, '2015-05-05 21:16:09', '2013-11-25 13:40:08');
INSERT INTO `products` (`id`, `vendor_code`, `name`, `description`, `available`, `price`, `keywords`, `catalog_id`, `created_at`, `updated_at`) VALUES (75, 3941, 'corrupti', 'Incidunt aut commodi reprehenderit iste. Quibusdam sint quas at neque repellat. In libero quasi possimus ipsam rerum sint.', 1, '0.00', 'id', 7, '2013-08-09 21:04:36', '2016-03-26 14:58:58');
INSERT INTO `products` (`id`, `vendor_code`, `name`, `description`, `available`, `price`, `keywords`, `catalog_id`, `created_at`, `updated_at`) VALUES (76, 61832, 'accusamus', 'Omnis eos excepturi numquam. Id nobis distinctio voluptate cumque ad. Perspiciatis aut doloribus tempora et nobis aut. Et voluptas molestiae voluptas sed ratione aliquid. Maxime qui consectetur magni qui.', 1, '327586254.00', 'dolorem', 8, '2019-06-28 11:40:53', '2013-06-14 18:47:40');
INSERT INTO `products` (`id`, `vendor_code`, `name`, `description`, `available`, `price`, `keywords`, `catalog_id`, `created_at`, `updated_at`) VALUES (77, 8729, 'aspernatur', 'Non vero aut consequatur iste odit dolores. Voluptates atque corrupti mollitia aliquid culpa quod. Reprehenderit facere ut architecto quibusdam aut eius ex.', 1, '9579699.58', 'facere', 9, '2012-06-06 22:02:38', '2016-05-17 08:13:29');
INSERT INTO `products` (`id`, `vendor_code`, `name`, `description`, `available`, `price`, `keywords`, `catalog_id`, `created_at`, `updated_at`) VALUES (78, 13975, 'ea', 'In sed aliquam nihil omnis dolores autem quis. Eum nam veritatis est adipisci. Eius in laborum repellat necessitatibus. Error omnis praesentium ad et.', 1, '6496157.10', 'aspernatur', 10, '2018-04-03 06:03:54', '2019-10-14 12:07:37');
INSERT INTO `products` (`id`, `vendor_code`, `name`, `description`, `available`, `price`, `keywords`, `catalog_id`, `created_at`, `updated_at`) VALUES (79, 49843, 'dolor', 'Sequi commodi praesentium doloribus impedit voluptatem consequatur incidunt. Vitae harum animi ut dolorum occaecati eos nostrum. Nesciunt adipisci dolor natus delectus. Repudiandae soluta at non ipsam. Modi modi consequatur eos sit nulla et.', 1, '11716.18', 'doloribus', 11, '2013-10-11 20:38:10', '2011-12-16 15:34:28');
INSERT INTO `products` (`id`, `vendor_code`, `name`, `description`, `available`, `price`, `keywords`, `catalog_id`, `created_at`, `updated_at`) VALUES (80, 15418, 'incidunt', 'Aut animi modi officiis error et voluptatibus et harum. Laboriosam eum beatae vel enim. Ut aut voluptatem consectetur aut sit. Perferendis exercitationem libero ducimus iure soluta.', 1, '527252.84', 'vitae', 12, '2012-05-09 13:52:18', '2011-04-28 23:52:21');
INSERT INTO `products` (`id`, `vendor_code`, `name`, `description`, `available`, `price`, `keywords`, `catalog_id`, `created_at`, `updated_at`) VALUES (81, 43176, 'illum', 'Totam sint sint quis ipsum alias dicta ex. Et reiciendis exercitationem dolores natus amet numquam cupiditate.', 1, '0.00', 'consequatur', 13, '2014-12-15 06:13:51', '2011-01-21 11:02:20');
INSERT INTO `products` (`id`, `vendor_code`, `name`, `description`, `available`, `price`, `keywords`, `catalog_id`, `created_at`, `updated_at`) VALUES (82, 14830, 'ratione', 'Dicta eos dolorum eum velit. Sit architecto tempore aut libero debitis. Quo fugiat exercitationem repellat est qui illum placeat. Libero aliquam alias molestiae laudantium qui facere. Ea sed sed provident qui harum sunt error.', 1, '22.70', 'vel', 14, '2013-05-29 10:53:04', '2018-07-17 09:40:39');
INSERT INTO `products` (`id`, `vendor_code`, `name`, `description`, `available`, `price`, `keywords`, `catalog_id`, `created_at`, `updated_at`) VALUES (83, 94739, 'laborum', 'Maiores esse quibusdam velit animi. Quia explicabo nihil sed molestiae possimus aliquid praesentium voluptatem. Blanditiis totam rerum velit quos et.', 1, '304491795.92', 'eos', 15, '2016-11-02 04:40:18', '2014-03-04 16:57:41');
INSERT INTO `products` (`id`, `vendor_code`, `name`, `description`, `available`, `price`, `keywords`, `catalog_id`, `created_at`, `updated_at`) VALUES (84, 99701, 'quod', 'Accusantium voluptatem odit amet. Asperiores voluptas iste autem quia est.', 1, '0.50', 'ad', 16, '2012-09-21 18:24:58', '2015-01-02 01:43:02');
INSERT INTO `products` (`id`, `vendor_code`, `name`, `description`, `available`, `price`, `keywords`, `catalog_id`, `created_at`, `updated_at`) VALUES (85, 62021, 'quos', 'Ullam corrupti neque eligendi dolores. Corrupti vel dolorem ad ea autem.', 1, '50680.03', 'est', 17, '2010-06-10 00:19:40', '2014-07-27 14:33:06');
INSERT INTO `products` (`id`, `vendor_code`, `name`, `description`, `available`, `price`, `keywords`, `catalog_id`, `created_at`, `updated_at`) VALUES (86, 14595, 'perspiciatis', 'Ducimus et perspiciatis corrupti dolorum quas quia. Recusandae tempora et officiis excepturi magni quos.', 1, '2747.32', 'placeat', 1, '2018-12-26 13:10:55', '2018-04-27 05:42:54');
INSERT INTO `products` (`id`, `vendor_code`, `name`, `description`, `available`, `price`, `keywords`, `catalog_id`, `created_at`, `updated_at`) VALUES (87, 37298, 'minus', 'Eum in tempore consequatur dolores ipsum iure pariatur nam. Non sed accusamus vel et. Qui quia rerum incidunt sequi quia.', 1, '250.17', 'possimus', 2, '2014-07-30 11:02:14', '2010-09-26 11:55:40');
INSERT INTO `products` (`id`, `vendor_code`, `name`, `description`, `available`, `price`, `keywords`, `catalog_id`, `created_at`, `updated_at`) VALUES (88, 98732, 'itaque', 'Corporis magnam maxime rem qui. Fuga et et non rerum ratione incidunt. Quasi recusandae eum vero blanditiis ea.', 1, '1.95', 'nihil', 3, '2016-10-22 23:16:47', '2015-12-19 10:39:59');
INSERT INTO `products` (`id`, `vendor_code`, `name`, `description`, `available`, `price`, `keywords`, `catalog_id`, `created_at`, `updated_at`) VALUES (89, 96716, 'tempore', 'Sint praesentium magnam recusandae perspiciatis veritatis sequi suscipit veniam. Ratione animi et illo vel. Reprehenderit soluta totam enim ut accusantium.', 1, '0.00', 'quo', 4, '2015-12-26 04:35:26', '2011-03-31 09:23:45');
INSERT INTO `products` (`id`, `vendor_code`, `name`, `description`, `available`, `price`, `keywords`, `catalog_id`, `created_at`, `updated_at`) VALUES (90, 27001, 'explicabo', 'Corrupti similique accusamus nostrum dolore. Voluptas est at quas est dolorem veritatis et ut. Quia dolor quidem aliquam tempora aut praesentium. Quaerat iure deserunt qui commodi quis.', 1, '10.82', 'unde', 5, '2020-02-01 03:24:38', '2015-07-25 10:16:04');
INSERT INTO `products` (`id`, `vendor_code`, `name`, `description`, `available`, `price`, `keywords`, `catalog_id`, `created_at`, `updated_at`) VALUES (91, 15266, 'aut', 'Dolore incidunt est voluptas et velit quae ratione. In tempora laboriosam molestiae reprehenderit sed. Illo vitae magni culpa aut neque eum. Delectus eveniet fugit numquam omnis. Veniam aut voluptate sunt repudiandae doloremque atque eos harum.', 1, '3707170.16', 'natus', 6, '2018-10-06 03:15:40', '2010-07-16 17:14:51');
INSERT INTO `products` (`id`, `vendor_code`, `name`, `description`, `available`, `price`, `keywords`, `catalog_id`, `created_at`, `updated_at`) VALUES (92, 85242, 'in', 'Consequatur ad repellendus voluptate voluptatum. Laboriosam error suscipit quia minima et voluptatem aut. Nisi ducimus necessitatibus porro ipsa. Ab nulla atque consequatur fugit sunt animi.', 1, '22.40', 'voluptatem', 7, '2011-04-26 03:05:21', '2015-12-05 04:28:44');
INSERT INTO `products` (`id`, `vendor_code`, `name`, `description`, `available`, `price`, `keywords`, `catalog_id`, `created_at`, `updated_at`) VALUES (93, 33028, 'optio', 'Officia voluptatem perspiciatis dolorem rerum accusamus iste. Molestias sint explicabo et ullam. Sint molestias sit neque labore. Nam qui nam sint consequuntur aut et aspernatur. Tempore unde pariatur est molestiae voluptatem.', 1, '21781.00', 'dolorem', 8, '2016-12-19 21:10:54', '2016-05-14 16:42:45');
INSERT INTO `products` (`id`, `vendor_code`, `name`, `description`, `available`, `price`, `keywords`, `catalog_id`, `created_at`, `updated_at`) VALUES (94, 49049, 'dicta', 'Adipisci eius placeat omnis accusamus ut illo ratione vel. Consequatur pariatur quo qui ullam. Expedita id dolor et.', 1, '5.99', 'dolorem', 9, '2015-06-12 21:16:07', '2011-08-17 00:28:13');
INSERT INTO `products` (`id`, `vendor_code`, `name`, `description`, `available`, `price`, `keywords`, `catalog_id`, `created_at`, `updated_at`) VALUES (95, 67379, 'nemo', 'Beatae sed ut est enim aut deleniti. Doloremque voluptatem quisquam et quisquam maiores fugiat. Et eveniet nesciunt aspernatur nobis molestiae. Ut ut sed non est porro a non.', 1, '1593600.19', 'eaque', 10, '2017-06-11 15:16:02', '2017-03-04 01:49:41');
INSERT INTO `products` (`id`, `vendor_code`, `name`, `description`, `available`, `price`, `keywords`, `catalog_id`, `created_at`, `updated_at`) VALUES (96, 63554, 'tenetur', 'Nulla ratione tenetur repudiandae quaerat sit voluptatibus aperiam. Placeat et voluptas vel unde repudiandae. Quo labore voluptatem eum quaerat. Quis porro vero alias dolorem.', 1, '7274.80', 'qui', 11, '2015-01-01 15:46:35', '2018-03-04 08:42:58');
INSERT INTO `products` (`id`, `vendor_code`, `name`, `description`, `available`, `price`, `keywords`, `catalog_id`, `created_at`, `updated_at`) VALUES (97, 65969, 'aliquid', 'Voluptatibus occaecati sint natus officiis perspiciatis deleniti. At voluptas quibusdam modi officiis error dolorem distinctio. Nulla quibusdam quaerat tempora sapiente consectetur labore. Minima impedit nesciunt porro voluptatum rerum occaecati.', 1, '2628.30', 'eos', 12, '2010-12-24 08:16:39', '2010-10-13 20:12:06');
INSERT INTO `products` (`id`, `vendor_code`, `name`, `description`, `available`, `price`, `keywords`, `catalog_id`, `created_at`, `updated_at`) VALUES (98, 44187, 'ea', 'Et ipsa esse vel aut recusandae laudantium. Sit veniam omnis quibusdam quo iste. Nobis veniam ipsa esse dicta.', 1, '63702620.29', 'eum', 13, '2011-09-07 16:59:27', '2016-04-25 20:30:43');
INSERT INTO `products` (`id`, `vendor_code`, `name`, `description`, `available`, `price`, `keywords`, `catalog_id`, `created_at`, `updated_at`) VALUES (99, 11029, 'repellat', 'Laudantium quod et nulla cupiditate sunt possimus. Rerum veniam voluptatum incidunt dignissimos dolorem et unde. Esse voluptatibus aut blanditiis consectetur reiciendis.', 1, '2067904.32', 'dolorem', 14, '2014-11-07 08:51:22', '2011-09-13 12:39:21');
INSERT INTO `products` (`id`, `vendor_code`, `name`, `description`, `available`, `price`, `keywords`, `catalog_id`, `created_at`, `updated_at`) VALUES (100, 60646, 'ut', 'Et a quos qui pariatur minus sint neque. Quia ipsum atque pariatur dicta quam sed. Vel quos ea ut laudantium autem.', 1, '50.36', 'perferendis', 15, '2020-03-13 13:54:38', '2011-12-09 13:32:42');

-- заполнение product_properties

INSERT INTO `product_properties` (`product_id`, `gender`, `property_name`, `property_value`, `property_price`) VALUES (1, 'm', 'omnis', 'Nostrum omnis veritatis molestiae maxime harum dolorem iure.', '63881.40');
INSERT INTO `product_properties` (`product_id`, `gender`, `property_name`, `property_value`, `property_price`) VALUES (2, 'f', 'odit', 'In id ea sint consequatur omnis nihil.', '2319.54');
INSERT INTO `product_properties` (`product_id`, `gender`, `property_name`, `property_value`, `property_price`) VALUES (3, 'm', 'sed', 'Reiciendis excepturi rerum iusto nihil soluta ut.', '0.00');
INSERT INTO `product_properties` (`product_id`, `gender`, `property_name`, `property_value`, `property_price`) VALUES (4, 'm', 'magni', 'Rerum dolores voluptatem porro atque qui.', '0.00');
INSERT INTO `product_properties` (`product_id`, `gender`, `property_name`, `property_value`, `property_price`) VALUES (5, 'f', 'mollitia', 'Et velit aut doloremque est praesentium.', '0.00');
INSERT INTO `product_properties` (`product_id`, `gender`, `property_name`, `property_value`, `property_price`) VALUES (6, 'm', 'quisquam', 'Quas veniam officia eos qui.', '1988.76');
INSERT INTO `product_properties` (`product_id`, `gender`, `property_name`, `property_value`, `property_price`) VALUES (7, 'm', 'soluta', 'Aut ipsa corporis enim repellat ea exercitationem et.', '370108445.39');
INSERT INTO `product_properties` (`product_id`, `gender`, `property_name`, `property_value`, `property_price`) VALUES (8, 'm', 'reiciendis', 'At eius recusandae praesentium quo dolorem totam.', '0.00');
INSERT INTO `product_properties` (`product_id`, `gender`, `property_name`, `property_value`, `property_price`) VALUES (9, 'm', 'modi', 'Doloribus doloribus quisquam qui et et.', '0.00');
INSERT INTO `product_properties` (`product_id`, `gender`, `property_name`, `property_value`, `property_price`) VALUES (10, 'f', 'exercitationem', 'Repellat inventore aut est et.', '5122843.76');
INSERT INTO `product_properties` (`product_id`, `gender`, `property_name`, `property_value`, `property_price`) VALUES (11, 'f', 'culpa', 'Dolor cum voluptatum fugit quo et et et.', '0.00');
INSERT INTO `product_properties` (`product_id`, `gender`, `property_name`, `property_value`, `property_price`) VALUES (12, 'f', 'dolor', 'Voluptatum perspiciatis repudiandae delectus ipsam qui recusandae nam rerum.', '0.00');
INSERT INTO `product_properties` (`product_id`, `gender`, `property_name`, `property_value`, `property_price`) VALUES (13, 'm', 'autem', 'Ut dignissimos fuga quos est vel.', '1880.95');
INSERT INTO `product_properties` (`product_id`, `gender`, `property_name`, `property_value`, `property_price`) VALUES (14, 'f', 'magnam', 'Quis ea maxime delectus.', '456888407.82');
INSERT INTO `product_properties` (`product_id`, `gender`, `property_name`, `property_value`, `property_price`) VALUES (15, 'f', 'molestias', 'Quia nihil a ipsam ut.', '11053.23');
INSERT INTO `product_properties` (`product_id`, `gender`, `property_name`, `property_value`, `property_price`) VALUES (16, 'm', 'non', 'Aut laudantium quasi nemo aut ad.', '1728274.00');
INSERT INTO `product_properties` (`product_id`, `gender`, `property_name`, `property_value`, `property_price`) VALUES (17, 'f', 'voluptas', 'Voluptates culpa quidem ullam perferendis culpa est illo.', '309.66');
INSERT INTO `product_properties` (`product_id`, `gender`, `property_name`, `property_value`, `property_price`) VALUES (18, 'm', 'eum', 'Odit laboriosam est distinctio cum.', '3902754.76');
INSERT INTO `product_properties` (`product_id`, `gender`, `property_name`, `property_value`, `property_price`) VALUES (19, 'f', 'dignissimos', 'Voluptas dolor est quia adipisci aliquam molestiae.', '0.00');
INSERT INTO `product_properties` (`product_id`, `gender`, `property_name`, `property_value`, `property_price`) VALUES (20, 'm', 'necessitatibus', 'Magnam consequatur qui eveniet explicabo veritatis id.', '16021.57');
INSERT INTO `product_properties` (`product_id`, `gender`, `property_name`, `property_value`, `property_price`) VALUES (21, 'm', 'dicta', 'Sunt et at iusto sint praesentium.', '0.00');
INSERT INTO `product_properties` (`product_id`, `gender`, `property_name`, `property_value`, `property_price`) VALUES (22, 'f', 'sint', 'Modi delectus cupiditate voluptatem ullam quam.', '0.00');
INSERT INTO `product_properties` (`product_id`, `gender`, `property_name`, `property_value`, `property_price`) VALUES (23, 'm', 'veniam', 'Nam quis eius delectus.', '0.00');
INSERT INTO `product_properties` (`product_id`, `gender`, `property_name`, `property_value`, `property_price`) VALUES (24, 'f', 'nihil', 'Voluptatibus omnis esse hic cum dolor nihil.', '0.00');
INSERT INTO `product_properties` (`product_id`, `gender`, `property_name`, `property_value`, `property_price`) VALUES (25, 'f', 'nihil', 'Labore mollitia ut repudiandae placeat dolores quasi.', '0.00');
INSERT INTO `product_properties` (`product_id`, `gender`, `property_name`, `property_value`, `property_price`) VALUES (26, 'm', 'aliquam', 'Vel maxime voluptate laboriosam aut ipsam commodi qui.', '0.00');
INSERT INTO `product_properties` (`product_id`, `gender`, `property_name`, `property_value`, `property_price`) VALUES (27, 'm', 'doloribus', 'Voluptatem quis sed consectetur saepe sint est.', '0.00');
INSERT INTO `product_properties` (`product_id`, `gender`, `property_name`, `property_value`, `property_price`) VALUES (28, 'f', 'adipisci', 'Nisi aspernatur cupiditate ut veniam eum.', '410238.40');
INSERT INTO `product_properties` (`product_id`, `gender`, `property_name`, `property_value`, `property_price`) VALUES (29, 'f', 'minus', 'Aut velit molestiae enim impedit qui.', '315499843.00');
INSERT INTO `product_properties` (`product_id`, `gender`, `property_name`, `property_value`, `property_price`) VALUES (30, 'f', 'omnis', 'Quisquam excepturi excepturi harum sed quaerat illum.', '34.91');
INSERT INTO `product_properties` (`product_id`, `gender`, `property_name`, `property_value`, `property_price`) VALUES (31, 'm', 'a', 'Fuga corporis est tempore praesentium.', '0.00');
INSERT INTO `product_properties` (`product_id`, `gender`, `property_name`, `property_value`, `property_price`) VALUES (32, 'f', 'illum', 'Ut non fugiat qui sunt harum accusantium aut.', '0.00');
INSERT INTO `product_properties` (`product_id`, `gender`, `property_name`, `property_value`, `property_price`) VALUES (33, 'm', 'tenetur', 'Mollitia consequatur unde repudiandae vero voluptate ad est.', '0.00');
INSERT INTO `product_properties` (`product_id`, `gender`, `property_name`, `property_value`, `property_price`) VALUES (34, 'f', 'laborum', 'Odit dignissimos dolorem suscipit earum ea voluptates sed.', '0.00');
INSERT INTO `product_properties` (`product_id`, `gender`, `property_name`, `property_value`, `property_price`) VALUES (35, 'm', 'ducimus', 'Similique quibusdam ex quibusdam tenetur amet est.', '0.00');
INSERT INTO `product_properties` (`product_id`, `gender`, `property_name`, `property_value`, `property_price`) VALUES (36, 'm', 'quibusdam', 'Dolorem corporis rerum tempora molestias.', '0.00');
INSERT INTO `product_properties` (`product_id`, `gender`, `property_name`, `property_value`, `property_price`) VALUES (37, 'f', 'officiis', 'Doloremque magni est et id et numquam autem.', '3030.35');
INSERT INTO `product_properties` (`product_id`, `gender`, `property_name`, `property_value`, `property_price`) VALUES (38, 'f', 'aut', 'Possimus veniam animi quisquam mollitia officiis ducimus natus.', '822767.46');
INSERT INTO `product_properties` (`product_id`, `gender`, `property_name`, `property_value`, `property_price`) VALUES (39, 'm', 'quia', 'Et et et quo quas architecto eos.', '0.00');
INSERT INTO `product_properties` (`product_id`, `gender`, `property_name`, `property_value`, `property_price`) VALUES (40, 'm', 'ipsam', 'Sit eveniet distinctio veniam et.', '0.00');
INSERT INTO `product_properties` (`product_id`, `gender`, `property_name`, `property_value`, `property_price`) VALUES (41, 'f', 'repudiandae', 'Sapiente delectus sapiente similique unde incidunt est.', '2166.23');
INSERT INTO `product_properties` (`product_id`, `gender`, `property_name`, `property_value`, `property_price`) VALUES (42, 'm', 'ut', 'Repellat sed aliquid velit non reiciendis inventore eveniet.', '0.00');
INSERT INTO `product_properties` (`product_id`, `gender`, `property_name`, `property_value`, `property_price`) VALUES (43, 'f', 'molestiae', 'Cumque quas aut hic ullam dolor.', '0.00');
INSERT INTO `product_properties` (`product_id`, `gender`, `property_name`, `property_value`, `property_price`) VALUES (44, 'm', 'atque', 'Ut optio totam sed modi maiores quod aut.', '0.00');
INSERT INTO `product_properties` (`product_id`, `gender`, `property_name`, `property_value`, `property_price`) VALUES (45, 'm', 'voluptatem', 'Adipisci qui et ut sed cum veritatis voluptatem esse.', '3481.00');
INSERT INTO `product_properties` (`product_id`, `gender`, `property_name`, `property_value`, `property_price`) VALUES (46, 'f', 'eaque', 'Dolore et sunt ipsam.', '0.00');
INSERT INTO `product_properties` (`product_id`, `gender`, `property_name`, `property_value`, `property_price`) VALUES (47, 'f', 'et', 'Ut mollitia vel magnam vel maiores sed.', '0.00');
INSERT INTO `product_properties` (`product_id`, `gender`, `property_name`, `property_value`, `property_price`) VALUES (48, 'f', 'autem', 'Sit tempora et dolores aut cum accusamus.', '0.00');
INSERT INTO `product_properties` (`product_id`, `gender`, `property_name`, `property_value`, `property_price`) VALUES (49, 'f', 'nesciunt', 'Natus dolore doloremque atque et ut sed sed.', '0.00');
INSERT INTO `product_properties` (`product_id`, `gender`, `property_name`, `property_value`, `property_price`) VALUES (50, 'm', 'enim', 'Dolores sit dolores ut quis.', '1278.60');
INSERT INTO `product_properties` (`product_id`, `gender`, `property_name`, `property_value`, `property_price`) VALUES (51, 'm', 'voluptatum', 'Assumenda accusantium aut consequatur earum asperiores ratione dicta.', '17.51');
INSERT INTO `product_properties` (`product_id`, `gender`, `property_name`, `property_value`, `property_price`) VALUES (52, 'm', 'in', 'Velit vel nesciunt et.', '0.00');
INSERT INTO `product_properties` (`product_id`, `gender`, `property_name`, `property_value`, `property_price`) VALUES (53, 'f', 'porro', 'Corrupti autem beatae officia fuga dolor asperiores minima.', '0.00');
INSERT INTO `product_properties` (`product_id`, `gender`, `property_name`, `property_value`, `property_price`) VALUES (54, 'f', 'et', 'Ut repellat dignissimos dolore ab.', '0.00');
INSERT INTO `product_properties` (`product_id`, `gender`, `property_name`, `property_value`, `property_price`) VALUES (55, 'm', 'sequi', 'Tenetur et cum ut.', '861.67');
INSERT INTO `product_properties` (`product_id`, `gender`, `property_name`, `property_value`, `property_price`) VALUES (56, 'm', 'quod', 'Dolorum ea ut repudiandae cupiditate assumenda.', '0.00');
INSERT INTO `product_properties` (`product_id`, `gender`, `property_name`, `property_value`, `property_price`) VALUES (57, 'm', 'qui', 'Et animi ab veniam repellendus explicabo occaecati alias laboriosam.', '0.00');
INSERT INTO `product_properties` (`product_id`, `gender`, `property_name`, `property_value`, `property_price`) VALUES (58, 'f', 'quasi', 'Sequi sint incidunt ut et quaerat quo omnis.', '0.00');
INSERT INTO `product_properties` (`product_id`, `gender`, `property_name`, `property_value`, `property_price`) VALUES (59, 'm', 'temporibus', 'Ipsam quis nesciunt est impedit fugiat.', '3.92');
INSERT INTO `product_properties` (`product_id`, `gender`, `property_name`, `property_value`, `property_price`) VALUES (60, 'm', 'debitis', 'Illo sed sequi rerum molestiae est perferendis.', '0.00');
INSERT INTO `product_properties` (`product_id`, `gender`, `property_name`, `property_value`, `property_price`) VALUES (61, 'm', 'ut', 'Qui omnis molestias asperiores laudantium sint.', '0.00');
INSERT INTO `product_properties` (`product_id`, `gender`, `property_name`, `property_value`, `property_price`) VALUES (62, 'f', 'qui', 'Possimus perspiciatis quia est est dolorem.', '14.97');
INSERT INTO `product_properties` (`product_id`, `gender`, `property_name`, `property_value`, `property_price`) VALUES (63, 'm', 'dolor', 'Suscipit harum praesentium eius aut possimus sunt odit.', '322.08');
INSERT INTO `product_properties` (`product_id`, `gender`, `property_name`, `property_value`, `property_price`) VALUES (64, 'm', 'doloribus', 'Est et pariatur expedita qui quisquam minus natus.', '0.30');
INSERT INTO `product_properties` (`product_id`, `gender`, `property_name`, `property_value`, `property_price`) VALUES (65, 'f', 'rerum', 'Accusamus modi earum et omnis rerum dolorum voluptatibus est.', '513948.73');
INSERT INTO `product_properties` (`product_id`, `gender`, `property_name`, `property_value`, `property_price`) VALUES (66, 'm', 'distinctio', 'Veniam quia tempora hic veniam voluptatem dolorem voluptate quisquam.', '0.00');
INSERT INTO `product_properties` (`product_id`, `gender`, `property_name`, `property_value`, `property_price`) VALUES (67, 'f', 'minus', 'Fugit quod dicta quae ducimus distinctio dignissimos incidunt.', '10.90');
INSERT INTO `product_properties` (`product_id`, `gender`, `property_name`, `property_value`, `property_price`) VALUES (68, 'f', 'saepe', 'Voluptates voluptatem eum quasi est corporis maxime asperiores.', '0.00');
INSERT INTO `product_properties` (`product_id`, `gender`, `property_name`, `property_value`, `property_price`) VALUES (69, 'f', 'eius', 'Consequatur dolorem saepe ut nisi eveniet.', '3019.79');
INSERT INTO `product_properties` (`product_id`, `gender`, `property_name`, `property_value`, `property_price`) VALUES (70, 'f', 'at', 'Aut consequuntur animi est est et eveniet rem.', '501793.92');
INSERT INTO `product_properties` (`product_id`, `gender`, `property_name`, `property_value`, `property_price`) VALUES (71, 'f', 'distinctio', 'Illo harum rerum cupiditate ex asperiores.', '0.00');
INSERT INTO `product_properties` (`product_id`, `gender`, `property_name`, `property_value`, `property_price`) VALUES (72, 'f', 'dicta', 'Ipsum dolores corrupti consequatur facere qui tempora.', '0.00');
INSERT INTO `product_properties` (`product_id`, `gender`, `property_name`, `property_value`, `property_price`) VALUES (73, 'f', 'itaque', 'Vero voluptatem ea ab omnis culpa tenetur porro est.', '0.00');
INSERT INTO `product_properties` (`product_id`, `gender`, `property_name`, `property_value`, `property_price`) VALUES (74, 'm', 'voluptates', 'Consequatur quidem vitae labore.', '0.00');
INSERT INTO `product_properties` (`product_id`, `gender`, `property_name`, `property_value`, `property_price`) VALUES (75, 'f', 'non', 'Dignissimos voluptatem laborum maiores consectetur.', '0.00');
INSERT INTO `product_properties` (`product_id`, `gender`, `property_name`, `property_value`, `property_price`) VALUES (76, 'f', 'animi', 'Similique omnis asperiores iusto dolor.', '4.13');
INSERT INTO `product_properties` (`product_id`, `gender`, `property_name`, `property_value`, `property_price`) VALUES (77, 'f', 'accusamus', 'Nostrum molestiae quasi autem vitae eos.', '0.00');
INSERT INTO `product_properties` (`product_id`, `gender`, `property_name`, `property_value`, `property_price`) VALUES (78, 'f', 'doloribus', 'Qui omnis asperiores neque sunt officia occaecati dolorem.', '0.00');
INSERT INTO `product_properties` (`product_id`, `gender`, `property_name`, `property_value`, `property_price`) VALUES (79, 'm', 'enim', 'Quidem et a eos quas laudantium.', '0.00');
INSERT INTO `product_properties` (`product_id`, `gender`, `property_name`, `property_value`, `property_price`) VALUES (80, 'm', 'dolorem', 'Ut assumenda dolor deserunt blanditiis.', '0.00');
INSERT INTO `product_properties` (`product_id`, `gender`, `property_name`, `property_value`, `property_price`) VALUES (81, 'm', 'aliquam', 'Ipsam sequi qui explicabo est quisquam.', '0.00');
INSERT INTO `product_properties` (`product_id`, `gender`, `property_name`, `property_value`, `property_price`) VALUES (82, 'm', 'accusantium', 'Ab dicta reiciendis suscipit sint laborum.', '2581.47');
INSERT INTO `product_properties` (`product_id`, `gender`, `property_name`, `property_value`, `property_price`) VALUES (83, 'm', 'necessitatibus', 'Quia veritatis qui praesentium modi.', '0.00');
INSERT INTO `product_properties` (`product_id`, `gender`, `property_name`, `property_value`, `property_price`) VALUES (84, 'f', 'repellat', 'Sint incidunt suscipit rerum tempora rerum delectus nihil temporibus.', '0.00');
INSERT INTO `product_properties` (`product_id`, `gender`, `property_name`, `property_value`, `property_price`) VALUES (85, 'm', 'et', 'Mollitia dolores odit aut sed tempore quibusdam molestiae.', '0.00');
INSERT INTO `product_properties` (`product_id`, `gender`, `property_name`, `property_value`, `property_price`) VALUES (86, 'f', 'aliquam', 'Ut quia dicta provident blanditiis voluptas accusantium.', '0.00');
INSERT INTO `product_properties` (`product_id`, `gender`, `property_name`, `property_value`, `property_price`) VALUES (87, 'f', 'corrupti', 'Cupiditate necessitatibus rerum reprehenderit facilis est distinctio.', '0.00');
INSERT INTO `product_properties` (`product_id`, `gender`, `property_name`, `property_value`, `property_price`) VALUES (88, 'f', 'perspiciatis', 'Cupiditate natus ratione enim.', '2.66');
INSERT INTO `product_properties` (`product_id`, `gender`, `property_name`, `property_value`, `property_price`) VALUES (89, 'f', 'natus', 'Laborum et facere tempore nesciunt.', '27.00');
INSERT INTO `product_properties` (`product_id`, `gender`, `property_name`, `property_value`, `property_price`) VALUES (90, 'f', 'consequatur', 'Excepturi et repellendus vel ut sed numquam.', '31.39');
INSERT INTO `product_properties` (`product_id`, `gender`, `property_name`, `property_value`, `property_price`) VALUES (91, 'm', 'optio', 'Vitae ab est aut voluptatem et necessitatibus.', '0.00');
INSERT INTO `product_properties` (`product_id`, `gender`, `property_name`, `property_value`, `property_price`) VALUES (92, 'f', 'inventore', 'Ratione dolor et dolore molestiae eveniet.', '62895.00');
INSERT INTO `product_properties` (`product_id`, `gender`, `property_name`, `property_value`, `property_price`) VALUES (93, 'm', 'repellat', 'Voluptatem porro accusantium aliquid aut laboriosam.', '0.00');
INSERT INTO `product_properties` (`product_id`, `gender`, `property_name`, `property_value`, `property_price`) VALUES (94, 'f', 'inventore', 'Ut doloremque asperiores harum sint dolorem quia soluta.', '443.26');
INSERT INTO `product_properties` (`product_id`, `gender`, `property_name`, `property_value`, `property_price`) VALUES (95, 'f', 'eveniet', 'Et iure blanditiis voluptatem dolor quo qui voluptas.', '16892.69');
INSERT INTO `product_properties` (`product_id`, `gender`, `property_name`, `property_value`, `property_price`) VALUES (96, 'm', 'veritatis', 'Non nemo nulla aut ea.', '0.00');
INSERT INTO `product_properties` (`product_id`, `gender`, `property_name`, `property_value`, `property_price`) VALUES (97, 'f', 'laudantium', 'Officia provident quo et quas.', '8573849.90');
INSERT INTO `product_properties` (`product_id`, `gender`, `property_name`, `property_value`, `property_price`) VALUES (98, 'm', 'ut', 'Voluptate sapiente id eos debitis.', '0.00');
INSERT INTO `product_properties` (`product_id`, `gender`, `property_name`, `property_value`, `property_price`) VALUES (99, 'm', 'ex', 'Odio et fuga blanditiis non tempore laboriosam.', '4.54');
INSERT INTO `product_properties` (`product_id`, `gender`, `property_name`, `property_value`, `property_price`) VALUES (100, 'm', 'reprehenderit', 'Quibusdam et eveniet nulla et.', '0.00');

-- заполнение payment_types

INSERT INTO `payment_types` (`id`, `name`, `created_at`, `updated_at`) VALUES (1, 1, '2010-10-26 16:54:24', '2014-02-24 19:35:17');
INSERT INTO `payment_types` (`id`, `name`, `created_at`, `updated_at`) VALUES (2, 2, '2017-11-22 01:48:45', '2012-06-28 08:32:07');
INSERT INTO `payment_types` (`id`, `name`, `created_at`, `updated_at`) VALUES (3, 3, '2014-12-23 14:09:29', '2010-08-10 18:13:10');

-- заполнение delivery_methods

INSERT INTO `delivery_methods` (`id`, `name`, `created_at`, `updated_at`) VALUES (1, 1, '2010-12-17 18:55:24', '2018-03-24 04:29:03');
INSERT INTO `delivery_methods` (`id`, `name`, `created_at`, `updated_at`) VALUES (2, 2, '2017-01-05 18:34:16', '2012-10-09 09:16:08');

-- заполнение delivery_services

INSERT INTO `delivery_services` (`id`, `name`, `city`, `address`, `phone`, `created_at`, `updated_at`) VALUES (1, 'et', 'Terryfort', '77543 Schaefer Road Suite 900\nStiedemannbury, OH 56848', '302-141-2265x28', '2016-08-16 01:30:16', '2017-12-04 14:07:03');
INSERT INTO `delivery_services` (`id`, `name`, `city`, `address`, `phone`, `created_at`, `updated_at`) VALUES (2, 'quod', 'McDermottbury', '4078 Destany Turnpike\nZachariahburgh, HI 56521', '+15(2)918649948', '2016-03-18 11:45:37', '2012-01-27 04:59:07');
INSERT INTO `delivery_services` (`id`, `name`, `city`, `address`, `phone`, `created_at`, `updated_at`) VALUES (3, 'ex', 'Willardborough', '859 Watsica Ford Apt. 496\nRunolfssonhaven, VT 66730', '475-082-3320x98', '2015-04-03 16:43:45', '2010-09-19 11:21:53');
INSERT INTO `delivery_services` (`id`, `name`, `city`, `address`, `phone`, `created_at`, `updated_at`) VALUES (4, 'est', 'South Heaven', '0611 Hyatt Loaf\nEast Ambrose, AK 41958', '1-930-585-1687x', '2015-11-02 22:48:52', '2019-03-02 18:37:59');
INSERT INTO `delivery_services` (`id`, `name`, `city`, `address`, `phone`, `created_at`, `updated_at`) VALUES (5, 'doloribus', 'Lake Sigurdmouth', '9378 Mohamed Camp Apt. 704\nMervinview, FL 10364', '071-152-1765', '2012-01-02 09:41:42', '2017-01-09 13:17:45');
INSERT INTO `delivery_services` (`id`, `name`, `city`, `address`, `phone`, `created_at`, `updated_at`) VALUES (6, 'facilis', 'Lake Johnathonfort', '0418 Tillman Vista\nEast Nedrahaven, OK 33653-5572', '(269)740-8450x4', '2019-07-29 19:04:48', '2016-11-25 12:34:11');
INSERT INTO `delivery_services` (`id`, `name`, `city`, `address`, `phone`, `created_at`, `updated_at`) VALUES (7, 'totam', 'Alysaville', '0452 Marge Path Suite 618\nWehnerville, WY 26873', '1-273-714-6351', '2017-02-01 04:58:54', '2018-03-15 22:54:41');
INSERT INTO `delivery_services` (`id`, `name`, `city`, `address`, `phone`, `created_at`, `updated_at`) VALUES (8, 'non', 'Marinafurt', '65137 Bradford Heights\nNorth Trace, OH 98890', '01041004439', '2014-02-21 04:37:21', '2015-12-12 10:49:17');
INSERT INTO `delivery_services` (`id`, `name`, `city`, `address`, `phone`, `created_at`, `updated_at`) VALUES (9, 'sed', 'Wiegandborough', '22080 Pascale Spur\nAndreannestad, CO 97554-4389', '(750)688-9284x4', '2017-07-20 03:23:57', '2019-12-30 01:25:58');
INSERT INTO `delivery_services` (`id`, `name`, `city`, `address`, `phone`, `created_at`, `updated_at`) VALUES (10, 'dolore', 'Kshlerinfort', '9855 John Prairie\nPacochachester, VT 15216', '964.868.8609x33', '2017-01-12 22:06:28', '2011-03-31 12:02:45');
INSERT INTO `delivery_services` (`id`, `name`, `city`, `address`, `phone`, `created_at`, `updated_at`) VALUES (11, 'asperiores', 'Yasminport', '71057 Mills Forge\nHahnfort, AK 94134-4223', '776.116.8528x96', '2014-12-06 21:50:26', '2013-05-10 22:10:47');
INSERT INTO `delivery_services` (`id`, `name`, `city`, `address`, `phone`, `created_at`, `updated_at`) VALUES (12, 'consectetur', 'Kutchburgh', '3944 Elenor Manor Suite 487\nMorganport, CO 41264', '1-233-091-9525', '2015-07-20 22:23:15', '2014-08-21 22:23:50');
INSERT INTO `delivery_services` (`id`, `name`, `city`, `address`, `phone`, `created_at`, `updated_at`) VALUES (13, 'nihil', 'Port Brionna', '82862 Wintheiser Island\nWest Ernest, WA 85462', '157-038-0265x24', '2014-11-29 15:24:19', '2014-12-13 10:33:56');
INSERT INTO `delivery_services` (`id`, `name`, `city`, `address`, `phone`, `created_at`, `updated_at`) VALUES (14, 'officiis', 'Fritschberg', '740 Cummerata Cliff Apt. 900\nFadelview, VA 76332', '+71(3)837947863', '2019-09-12 09:26:30', '2012-09-18 13:34:44');
INSERT INTO `delivery_services` (`id`, `name`, `city`, `address`, `phone`, `created_at`, `updated_at`) VALUES (15, 'nulla', 'East Litzytown', '80498 Benjamin Branch Suite 038\nMannberg, WY 37973', '09740816219', '2017-01-18 14:13:27', '2012-07-01 09:55:25');
INSERT INTO `delivery_services` (`id`, `name`, `city`, `address`, `phone`, `created_at`, `updated_at`) VALUES (16, 'blanditiis', 'Mertzmouth', '3812 Samson Ramp Apt. 484\nWest Darenberg, NV 77975-4905', '+27(5)956900616', '2019-01-07 21:20:49', '2012-01-21 05:43:35');
INSERT INTO `delivery_services` (`id`, `name`, `city`, `address`, `phone`, `created_at`, `updated_at`) VALUES (17, 'veritatis', 'Littelfurt', '641 Greenholt Gardens Suite 275\nEast Rydermouth, WA 17002', '07187303229', '2011-03-15 18:16:25', '2011-07-14 14:04:57');
INSERT INTO `delivery_services` (`id`, `name`, `city`, `address`, `phone`, `created_at`, `updated_at`) VALUES (18, 'corrupti', 'Donnyshire', '155 Runte Cape\nWest Flo, OR 54394-8545', '(155)634-3258', '2019-01-14 14:41:12', '2016-06-15 17:47:00');
INSERT INTO `delivery_services` (`id`, `name`, `city`, `address`, `phone`, `created_at`, `updated_at`) VALUES (19, 'fuga', 'Isabellashire', '31278 Nannie Gardens\nGrantburgh, OK 88842', '1-999-919-8887x', '2013-06-05 19:44:09', '2013-03-22 18:04:48');
INSERT INTO `delivery_services` (`id`, `name`, `city`, `address`, `phone`, `created_at`, `updated_at`) VALUES (20, 'praesentium', 'New Marjorieview', '311 Lebsack Common Apt. 308\nRutheshire, WI 96816-6961', '1-835-203-9760', '2013-06-17 22:20:20', '2017-09-06 07:25:32');
INSERT INTO `delivery_services` (`id`, `name`, `city`, `address`, `phone`, `created_at`, `updated_at`) VALUES (21, 'laudantium', 'Quigleyville', '6765 O\'Keefe Union\nNorth Rosetta, CT 35205', '305.385.4664x13', '2015-12-19 11:14:30', '2015-09-17 04:55:22');
INSERT INTO `delivery_services` (`id`, `name`, `city`, `address`, `phone`, `created_at`, `updated_at`) VALUES (22, 'dicta', 'Pfefferfurt', '5287 Grimes Cove\nBrookeside, VT 94796-1507', '1-356-698-5113', '2013-08-30 04:03:47', '2014-02-06 11:10:02');
INSERT INTO `delivery_services` (`id`, `name`, `city`, `address`, `phone`, `created_at`, `updated_at`) VALUES (23, 'minima', 'Carolinahaven', '3278 Ruecker Mall Suite 524\nNew Javon, NE 11709-5269', '1-194-915-9967x', '2019-11-02 23:47:15', '2018-07-25 00:33:44');
INSERT INTO `delivery_services` (`id`, `name`, `city`, `address`, `phone`, `created_at`, `updated_at`) VALUES (24, 'aspernatur', 'North Ramonachester', '58672 Jamar Lodge\nArjunfurt, AK 88473', '853-047-9137x11', '2010-06-17 03:51:03', '2011-01-22 12:53:23');
INSERT INTO `delivery_services` (`id`, `name`, `city`, `address`, `phone`, `created_at`, `updated_at`) VALUES (25, 'aliquid', 'Elissaside', '4538 Cameron Squares\nSouth Marshallland, WI 37391', '1-205-514-3661x', '2017-05-30 10:15:07', '2016-10-06 17:41:20');
INSERT INTO `delivery_services` (`id`, `name`, `city`, `address`, `phone`, `created_at`, `updated_at`) VALUES (26, 'neque', 'Runolfssonville', '325 Lakin Stream\nPort Baron, AZ 71412', '742-583-2651x43', '2013-06-06 01:13:10', '2020-04-06 05:11:40');
INSERT INTO `delivery_services` (`id`, `name`, `city`, `address`, `phone`, `created_at`, `updated_at`) VALUES (27, 'iste', 'Strackehaven', '3465 Porter Vista Suite 166\nNorth Tina, OR 40997', '870.431.2826x35', '2015-06-22 09:15:48', '2018-12-23 03:43:23');
INSERT INTO `delivery_services` (`id`, `name`, `city`, `address`, `phone`, `created_at`, `updated_at`) VALUES (28, 'facere', 'West Darrenhaven', '2908 Weimann Summit\nRoweland, WI 91702', '211.568.3919x17', '2020-03-25 21:48:57', '2019-08-12 00:35:09');
INSERT INTO `delivery_services` (`id`, `name`, `city`, `address`, `phone`, `created_at`, `updated_at`) VALUES (29, 'tempore', 'Buckridgeville', '646 Kirlin Cove\nNorth Leximouth, KY 87939-7294', '985-979-5101x95', '2019-09-11 07:11:22', '2014-10-06 13:59:29');
INSERT INTO `delivery_services` (`id`, `name`, `city`, `address`, `phone`, `created_at`, `updated_at`) VALUES (30, 'eum', 'Morissettefurt', '2414 Eliseo Gardens Suite 988\nCarolineborough, MO 25776', '(943)492-8897x8', '2012-11-29 04:54:29', '2014-04-25 05:32:19');
INSERT INTO `delivery_services` (`id`, `name`, `city`, `address`, `phone`, `created_at`, `updated_at`) VALUES (31, 'recusandae', 'North Clovisbury', '4396 Alex Greens\nEast Nicolas, TX 80195-6002', '+99(4)806511242', '2012-11-19 11:24:39', '2019-04-04 05:32:54');
INSERT INTO `delivery_services` (`id`, `name`, `city`, `address`, `phone`, `created_at`, `updated_at`) VALUES (32, 'fugit', 'West Demetrius', '860 O\'Keefe Crossing\nMcLaughlinmouth, NM 64377-3849', '06185542335', '2019-10-27 10:12:37', '2016-12-03 05:08:13');
INSERT INTO `delivery_services` (`id`, `name`, `city`, `address`, `phone`, `created_at`, `updated_at`) VALUES (33, 'quibusdam', 'Waelchiborough', '8800 Rowe Squares Apt. 251\nWillowfort, VA 49309', '(246)931-4047x8', '2017-04-25 06:36:30', '2011-11-15 19:49:39');
INSERT INTO `delivery_services` (`id`, `name`, `city`, `address`, `phone`, `created_at`, `updated_at`) VALUES (34, 'quidem', 'West Kalebury', '7774 Bechtelar Groves\nAllyfurt, OR 53903-3902', '(632)638-0867', '2011-06-02 02:12:37', '2015-11-21 00:52:21');
INSERT INTO `delivery_services` (`id`, `name`, `city`, `address`, `phone`, `created_at`, `updated_at`) VALUES (35, 'dignissimos', 'North Kieratown', '9840 Gleason Throughway Apt. 967\nRosamondtown, ME 35917-0791', '092.768.7089x56', '2017-08-17 16:54:20', '2017-05-10 04:41:21');
INSERT INTO `delivery_services` (`id`, `name`, `city`, `address`, `phone`, `created_at`, `updated_at`) VALUES (36, 'numquam', 'New Delia', '494 Velda Lane Apt. 234\nEast Laurianeview, GA 46470', '366.257.1409x48', '2019-07-02 18:03:06', '2014-11-05 14:07:41');
INSERT INTO `delivery_services` (`id`, `name`, `city`, `address`, `phone`, `created_at`, `updated_at`) VALUES (37, 'ea', 'Corneliusport', '35025 Konopelski Park Suite 265\nPort Maurice, TN 05591', '032-919-0471x56', '2017-05-13 12:42:29', '2017-08-08 16:16:30');
INSERT INTO `delivery_services` (`id`, `name`, `city`, `address`, `phone`, `created_at`, `updated_at`) VALUES (38, 'fugiat', 'West Earnestchester', '286 Nathen View\nLittleshire, MI 15278-6347', '(106)344-8122x7', '2018-09-27 22:10:25', '2014-05-19 07:11:39');
INSERT INTO `delivery_services` (`id`, `name`, `city`, `address`, `phone`, `created_at`, `updated_at`) VALUES (39, 'quia', 'Elliston', '8053 Janiya Land\nValerieberg, AL 44642-2203', '(499)443-9026x1', '2017-08-30 13:48:47', '2017-02-16 19:49:34');
INSERT INTO `delivery_services` (`id`, `name`, `city`, `address`, `phone`, `created_at`, `updated_at`) VALUES (40, 'consequatur', 'Stammbury', '46240 Tre Hill\nPort Chasitybury, IA 55788-8007', '(502)104-8677x3', '2016-01-19 23:25:57', '2018-05-22 03:15:38');
INSERT INTO `delivery_services` (`id`, `name`, `city`, `address`, `phone`, `created_at`, `updated_at`) VALUES (41, 'amet', 'Spencerstad', '217 Oleta Ports Apt. 541\nTheoland, CO 61888', '688.256.4130', '2016-03-31 09:28:38', '2011-06-10 01:26:37');
INSERT INTO `delivery_services` (`id`, `name`, `city`, `address`, `phone`, `created_at`, `updated_at`) VALUES (42, 'quasi', 'North Donato', '613 Dewitt Meadow\nNorth Mattfort, IL 46753-5928', '1-681-294-1070x', '2011-05-21 14:08:44', '2013-01-20 17:33:36');
INSERT INTO `delivery_services` (`id`, `name`, `city`, `address`, `phone`, `created_at`, `updated_at`) VALUES (43, 'ad', 'Darianachester', '152 Christine Stravenue Suite 223\nBergstromside, NJ 64990-5729', '541-556-1003x50', '2011-02-27 06:47:52', '2012-09-30 19:23:53');
INSERT INTO `delivery_services` (`id`, `name`, `city`, `address`, `phone`, `created_at`, `updated_at`) VALUES (44, 'enim', 'North Noeliahaven', '88740 Boyer Walks Apt. 116\nJaunitaview, MS 52587', '+35(8)823277115', '2014-10-18 00:43:37', '2013-09-12 06:19:11');
INSERT INTO `delivery_services` (`id`, `name`, `city`, `address`, `phone`, `created_at`, `updated_at`) VALUES (45, 'voluptatibus', 'Port Erna', '293 Ritchie Common\nNorth Justinefort, MS 09555-0684', '425.235.6051x11', '2010-07-15 23:19:09', '2016-04-15 08:06:10');
INSERT INTO `delivery_services` (`id`, `name`, `city`, `address`, `phone`, `created_at`, `updated_at`) VALUES (46, 'nisi', 'Thaliahaven', '1221 Dach Mission\nLake Mina, MD 82309', '(297)768-8078x3', '2017-04-27 01:20:06', '2019-08-28 10:02:17');
INSERT INTO `delivery_services` (`id`, `name`, `city`, `address`, `phone`, `created_at`, `updated_at`) VALUES (47, 'modi', 'Genovevatown', '80929 Joana Underpass Apt. 847\nLake Chaz, AK 30070-6691', '00682994043', '2017-01-04 01:36:24', '2013-11-08 00:08:46');
INSERT INTO `delivery_services` (`id`, `name`, `city`, `address`, `phone`, `created_at`, `updated_at`) VALUES (48, 'laborum', 'North Demarcusport', '689 Hudson Street Suite 317\nEast Mckenzie, NY 98625', '139.580.4156x61', '2012-04-30 00:30:58', '2013-04-08 21:18:39');
INSERT INTO `delivery_services` (`id`, `name`, `city`, `address`, `phone`, `created_at`, `updated_at`) VALUES (49, 'earum', 'Russelview', '702 Shemar Club\nNorth Dawn, MA 33286', '616.977.2759x80', '2012-12-01 04:00:00', '2011-08-29 02:11:00');
INSERT INTO `delivery_services` (`id`, `name`, `city`, `address`, `phone`, `created_at`, `updated_at`) VALUES (50, 'debitis', 'West Vanessaberg', '3221 Corwin Causeway Apt. 040\nNorth Elwynmouth, WI 67351-6867', '(047)885-3406', '2018-11-06 16:31:08', '2015-08-05 13:05:54');
INSERT INTO `delivery_services` (`id`, `name`, `city`, `address`, `phone`, `created_at`, `updated_at`) VALUES (51, 'sint', 'South Leolafort', '4070 Pete Crossing Suite 262\nAronberg, DE 71509-5276', '231.989.3605x50', '2017-07-29 17:54:03', '2015-03-15 10:51:12');
INSERT INTO `delivery_services` (`id`, `name`, `city`, `address`, `phone`, `created_at`, `updated_at`) VALUES (52, 'natus', 'Port Jennietown', '8149 Friesen Parks\nMyaview, PA 83825', '575-256-6385', '2013-03-29 14:00:49', '2015-05-31 17:08:04');
INSERT INTO `delivery_services` (`id`, `name`, `city`, `address`, `phone`, `created_at`, `updated_at`) VALUES (53, 'ut', 'North Donaldstad', '699 Clementina Ways Suite 697\nNorth Broderick, NM 94772-6318', '(660)114-0761x7', '2016-08-21 12:59:30', '2018-10-24 23:31:38');
INSERT INTO `delivery_services` (`id`, `name`, `city`, `address`, `phone`, `created_at`, `updated_at`) VALUES (54, 'commodi', 'South Leannview', '58939 Hoppe Mountains Suite 912\nWadefort, TX 69441-8549', '+26(5)547193026', '2011-10-05 04:38:58', '2016-06-04 21:07:42');
INSERT INTO `delivery_services` (`id`, `name`, `city`, `address`, `phone`, `created_at`, `updated_at`) VALUES (55, 'quos', 'South Moriah', '16497 Bridie Village\nCarmelhaven, NY 66691', '560.162.8766', '2018-07-13 02:09:19', '2013-12-04 16:48:11');
INSERT INTO `delivery_services` (`id`, `name`, `city`, `address`, `phone`, `created_at`, `updated_at`) VALUES (56, 'qui', 'East Deonte', '4637 Stanley Loaf Apt. 981\nMacejkovicberg, FL 82091-3227', '579.637.7608x94', '2019-11-08 12:08:11', '2010-08-05 14:32:01');
INSERT INTO `delivery_services` (`id`, `name`, `city`, `address`, `phone`, `created_at`, `updated_at`) VALUES (57, 'explicabo', 'Gretchenfort', '680 Blanda Crossroad Suite 852\nLake Sydnie, MI 19437-2665', '1-439-435-5209x', '2017-04-15 18:15:35', '2011-06-07 21:22:48');
INSERT INTO `delivery_services` (`id`, `name`, `city`, `address`, `phone`, `created_at`, `updated_at`) VALUES (58, 'velit', 'North Idellview', '43966 Price Cliff\nNew Adele, WV 74993-4667', '+86(7)234181356', '2014-10-20 19:23:14', '2018-08-15 09:16:51');
INSERT INTO `delivery_services` (`id`, `name`, `city`, `address`, `phone`, `created_at`, `updated_at`) VALUES (59, 'nemo', 'Augustachester', '26209 Cleveland Cliff\nEast Nia, IL 27577-2304', '(848)138-1274', '2011-04-10 04:45:21', '2013-04-01 01:07:07');
INSERT INTO `delivery_services` (`id`, `name`, `city`, `address`, `phone`, `created_at`, `updated_at`) VALUES (60, 'sunt', 'Lydiaton', '0366 Schimmel Plaza\nNorth Candido, PA 39146-5594', '1-341-576-3414x', '2013-05-18 11:11:06', '2012-05-22 12:06:40');
INSERT INTO `delivery_services` (`id`, `name`, `city`, `address`, `phone`, `created_at`, `updated_at`) VALUES (61, 'quisquam', 'Lake Ryley', '52159 Emmerich Land\nNorth Rogelioborough, IN 45637', '553.662.6791x95', '2019-02-27 16:43:54', '2019-09-09 05:53:26');
INSERT INTO `delivery_services` (`id`, `name`, `city`, `address`, `phone`, `created_at`, `updated_at`) VALUES (62, 'aut', 'Sterlingmouth', '09344 Gustave Spurs Apt. 621\nNelleton, MD 01150-3395', '836.348.3820x21', '2019-10-22 14:53:33', '2019-09-14 23:28:24');
INSERT INTO `delivery_services` (`id`, `name`, `city`, `address`, `phone`, `created_at`, `updated_at`) VALUES (63, 'in', 'Goldnertown', '963 Miller Expressway Apt. 111\nMarkusland, ID 65103-9916', '1-041-337-5986', '2012-06-03 20:43:01', '2019-10-15 23:27:36');
INSERT INTO `delivery_services` (`id`, `name`, `city`, `address`, `phone`, `created_at`, `updated_at`) VALUES (64, 'eligendi', 'Robelfort', '09865 Flatley Gateway Apt. 385\nTamiaberg, NY 61767-0153', '799-080-7124', '2014-03-01 15:59:41', '2014-04-10 20:57:42');
INSERT INTO `delivery_services` (`id`, `name`, `city`, `address`, `phone`, `created_at`, `updated_at`) VALUES (65, 'autem', 'Hilariochester', '83138 Littel Rapid Suite 901\nWalterville, AZ 49677-4610', '1-128-016-0909', '2010-11-22 07:08:16', '2018-07-29 11:03:10');
INSERT INTO `delivery_services` (`id`, `name`, `city`, `address`, `phone`, `created_at`, `updated_at`) VALUES (66, 'reiciendis', 'East Meaganton', '1204 Zemlak Run Suite 263\nPort Kaileeshire, LA 39373', '1-978-728-4543', '2010-09-22 05:49:47', '2016-01-17 13:24:32');
INSERT INTO `delivery_services` (`id`, `name`, `city`, `address`, `phone`, `created_at`, `updated_at`) VALUES (67, 'eos', 'South Lola', '44288 Feest Squares\nSouth Alexandre, NC 61903', '(002)170-9009', '2012-11-26 19:33:38', '2018-11-25 11:24:59');
INSERT INTO `delivery_services` (`id`, `name`, `city`, `address`, `phone`, `created_at`, `updated_at`) VALUES (68, 'sit', 'Lake Alishafurt', '2517 Cartwright Gateway\nHahnport, KY 26819', '728.526.5134', '2017-02-10 22:38:23', '2018-09-05 07:16:52');
INSERT INTO `delivery_services` (`id`, `name`, `city`, `address`, `phone`, `created_at`, `updated_at`) VALUES (69, 'nobis', 'South Clyde', '1183 Xavier Keys Suite 645\nBotsfordstad, MS 86333', '667-079-7689x59', '2018-09-23 07:37:17', '2014-05-10 08:10:32');
INSERT INTO `delivery_services` (`id`, `name`, `city`, `address`, `phone`, `created_at`, `updated_at`) VALUES (70, 'harum', 'Wilkinsonview', '1624 Reginald Spur Apt. 622\nPagacberg, OK 04484', '+79(6)834413047', '2019-08-30 17:28:26', '2014-08-28 04:07:42');
INSERT INTO `delivery_services` (`id`, `name`, `city`, `address`, `phone`, `created_at`, `updated_at`) VALUES (71, 'dolores', 'West Anitabury', '0018 Graham Squares Suite 782\nTrentchester, ID 16451-2412', '(258)928-5551x2', '2019-12-13 22:20:09', '2017-02-15 23:45:08');
INSERT INTO `delivery_services` (`id`, `name`, `city`, `address`, `phone`, `created_at`, `updated_at`) VALUES (72, 'maxime', 'Lake Evan', '285 Stoltenberg Divide Suite 035\nKrajcikview, FL 57459', '147-047-5523', '2012-09-28 15:42:26', '2014-04-05 20:25:34');
INSERT INTO `delivery_services` (`id`, `name`, `city`, `address`, `phone`, `created_at`, `updated_at`) VALUES (73, 'vitae', 'Kesslerton', '904 Weimann Station\nSouth Hollis, MO 39572-3104', '01069947926', '2017-04-28 00:59:51', '2016-08-11 05:23:54');
INSERT INTO `delivery_services` (`id`, `name`, `city`, `address`, `phone`, `created_at`, `updated_at`) VALUES (74, 'aliquam', 'East Effieberg', '7522 Jalen Shores\nLynchfort, IA 59375', '(472)827-1923', '2018-11-02 07:19:03', '2019-04-21 02:21:33');
INSERT INTO `delivery_services` (`id`, `name`, `city`, `address`, `phone`, `created_at`, `updated_at`) VALUES (75, 'odit', 'Hagenesshire', '8083 Stanton Track\nWest Dudley, WY 13514-9499', '478-147-0353x85', '2014-08-26 12:25:40', '2016-01-28 17:38:35');
INSERT INTO `delivery_services` (`id`, `name`, `city`, `address`, `phone`, `created_at`, `updated_at`) VALUES (76, 'minus', 'Lake Tracey', '756 Hubert Fork Apt. 317\nSchillertown, NV 76143-3766', '(509)392-6003x1', '2013-05-31 07:01:45', '2016-09-07 02:40:52');
INSERT INTO `delivery_services` (`id`, `name`, `city`, `address`, `phone`, `created_at`, `updated_at`) VALUES (77, 'temporibus', 'West Elliechester', '6957 Letha Wall Suite 021\nGerholdland, MN 84029-2808', '333.392.0673x66', '2012-05-01 11:28:34', '2020-02-18 04:42:02');
INSERT INTO `delivery_services` (`id`, `name`, `city`, `address`, `phone`, `created_at`, `updated_at`) VALUES (78, 'distinctio', 'Sheridanmouth', '6518 Hillary Forks Suite 796\nSporerville, AZ 79768-1898', '732-587-6877x90', '2010-06-21 00:41:10', '2013-12-05 22:13:00');
INSERT INTO `delivery_services` (`id`, `name`, `city`, `address`, `phone`, `created_at`, `updated_at`) VALUES (79, 'dolorem', 'Hahnside', '3596 Kertzmann Extensions\nWest Doloreschester, SC 62142', '03229754492', '2017-09-03 10:10:32', '2018-01-26 11:37:33');
INSERT INTO `delivery_services` (`id`, `name`, `city`, `address`, `phone`, `created_at`, `updated_at`) VALUES (80, 'reprehenderit', 'Port Jeanie', '8307 Curt Throughway\nAngusmouth, WY 55078', '133.074.4025x12', '2010-12-31 07:48:53', '2019-08-24 01:16:38');
INSERT INTO `delivery_services` (`id`, `name`, `city`, `address`, `phone`, `created_at`, `updated_at`) VALUES (81, 'quam', 'North Elaina', '263 Schiller Ridge\nMelyssaburgh, MS 78845', '(865)697-1584x3', '2010-06-22 04:23:02', '2012-10-15 13:40:17');
INSERT INTO `delivery_services` (`id`, `name`, `city`, `address`, `phone`, `created_at`, `updated_at`) VALUES (82, 'libero', 'Hellenburgh', '987 Susanna Dam Apt. 295\nRosellafurt, SC 52779-7663', '1-305-858-6804x', '2017-06-21 12:39:10', '2012-04-10 14:06:57');
INSERT INTO `delivery_services` (`id`, `name`, `city`, `address`, `phone`, `created_at`, `updated_at`) VALUES (83, 'quae', 'Keshawnmouth', '122 Nova Plains\nLake Robertoberg, IA 76127-9217', '08622629655', '2014-06-10 09:00:37', '2013-03-29 21:29:43');
INSERT INTO `delivery_services` (`id`, `name`, `city`, `address`, `phone`, `created_at`, `updated_at`) VALUES (84, 'cupiditate', 'McClureberg', '5085 Murl Drive\nEast Michealport, WV 30960-1001', '669-344-8699x04', '2017-03-22 05:33:18', '2010-10-13 09:44:23');
INSERT INTO `delivery_services` (`id`, `name`, `city`, `address`, `phone`, `created_at`, `updated_at`) VALUES (85, 'omnis', 'Kleinhaven', '8395 Nikolaus Forge Suite 834\nWest Mabelle, CT 58766-2711', '372-155-4659x86', '2014-11-02 09:31:47', '2018-09-16 09:20:52');
INSERT INTO `delivery_services` (`id`, `name`, `city`, `address`, `phone`, `created_at`, `updated_at`) VALUES (86, 'a', 'East Tiffanyport', '89963 Caroline Square Suite 356\nLarissashire, IN 31083-7097', '1-262-564-5457x', '2012-01-25 15:47:12', '2011-06-26 06:47:28');
INSERT INTO `delivery_services` (`id`, `name`, `city`, `address`, `phone`, `created_at`, `updated_at`) VALUES (87, 'voluptatem', 'Ernserfurt', '87354 Monica Loop Apt. 309\nRexview, WA 94116-2408', '06413950416', '2019-04-27 11:49:38', '2013-10-16 00:52:29');
INSERT INTO `delivery_services` (`id`, `name`, `city`, `address`, `phone`, `created_at`, `updated_at`) VALUES (88, 'eaque', 'Ronaldochester', '4607 Cheyenne Views Apt. 034\nWest Kamerontown, RI 65126-5737', '414.101.4565', '2019-02-08 07:14:58', '2014-08-02 18:29:18');
INSERT INTO `delivery_services` (`id`, `name`, `city`, `address`, `phone`, `created_at`, `updated_at`) VALUES (89, 'voluptate', 'Milfordmouth', '446 Josue Terrace Suite 530\nBogisichhaven, GA 47689', '06661792922', '2018-02-19 05:11:42', '2017-05-06 12:27:39');
INSERT INTO `delivery_services` (`id`, `name`, `city`, `address`, `phone`, `created_at`, `updated_at`) VALUES (90, 'placeat', 'Braxtonbury', '32781 Reynold Crescent Apt. 052\nElzaview, TN 29229', '(801)261-4739', '2012-11-10 23:32:25', '2012-04-08 23:35:50');
INSERT INTO `delivery_services` (`id`, `name`, `city`, `address`, `phone`, `created_at`, `updated_at`) VALUES (91, 'architecto', 'Beierport', '88206 Murazik Garden\nCynthiamouth, IL 26514-2436', '1-301-242-7847x', '2010-12-19 23:36:55', '2013-04-23 01:44:40');
INSERT INTO `delivery_services` (`id`, `name`, `city`, `address`, `phone`, `created_at`, `updated_at`) VALUES (92, 'quis', 'Ryannchester', '239 Clair Mills Apt. 707\nPort Fosterberg, TX 65331', '(614)218-9914x5', '2020-04-12 03:02:55', '2015-08-16 08:57:27');
INSERT INTO `delivery_services` (`id`, `name`, `city`, `address`, `phone`, `created_at`, `updated_at`) VALUES (93, 'accusantium', 'Lake Ruthe', '9440 Margarett Avenue\nElmoview, AR 44544-4169', '+22(9)120766824', '2019-07-10 15:48:57', '2015-09-28 00:09:34');
INSERT INTO `delivery_services` (`id`, `name`, `city`, `address`, `phone`, `created_at`, `updated_at`) VALUES (94, 'impedit', 'Port Esmeraldamouth', '733 Jerod Burgs Apt. 910\nSouth Wilhelmine, OR 82210', '471-868-9479x34', '2017-08-08 05:19:12', '2018-08-10 05:38:40');
INSERT INTO `delivery_services` (`id`, `name`, `city`, `address`, `phone`, `created_at`, `updated_at`) VALUES (95, 'unde', 'O\'Konton', '48625 Tillman Roads\nLake Estevanton, IL 48480-8723', '1-978-297-9444x', '2012-05-21 12:59:12', '2012-11-24 00:19:23');
INSERT INTO `delivery_services` (`id`, `name`, `city`, `address`, `phone`, `created_at`, `updated_at`) VALUES (96, 'nesciunt', 'South Salvatore', '9043 Letha Pass\nBaumbachville, KY 44712-3961', '517.611.5237x81', '2014-03-12 12:10:54', '2017-08-10 08:37:26');
INSERT INTO `delivery_services` (`id`, `name`, `city`, `address`, `phone`, `created_at`, `updated_at`) VALUES (97, 'doloremque', 'New Tristonberg', '479 Keebler Fields\nNorth Marjorieberg, WA 45119-1063', '090-695-4091x93', '2012-09-29 03:25:55', '2019-10-06 17:32:30');
INSERT INTO `delivery_services` (`id`, `name`, `city`, `address`, `phone`, `created_at`, `updated_at`) VALUES (98, 'ducimus', 'New Era', '550 Ortiz Keys Suite 305\nLake Charlotte, RI 23505-4889', '(048)783-3440x6', '2014-12-24 12:31:49', '2015-11-30 14:48:15');
INSERT INTO `delivery_services` (`id`, `name`, `city`, `address`, `phone`, `created_at`, `updated_at`) VALUES (99, 'ab', 'East Jaymeberg', '21105 Fahey Skyway\nJamilfurt, IL 98883', '566-580-1663x43', '2018-12-15 04:49:46', '2012-04-23 01:10:38');
INSERT INTO `delivery_services` (`id`, `name`, `city`, `address`, `phone`, `created_at`, `updated_at`) VALUES (100, 'perspiciatis', 'Hettingerton', '94920 Estella Mountain Suite 265\nOswaldbury, UT 48395', '09049581520', '2013-06-01 15:31:10', '2011-11-09 02:28:35');

-- заполнение available_cities

INSERT INTO `available_cities` (`id`, `delivery_service_id`, `name`, `price`, `created_at`, `updated_at`) VALUES (1, 1, 'Rowlandshire', '344.52', '2017-06-24 02:24:24', '2019-11-18 15:57:37');
INSERT INTO `available_cities` (`id`, `delivery_service_id`, `name`, `price`, `created_at`, `updated_at`) VALUES (2, 2, 'East Noemiborough', '1257.43', '2014-05-01 03:34:40', '2016-11-28 21:39:14');
INSERT INTO `available_cities` (`id`, `delivery_service_id`, `name`, `price`, `created_at`, `updated_at`) VALUES (3, 3, 'West Soledad', '0.00', '2015-11-05 02:32:53', '2019-02-14 01:33:53');
INSERT INTO `available_cities` (`id`, `delivery_service_id`, `name`, `price`, `created_at`, `updated_at`) VALUES (4, 4, 'Raynorland', '0.00', '2017-06-28 12:14:45', '2019-03-26 05:23:38');
INSERT INTO `available_cities` (`id`, `delivery_service_id`, `name`, `price`, `created_at`, `updated_at`) VALUES (5, 5, 'Magdalenmouth', '0.00', '2011-05-09 16:36:30', '2019-07-18 06:24:17');
INSERT INTO `available_cities` (`id`, `delivery_service_id`, `name`, `price`, `created_at`, `updated_at`) VALUES (6, 6, 'South Jenningshaven', '999999.99', '2015-08-15 13:13:30', '2013-06-02 07:00:01');
INSERT INTO `available_cities` (`id`, `delivery_service_id`, `name`, `price`, `created_at`, `updated_at`) VALUES (7, 7, 'Damianmouth', '56.97', '2011-07-04 01:23:28', '2014-11-09 23:25:10');
INSERT INTO `available_cities` (`id`, `delivery_service_id`, `name`, `price`, `created_at`, `updated_at`) VALUES (8, 8, 'South King', '1307.68', '2020-01-14 08:02:37', '2013-10-07 17:39:10');
INSERT INTO `available_cities` (`id`, `delivery_service_id`, `name`, `price`, `created_at`, `updated_at`) VALUES (9, 9, 'Roweborough', '0.00', '2014-01-03 09:30:04', '2013-07-24 09:39:21');
INSERT INTO `available_cities` (`id`, `delivery_service_id`, `name`, `price`, `created_at`, `updated_at`) VALUES (10, 10, 'Lake Jamilshire', '0.00', '2015-08-14 23:03:55', '2014-03-08 21:43:56');
INSERT INTO `available_cities` (`id`, `delivery_service_id`, `name`, `price`, `created_at`, `updated_at`) VALUES (11, 11, 'North Scottie', '4.10', '2012-03-09 12:32:44', '2016-06-18 13:28:34');
INSERT INTO `available_cities` (`id`, `delivery_service_id`, `name`, `price`, `created_at`, `updated_at`) VALUES (12, 12, 'Manteport', '0.00', '2016-01-15 18:00:11', '2011-02-05 06:35:24');
INSERT INTO `available_cities` (`id`, `delivery_service_id`, `name`, `price`, `created_at`, `updated_at`) VALUES (13, 13, 'South Aliyah', '17.00', '2018-11-30 00:36:26', '2019-04-23 13:17:49');
INSERT INTO `available_cities` (`id`, `delivery_service_id`, `name`, `price`, `created_at`, `updated_at`) VALUES (14, 14, 'Lake Armanishire', '0.00', '2020-01-06 10:46:03', '2019-12-17 22:03:04');
INSERT INTO `available_cities` (`id`, `delivery_service_id`, `name`, `price`, `created_at`, `updated_at`) VALUES (15, 15, 'New Whitney', '999999.99', '2015-02-02 15:58:10', '2019-01-20 10:08:33');
INSERT INTO `available_cities` (`id`, `delivery_service_id`, `name`, `price`, `created_at`, `updated_at`) VALUES (16, 16, 'West Susana', '0.00', '2016-12-07 11:38:42', '2018-06-25 00:26:41');
INSERT INTO `available_cities` (`id`, `delivery_service_id`, `name`, `price`, `created_at`, `updated_at`) VALUES (17, 17, 'Aaliyahchester', '999999.99', '2014-10-21 11:33:59', '2016-04-17 09:55:50');
INSERT INTO `available_cities` (`id`, `delivery_service_id`, `name`, `price`, `created_at`, `updated_at`) VALUES (18, 18, 'Keshawnstad', '2105.70', '2016-10-01 04:30:31', '2012-06-07 10:31:08');
INSERT INTO `available_cities` (`id`, `delivery_service_id`, `name`, `price`, `created_at`, `updated_at`) VALUES (19, 19, 'Lindtown', '246894.39', '2016-01-12 12:45:59', '2019-06-10 09:06:10');
INSERT INTO `available_cities` (`id`, `delivery_service_id`, `name`, `price`, `created_at`, `updated_at`) VALUES (20, 20, 'North Sarinaton', '6.61', '2014-10-24 03:00:42', '2012-02-12 16:02:20');
INSERT INTO `available_cities` (`id`, `delivery_service_id`, `name`, `price`, `created_at`, `updated_at`) VALUES (21, 21, 'West Cierra', '52.97', '2016-11-10 09:27:28', '2016-02-08 02:27:16');
INSERT INTO `available_cities` (`id`, `delivery_service_id`, `name`, `price`, `created_at`, `updated_at`) VALUES (22, 22, 'East Barneyborough', '0.00', '2014-03-24 18:07:15', '2012-01-30 02:41:56');
INSERT INTO `available_cities` (`id`, `delivery_service_id`, `name`, `price`, `created_at`, `updated_at`) VALUES (23, 23, 'Martinestad', '0.00', '2016-12-11 20:06:16', '2011-10-04 04:02:54');
INSERT INTO `available_cities` (`id`, `delivery_service_id`, `name`, `price`, `created_at`, `updated_at`) VALUES (24, 24, 'Clementinastad', '2471.99', '2010-09-20 06:27:20', '2015-08-09 17:19:32');
INSERT INTO `available_cities` (`id`, `delivery_service_id`, `name`, `price`, `created_at`, `updated_at`) VALUES (25, 25, 'Garrickside', '0.00', '2017-07-17 06:09:20', '2017-06-16 18:55:12');
INSERT INTO `available_cities` (`id`, `delivery_service_id`, `name`, `price`, `created_at`, `updated_at`) VALUES (26, 26, 'Carrollberg', '275.47', '2012-10-07 18:59:53', '2011-11-30 13:44:03');
INSERT INTO `available_cities` (`id`, `delivery_service_id`, `name`, `price`, `created_at`, `updated_at`) VALUES (27, 27, 'West Roberta', '4.30', '2019-03-30 19:49:01', '2015-05-11 05:08:49');
INSERT INTO `available_cities` (`id`, `delivery_service_id`, `name`, `price`, `created_at`, `updated_at`) VALUES (28, 28, 'Shanonside', '0.82', '2019-02-10 07:54:40', '2015-05-21 13:35:10');
INSERT INTO `available_cities` (`id`, `delivery_service_id`, `name`, `price`, `created_at`, `updated_at`) VALUES (29, 29, 'Uptonbury', '674.64', '2016-09-02 12:54:27', '2018-01-31 14:14:09');
INSERT INTO `available_cities` (`id`, `delivery_service_id`, `name`, `price`, `created_at`, `updated_at`) VALUES (30, 30, 'Ardenburgh', '88113.86', '2015-03-13 10:34:28', '2015-09-13 09:12:43');
INSERT INTO `available_cities` (`id`, `delivery_service_id`, `name`, `price`, `created_at`, `updated_at`) VALUES (31, 31, 'Lake Sunny', '999999.99', '2012-03-09 06:00:30', '2015-05-22 11:11:49');
INSERT INTO `available_cities` (`id`, `delivery_service_id`, `name`, `price`, `created_at`, `updated_at`) VALUES (32, 32, 'Pacochahaven', '0.00', '2012-04-27 22:59:41', '2012-03-01 09:25:21');
INSERT INTO `available_cities` (`id`, `delivery_service_id`, `name`, `price`, `created_at`, `updated_at`) VALUES (33, 33, 'East Jacklyn', '0.00', '2016-11-20 05:55:52', '2012-01-05 12:05:39');
INSERT INTO `available_cities` (`id`, `delivery_service_id`, `name`, `price`, `created_at`, `updated_at`) VALUES (34, 34, 'West Marcellus', '356.60', '2010-04-24 17:02:43', '2018-12-13 22:40:23');
INSERT INTO `available_cities` (`id`, `delivery_service_id`, `name`, `price`, `created_at`, `updated_at`) VALUES (35, 35, 'Hanebury', '712454.00', '2011-11-09 01:35:15', '2018-12-24 22:49:33');
INSERT INTO `available_cities` (`id`, `delivery_service_id`, `name`, `price`, `created_at`, `updated_at`) VALUES (36, 36, 'Marvinberg', '999999.99', '2013-05-10 15:10:40', '2018-09-04 11:15:51');
INSERT INTO `available_cities` (`id`, `delivery_service_id`, `name`, `price`, `created_at`, `updated_at`) VALUES (37, 37, 'Dachton', '999999.99', '2012-04-12 18:53:47', '2011-01-10 21:10:23');
INSERT INTO `available_cities` (`id`, `delivery_service_id`, `name`, `price`, `created_at`, `updated_at`) VALUES (38, 38, 'Lake Taramouth', '0.00', '2014-05-20 14:03:15', '2017-06-30 06:29:22');
INSERT INTO `available_cities` (`id`, `delivery_service_id`, `name`, `price`, `created_at`, `updated_at`) VALUES (39, 39, 'West Foreststad', '7170.70', '2019-11-05 06:47:44', '2019-07-06 02:54:01');
INSERT INTO `available_cities` (`id`, `delivery_service_id`, `name`, `price`, `created_at`, `updated_at`) VALUES (40, 40, 'Tremayneton', '0.00', '2011-10-17 16:58:33', '2015-06-30 11:30:45');
INSERT INTO `available_cities` (`id`, `delivery_service_id`, `name`, `price`, `created_at`, `updated_at`) VALUES (41, 41, 'Powlowskiborough', '304.20', '2011-12-09 06:29:57', '2017-07-21 22:27:09');
INSERT INTO `available_cities` (`id`, `delivery_service_id`, `name`, `price`, `created_at`, `updated_at`) VALUES (42, 42, 'Lake Richieton', '0.00', '2020-01-30 13:12:57', '2014-02-10 15:32:32');
INSERT INTO `available_cities` (`id`, `delivery_service_id`, `name`, `price`, `created_at`, `updated_at`) VALUES (43, 43, 'Lake Mckenziefurt', '999999.99', '2015-05-24 14:59:51', '2014-09-23 15:37:02');
INSERT INTO `available_cities` (`id`, `delivery_service_id`, `name`, `price`, `created_at`, `updated_at`) VALUES (44, 44, 'Pansyside', '0.00', '2014-05-26 21:02:06', '2017-01-07 11:37:51');
INSERT INTO `available_cities` (`id`, `delivery_service_id`, `name`, `price`, `created_at`, `updated_at`) VALUES (45, 45, 'North Giovaniport', '0.00', '2017-06-09 08:19:31', '2018-12-24 02:52:52');
INSERT INTO `available_cities` (`id`, `delivery_service_id`, `name`, `price`, `created_at`, `updated_at`) VALUES (46, 46, 'Denesikland', '0.00', '2014-07-09 02:47:45', '2019-02-26 12:22:39');
INSERT INTO `available_cities` (`id`, `delivery_service_id`, `name`, `price`, `created_at`, `updated_at`) VALUES (47, 47, 'West Daniella', '7952.14', '2011-12-30 03:16:04', '2011-03-25 22:33:01');
INSERT INTO `available_cities` (`id`, `delivery_service_id`, `name`, `price`, `created_at`, `updated_at`) VALUES (48, 48, 'Boylefort', '0.00', '2013-12-21 10:50:47', '2018-03-20 19:38:12');
INSERT INTO `available_cities` (`id`, `delivery_service_id`, `name`, `price`, `created_at`, `updated_at`) VALUES (49, 49, 'Kirlinview', '0.00', '2012-04-29 01:51:34', '2017-01-19 14:04:32');
INSERT INTO `available_cities` (`id`, `delivery_service_id`, `name`, `price`, `created_at`, `updated_at`) VALUES (50, 50, 'South Emmitt', '999999.99', '2019-12-04 12:44:25', '2010-08-02 21:03:21');
INSERT INTO `available_cities` (`id`, `delivery_service_id`, `name`, `price`, `created_at`, `updated_at`) VALUES (51, 51, 'South Garret', '0.00', '2010-08-27 22:46:46', '2013-10-09 02:47:33');
INSERT INTO `available_cities` (`id`, `delivery_service_id`, `name`, `price`, `created_at`, `updated_at`) VALUES (52, 52, 'South Letamouth', '0.00', '2010-07-31 11:25:53', '2013-04-11 22:39:52');
INSERT INTO `available_cities` (`id`, `delivery_service_id`, `name`, `price`, `created_at`, `updated_at`) VALUES (53, 53, 'Dietrichshire', '0.00', '2017-09-21 12:33:24', '2018-07-09 01:14:20');
INSERT INTO `available_cities` (`id`, `delivery_service_id`, `name`, `price`, `created_at`, `updated_at`) VALUES (54, 54, 'Randyview', '999999.99', '2010-08-01 01:08:32', '2014-02-02 21:37:16');
INSERT INTO `available_cities` (`id`, `delivery_service_id`, `name`, `price`, `created_at`, `updated_at`) VALUES (55, 55, 'Zulaufborough', '0.00', '2011-01-22 01:55:11', '2016-05-24 03:34:26');
INSERT INTO `available_cities` (`id`, `delivery_service_id`, `name`, `price`, `created_at`, `updated_at`) VALUES (56, 56, 'Luluton', '0.00', '2016-02-15 06:05:40', '2017-01-12 15:12:36');
INSERT INTO `available_cities` (`id`, `delivery_service_id`, `name`, `price`, `created_at`, `updated_at`) VALUES (57, 57, 'Oralville', '0.00', '2015-08-24 09:30:39', '2017-09-21 15:49:33');
INSERT INTO `available_cities` (`id`, `delivery_service_id`, `name`, `price`, `created_at`, `updated_at`) VALUES (58, 58, 'Port Ruthstad', '983381.22', '2010-04-23 20:42:33', '2014-08-15 14:57:12');
INSERT INTO `available_cities` (`id`, `delivery_service_id`, `name`, `price`, `created_at`, `updated_at`) VALUES (59, 59, 'South Edison', '0.00', '2015-06-28 17:56:17', '2016-11-21 17:02:41');
INSERT INTO `available_cities` (`id`, `delivery_service_id`, `name`, `price`, `created_at`, `updated_at`) VALUES (60, 60, 'Port Sadye', '999999.99', '2016-04-01 19:35:03', '2013-12-23 06:17:22');
INSERT INTO `available_cities` (`id`, `delivery_service_id`, `name`, `price`, `created_at`, `updated_at`) VALUES (61, 61, 'Port Zoie', '999999.99', '2013-01-25 17:07:04', '2012-07-02 02:31:11');
INSERT INTO `available_cities` (`id`, `delivery_service_id`, `name`, `price`, `created_at`, `updated_at`) VALUES (62, 62, 'West Marta', '999999.99', '2014-11-21 00:00:33', '2010-09-21 02:46:43');
INSERT INTO `available_cities` (`id`, `delivery_service_id`, `name`, `price`, `created_at`, `updated_at`) VALUES (63, 63, 'Abbottview', '0.00', '2019-10-17 23:22:00', '2015-12-25 16:16:05');
INSERT INTO `available_cities` (`id`, `delivery_service_id`, `name`, `price`, `created_at`, `updated_at`) VALUES (64, 64, 'East Marisol', '0.00', '2015-07-06 16:40:28', '2019-07-17 08:03:21');
INSERT INTO `available_cities` (`id`, `delivery_service_id`, `name`, `price`, `created_at`, `updated_at`) VALUES (65, 65, 'West Laviniashire', '165371.00', '2011-01-10 21:24:13', '2018-12-19 10:53:30');
INSERT INTO `available_cities` (`id`, `delivery_service_id`, `name`, `price`, `created_at`, `updated_at`) VALUES (66, 66, 'Ovamouth', '0.00', '2013-02-12 13:20:27', '2019-11-03 10:55:17');
INSERT INTO `available_cities` (`id`, `delivery_service_id`, `name`, `price`, `created_at`, `updated_at`) VALUES (67, 67, 'East Serena', '0.00', '2011-05-28 17:16:36', '2010-05-29 23:10:35');
INSERT INTO `available_cities` (`id`, `delivery_service_id`, `name`, `price`, `created_at`, `updated_at`) VALUES (68, 68, 'Port Willowville', '168581.53', '2012-08-16 23:11:51', '2011-09-28 05:07:52');
INSERT INTO `available_cities` (`id`, `delivery_service_id`, `name`, `price`, `created_at`, `updated_at`) VALUES (69, 69, 'Port Jaylen', '0.00', '2018-07-21 02:42:35', '2012-04-27 10:02:21');
INSERT INTO `available_cities` (`id`, `delivery_service_id`, `name`, `price`, `created_at`, `updated_at`) VALUES (70, 70, 'Reannaside', '0.00', '2019-10-06 14:08:39', '2017-05-27 15:13:18');
INSERT INTO `available_cities` (`id`, `delivery_service_id`, `name`, `price`, `created_at`, `updated_at`) VALUES (71, 71, 'South Lesly', '0.00', '2017-02-11 20:21:22', '2013-10-24 22:02:20');
INSERT INTO `available_cities` (`id`, `delivery_service_id`, `name`, `price`, `created_at`, `updated_at`) VALUES (72, 72, 'South Kellyville', '0.00', '2016-02-29 03:08:46', '2012-05-26 15:11:27');
INSERT INTO `available_cities` (`id`, `delivery_service_id`, `name`, `price`, `created_at`, `updated_at`) VALUES (73, 73, 'West Melissa', '0.00', '2012-07-29 14:08:06', '2017-04-06 19:37:46');
INSERT INTO `available_cities` (`id`, `delivery_service_id`, `name`, `price`, `created_at`, `updated_at`) VALUES (74, 74, 'North Chase', '0.00', '2018-08-15 01:07:34', '2017-10-04 17:08:01');
INSERT INTO `available_cities` (`id`, `delivery_service_id`, `name`, `price`, `created_at`, `updated_at`) VALUES (75, 75, 'South Glennaburgh', '24732.86', '2015-11-04 12:22:30', '2012-05-27 18:13:58');
INSERT INTO `available_cities` (`id`, `delivery_service_id`, `name`, `price`, `created_at`, `updated_at`) VALUES (76, 76, 'Eloystad', '0.00', '2019-11-11 18:18:41', '2015-06-27 10:39:51');
INSERT INTO `available_cities` (`id`, `delivery_service_id`, `name`, `price`, `created_at`, `updated_at`) VALUES (77, 77, 'South Emma', '1.00', '2016-05-16 06:00:37', '2019-07-02 21:28:07');
INSERT INTO `available_cities` (`id`, `delivery_service_id`, `name`, `price`, `created_at`, `updated_at`) VALUES (78, 78, 'Lake Deon', '0.00', '2015-08-06 08:17:26', '2010-07-29 18:20:07');
INSERT INTO `available_cities` (`id`, `delivery_service_id`, `name`, `price`, `created_at`, `updated_at`) VALUES (79, 79, 'Harrismouth', '0.00', '2015-04-08 00:03:23', '2014-10-08 01:31:15');
INSERT INTO `available_cities` (`id`, `delivery_service_id`, `name`, `price`, `created_at`, `updated_at`) VALUES (80, 80, 'South Elinoreview', '86147.04', '2018-03-13 00:09:58', '2017-01-29 17:06:50');
INSERT INTO `available_cities` (`id`, `delivery_service_id`, `name`, `price`, `created_at`, `updated_at`) VALUES (81, 81, 'Johannamouth', '0.00', '2015-01-20 07:52:49', '2015-06-29 12:42:35');
INSERT INTO `available_cities` (`id`, `delivery_service_id`, `name`, `price`, `created_at`, `updated_at`) VALUES (82, 82, 'East Wellington', '3.50', '2015-12-01 22:58:03', '2011-06-07 17:51:42');
INSERT INTO `available_cities` (`id`, `delivery_service_id`, `name`, `price`, `created_at`, `updated_at`) VALUES (83, 83, 'West Ara', '21.27', '2019-07-09 09:15:25', '2015-05-23 09:45:01');
INSERT INTO `available_cities` (`id`, `delivery_service_id`, `name`, `price`, `created_at`, `updated_at`) VALUES (84, 84, 'North Jonasview', '0.00', '2014-07-18 11:26:49', '2014-06-21 01:40:45');
INSERT INTO `available_cities` (`id`, `delivery_service_id`, `name`, `price`, `created_at`, `updated_at`) VALUES (85, 85, 'Frederickchester', '1.98', '2017-07-14 22:15:49', '2016-11-12 09:11:44');
INSERT INTO `available_cities` (`id`, `delivery_service_id`, `name`, `price`, `created_at`, `updated_at`) VALUES (86, 86, 'Oralstad', '0.00', '2019-01-21 05:00:10', '2011-01-11 23:16:47');
INSERT INTO `available_cities` (`id`, `delivery_service_id`, `name`, `price`, `created_at`, `updated_at`) VALUES (87, 87, 'Genefort', '638.00', '2018-01-03 20:00:05', '2019-03-05 10:57:40');
INSERT INTO `available_cities` (`id`, `delivery_service_id`, `name`, `price`, `created_at`, `updated_at`) VALUES (88, 88, 'North Kyleigh', '134562.94', '2013-01-15 01:16:55', '2013-06-27 18:10:39');
INSERT INTO `available_cities` (`id`, `delivery_service_id`, `name`, `price`, `created_at`, `updated_at`) VALUES (89, 89, 'South Tedview', '0.00', '2018-06-30 05:12:52', '2018-01-07 13:58:25');
INSERT INTO `available_cities` (`id`, `delivery_service_id`, `name`, `price`, `created_at`, `updated_at`) VALUES (90, 90, 'Jayneville', '0.00', '2018-10-22 23:41:01', '2012-03-29 05:21:55');
INSERT INTO `available_cities` (`id`, `delivery_service_id`, `name`, `price`, `created_at`, `updated_at`) VALUES (91, 91, 'North Magaliview', '999999.99', '2016-10-22 05:03:28', '2011-12-07 20:18:46');
INSERT INTO `available_cities` (`id`, `delivery_service_id`, `name`, `price`, `created_at`, `updated_at`) VALUES (92, 92, 'Jacobsonmouth', '0.00', '2016-05-15 13:32:40', '2015-08-16 00:16:16');
INSERT INTO `available_cities` (`id`, `delivery_service_id`, `name`, `price`, `created_at`, `updated_at`) VALUES (93, 93, 'Metzfurt', '0.00', '2013-06-12 20:43:40', '2012-04-09 05:45:37');
INSERT INTO `available_cities` (`id`, `delivery_service_id`, `name`, `price`, `created_at`, `updated_at`) VALUES (94, 94, 'New Chelsie', '72019.79', '2014-10-10 08:01:06', '2014-01-23 01:33:49');
INSERT INTO `available_cities` (`id`, `delivery_service_id`, `name`, `price`, `created_at`, `updated_at`) VALUES (95, 95, 'New Hellen', '0.00', '2017-09-10 06:29:30', '2010-11-20 21:29:25');
INSERT INTO `available_cities` (`id`, `delivery_service_id`, `name`, `price`, `created_at`, `updated_at`) VALUES (96, 96, 'Port Shannonview', '0.00', '2015-07-16 15:45:56', '2010-11-13 02:10:33');
INSERT INTO `available_cities` (`id`, `delivery_service_id`, `name`, `price`, `created_at`, `updated_at`) VALUES (97, 97, 'South Carolanneland', '0.00', '2012-06-27 06:49:04', '2016-05-24 12:45:29');
INSERT INTO `available_cities` (`id`, `delivery_service_id`, `name`, `price`, `created_at`, `updated_at`) VALUES (98, 98, 'Jamisonland', '0.00', '2019-10-23 07:46:24', '2015-08-17 18:30:32');
INSERT INTO `available_cities` (`id`, `delivery_service_id`, `name`, `price`, `created_at`, `updated_at`) VALUES (99, 99, 'South Camron', '999999.99', '2015-06-02 12:31:21', '2017-02-05 18:30:33');
INSERT INTO `available_cities` (`id`, `delivery_service_id`, `name`, `price`, `created_at`, `updated_at`) VALUES (100, 100, 'Richmondborough', '0.00', '2017-03-05 10:57:53', '2018-11-13 18:06:51');

-- заполнение orders

INSERT INTO `orders` (`id`, `user_id`, `payment_type_id`, `created_at`, `updated_at`) VALUES (1, 32, 2, '2010-07-13 11:08:50', '2013-07-17 10:36:19');
INSERT INTO `orders` (`id`, `user_id`, `payment_type_id`, `created_at`, `updated_at`) VALUES (2, 40, 2, '2011-05-12 08:59:49', '2015-06-27 07:06:14');
INSERT INTO `orders` (`id`, `user_id`, `payment_type_id`, `created_at`, `updated_at`) VALUES (3, 10, 1, '2015-02-27 09:13:33', '2016-05-25 13:11:15');
INSERT INTO `orders` (`id`, `user_id`, `payment_type_id`, `created_at`, `updated_at`) VALUES (4, 70, 2, '2013-06-27 00:45:34', '2011-01-20 18:52:41');
INSERT INTO `orders` (`id`, `user_id`, `payment_type_id`, `created_at`, `updated_at`) VALUES (5, 43, 1, '2011-04-03 19:22:23', '2017-10-18 19:12:18');
INSERT INTO `orders` (`id`, `user_id`, `payment_type_id`, `created_at`, `updated_at`) VALUES (6, 98, 1, '2012-02-10 09:55:57', '2015-11-15 23:58:37');
INSERT INTO `orders` (`id`, `user_id`, `payment_type_id`, `created_at`, `updated_at`) VALUES (7, 63, 2, '2012-08-07 09:41:09', '2019-05-27 14:07:20');
INSERT INTO `orders` (`id`, `user_id`, `payment_type_id`, `created_at`, `updated_at`) VALUES (8, 71, 1, '2014-10-16 22:47:23', '2013-10-26 02:55:19');
INSERT INTO `orders` (`id`, `user_id`, `payment_type_id`, `created_at`, `updated_at`) VALUES (9, 86, 2, '2015-01-14 07:56:22', '2015-04-17 11:35:53');
INSERT INTO `orders` (`id`, `user_id`, `payment_type_id`, `created_at`, `updated_at`) VALUES (10, 21, 2, '2016-10-26 07:28:59', '2015-08-23 21:04:36');
INSERT INTO `orders` (`id`, `user_id`, `payment_type_id`, `created_at`, `updated_at`) VALUES (11, 58, 1, '2018-12-28 04:08:57', '2017-10-12 00:42:52');
INSERT INTO `orders` (`id`, `user_id`, `payment_type_id`, `created_at`, `updated_at`) VALUES (12, 84, 1, '2012-07-16 22:46:25', '2013-12-25 11:34:22');
INSERT INTO `orders` (`id`, `user_id`, `payment_type_id`, `created_at`, `updated_at`) VALUES (13, 4, 1, '2012-04-24 08:33:22', '2019-12-27 07:41:35');
INSERT INTO `orders` (`id`, `user_id`, `payment_type_id`, `created_at`, `updated_at`) VALUES (14, 69, 2, '2011-06-26 23:07:45', '2012-03-24 02:41:20');
INSERT INTO `orders` (`id`, `user_id`, `payment_type_id`, `created_at`, `updated_at`) VALUES (15, 93, 2, '2017-11-08 04:36:15', '2011-05-30 17:49:33');
INSERT INTO `orders` (`id`, `user_id`, `payment_type_id`, `created_at`, `updated_at`) VALUES (16, 6, 2, '2018-08-07 00:53:51', '2014-08-12 09:44:54');
INSERT INTO `orders` (`id`, `user_id`, `payment_type_id`, `created_at`, `updated_at`) VALUES (17, 17, 2, '2010-09-05 19:30:49', '2016-06-30 11:16:34');
INSERT INTO `orders` (`id`, `user_id`, `payment_type_id`, `created_at`, `updated_at`) VALUES (18, 58, 2, '2019-09-14 02:15:33', '2014-10-25 21:36:10');
INSERT INTO `orders` (`id`, `user_id`, `payment_type_id`, `created_at`, `updated_at`) VALUES (19, 95, 1, '2014-09-14 00:20:45', '2014-02-25 07:39:08');
INSERT INTO `orders` (`id`, `user_id`, `payment_type_id`, `created_at`, `updated_at`) VALUES (20, 28, 1, '2011-03-10 02:15:44', '2010-09-04 10:24:06');
INSERT INTO `orders` (`id`, `user_id`, `payment_type_id`, `created_at`, `updated_at`) VALUES (21, 87, 1, '2016-11-16 08:55:13', '2015-03-23 09:15:50');
INSERT INTO `orders` (`id`, `user_id`, `payment_type_id`, `created_at`, `updated_at`) VALUES (22, 37, 2, '2016-11-16 15:29:55', '2018-09-24 11:40:31');
INSERT INTO `orders` (`id`, `user_id`, `payment_type_id`, `created_at`, `updated_at`) VALUES (23, 74, 1, '2012-01-05 08:25:38', '2016-09-10 03:35:27');
INSERT INTO `orders` (`id`, `user_id`, `payment_type_id`, `created_at`, `updated_at`) VALUES (24, 17, 1, '2013-11-01 20:36:37', '2018-02-01 01:26:56');
INSERT INTO `orders` (`id`, `user_id`, `payment_type_id`, `created_at`, `updated_at`) VALUES (25, 56, 2, '2018-11-05 05:41:17', '2013-05-20 15:54:41');
INSERT INTO `orders` (`id`, `user_id`, `payment_type_id`, `created_at`, `updated_at`) VALUES (26, 84, 1, '2017-03-05 15:39:00', '2013-01-22 15:29:49');
INSERT INTO `orders` (`id`, `user_id`, `payment_type_id`, `created_at`, `updated_at`) VALUES (27, 51, 1, '2018-08-06 21:07:13', '2016-08-14 15:04:00');
INSERT INTO `orders` (`id`, `user_id`, `payment_type_id`, `created_at`, `updated_at`) VALUES (28, 84, 2, '2019-03-14 12:56:46', '2012-11-17 22:49:37');
INSERT INTO `orders` (`id`, `user_id`, `payment_type_id`, `created_at`, `updated_at`) VALUES (29, 51, 2, '2020-03-09 22:37:45', '2014-05-08 11:44:49');
INSERT INTO `orders` (`id`, `user_id`, `payment_type_id`, `created_at`, `updated_at`) VALUES (30, 98, 1, '2012-12-08 13:03:12', '2017-08-25 12:45:22');
INSERT INTO `orders` (`id`, `user_id`, `payment_type_id`, `created_at`, `updated_at`) VALUES (31, 52, 2, '2019-02-17 01:28:22', '2015-09-26 06:54:53');
INSERT INTO `orders` (`id`, `user_id`, `payment_type_id`, `created_at`, `updated_at`) VALUES (32, 16, 1, '2018-04-19 18:28:48', '2015-06-08 01:28:08');
INSERT INTO `orders` (`id`, `user_id`, `payment_type_id`, `created_at`, `updated_at`) VALUES (33, 97, 2, '2013-08-20 22:58:12', '2018-05-03 16:00:50');
INSERT INTO `orders` (`id`, `user_id`, `payment_type_id`, `created_at`, `updated_at`) VALUES (34, 30, 1, '2011-09-23 06:52:48', '2016-11-13 09:40:30');
INSERT INTO `orders` (`id`, `user_id`, `payment_type_id`, `created_at`, `updated_at`) VALUES (35, 52, 2, '2011-04-24 05:12:31', '2014-01-26 05:02:41');
INSERT INTO `orders` (`id`, `user_id`, `payment_type_id`, `created_at`, `updated_at`) VALUES (36, 30, 2, '2018-01-03 13:50:22', '2017-10-12 20:55:30');
INSERT INTO `orders` (`id`, `user_id`, `payment_type_id`, `created_at`, `updated_at`) VALUES (37, 94, 2, '2017-01-27 01:01:00', '2018-10-22 17:54:26');
INSERT INTO `orders` (`id`, `user_id`, `payment_type_id`, `created_at`, `updated_at`) VALUES (38, 79, 1, '2014-11-03 20:48:05', '2017-04-20 22:36:16');
INSERT INTO `orders` (`id`, `user_id`, `payment_type_id`, `created_at`, `updated_at`) VALUES (39, 67, 2, '2013-02-23 04:09:10', '2011-02-25 23:11:38');
INSERT INTO `orders` (`id`, `user_id`, `payment_type_id`, `created_at`, `updated_at`) VALUES (40, 41, 2, '2017-12-04 02:38:37', '2016-01-06 05:40:10');
INSERT INTO `orders` (`id`, `user_id`, `payment_type_id`, `created_at`, `updated_at`) VALUES (41, 74, 1, '2016-05-11 19:52:09', '2016-08-17 11:18:51');
INSERT INTO `orders` (`id`, `user_id`, `payment_type_id`, `created_at`, `updated_at`) VALUES (42, 14, 2, '2019-01-27 19:24:57', '2010-07-25 14:58:02');
INSERT INTO `orders` (`id`, `user_id`, `payment_type_id`, `created_at`, `updated_at`) VALUES (43, 75, 2, '2017-09-23 04:32:48', '2014-02-01 06:48:28');
INSERT INTO `orders` (`id`, `user_id`, `payment_type_id`, `created_at`, `updated_at`) VALUES (44, 25, 1, '2016-08-04 05:37:28', '2019-06-03 00:18:29');
INSERT INTO `orders` (`id`, `user_id`, `payment_type_id`, `created_at`, `updated_at`) VALUES (45, 72, 2, '2018-10-26 19:14:12', '2015-04-16 16:40:19');
INSERT INTO `orders` (`id`, `user_id`, `payment_type_id`, `created_at`, `updated_at`) VALUES (46, 47, 2, '2012-06-30 13:35:52', '2015-06-06 14:48:46');
INSERT INTO `orders` (`id`, `user_id`, `payment_type_id`, `created_at`, `updated_at`) VALUES (47, 59, 1, '2011-10-15 10:33:08', '2017-06-15 03:31:28');
INSERT INTO `orders` (`id`, `user_id`, `payment_type_id`, `created_at`, `updated_at`) VALUES (48, 67, 1, '2010-07-31 14:10:48', '2013-12-08 03:40:19');
INSERT INTO `orders` (`id`, `user_id`, `payment_type_id`, `created_at`, `updated_at`) VALUES (49, 78, 1, '2016-06-28 00:33:42', '2019-07-03 22:39:06');
INSERT INTO `orders` (`id`, `user_id`, `payment_type_id`, `created_at`, `updated_at`) VALUES (50, 91, 2, '2017-04-17 01:08:52', '2014-12-04 06:25:23');
INSERT INTO `orders` (`id`, `user_id`, `payment_type_id`, `created_at`, `updated_at`) VALUES (51, 20, 2, '2015-02-24 10:17:55', '2010-09-16 01:04:29');
INSERT INTO `orders` (`id`, `user_id`, `payment_type_id`, `created_at`, `updated_at`) VALUES (52, 88, 1, '2017-12-08 10:03:34', '2011-10-16 13:57:08');
INSERT INTO `orders` (`id`, `user_id`, `payment_type_id`, `created_at`, `updated_at`) VALUES (53, 72, 2, '2012-11-12 18:12:29', '2012-03-23 06:50:10');
INSERT INTO `orders` (`id`, `user_id`, `payment_type_id`, `created_at`, `updated_at`) VALUES (54, 55, 2, '2017-12-17 01:36:51', '2019-01-22 13:25:24');
INSERT INTO `orders` (`id`, `user_id`, `payment_type_id`, `created_at`, `updated_at`) VALUES (55, 78, 2, '2014-02-03 01:51:59', '2020-04-07 12:12:25');
INSERT INTO `orders` (`id`, `user_id`, `payment_type_id`, `created_at`, `updated_at`) VALUES (56, 9, 2, '2012-08-02 08:49:56', '2010-10-22 02:46:25');
INSERT INTO `orders` (`id`, `user_id`, `payment_type_id`, `created_at`, `updated_at`) VALUES (57, 49, 1, '2013-03-17 09:12:09', '2018-12-29 20:22:15');
INSERT INTO `orders` (`id`, `user_id`, `payment_type_id`, `created_at`, `updated_at`) VALUES (58, 50, 1, '2015-05-19 11:19:01', '2020-01-14 01:59:13');
INSERT INTO `orders` (`id`, `user_id`, `payment_type_id`, `created_at`, `updated_at`) VALUES (59, 83, 2, '2019-12-08 06:02:52', '2016-12-18 09:35:19');
INSERT INTO `orders` (`id`, `user_id`, `payment_type_id`, `created_at`, `updated_at`) VALUES (60, 6, 1, '2017-06-07 16:58:34', '2010-05-13 14:38:32');
INSERT INTO `orders` (`id`, `user_id`, `payment_type_id`, `created_at`, `updated_at`) VALUES (61, 78, 2, '2015-11-27 21:26:06', '2014-12-14 06:17:27');
INSERT INTO `orders` (`id`, `user_id`, `payment_type_id`, `created_at`, `updated_at`) VALUES (62, 40, 1, '2015-01-09 13:17:07', '2016-08-21 10:19:33');
INSERT INTO `orders` (`id`, `user_id`, `payment_type_id`, `created_at`, `updated_at`) VALUES (63, 50, 2, '2013-03-23 10:42:02', '2014-02-17 08:33:20');
INSERT INTO `orders` (`id`, `user_id`, `payment_type_id`, `created_at`, `updated_at`) VALUES (64, 70, 1, '2012-07-14 13:33:11', '2014-09-10 18:45:25');
INSERT INTO `orders` (`id`, `user_id`, `payment_type_id`, `created_at`, `updated_at`) VALUES (65, 39, 2, '2019-08-31 21:49:16', '2019-01-20 11:25:54');
INSERT INTO `orders` (`id`, `user_id`, `payment_type_id`, `created_at`, `updated_at`) VALUES (66, 3, 2, '2013-07-18 03:48:55', '2012-02-01 08:23:38');
INSERT INTO `orders` (`id`, `user_id`, `payment_type_id`, `created_at`, `updated_at`) VALUES (67, 93, 2, '2010-10-03 05:23:25', '2019-04-06 20:11:29');
INSERT INTO `orders` (`id`, `user_id`, `payment_type_id`, `created_at`, `updated_at`) VALUES (68, 46, 1, '2011-08-05 07:30:09', '2018-07-10 07:43:28');
INSERT INTO `orders` (`id`, `user_id`, `payment_type_id`, `created_at`, `updated_at`) VALUES (69, 97, 1, '2017-03-02 21:36:55', '2016-03-19 01:00:37');
INSERT INTO `orders` (`id`, `user_id`, `payment_type_id`, `created_at`, `updated_at`) VALUES (70, 33, 1, '2011-01-02 10:00:13', '2012-10-16 07:34:08');
INSERT INTO `orders` (`id`, `user_id`, `payment_type_id`, `created_at`, `updated_at`) VALUES (71, 16, 2, '2014-09-19 00:09:21', '2011-08-19 10:01:48');
INSERT INTO `orders` (`id`, `user_id`, `payment_type_id`, `created_at`, `updated_at`) VALUES (72, 75, 1, '2017-09-05 06:04:52', '2011-02-20 13:25:38');
INSERT INTO `orders` (`id`, `user_id`, `payment_type_id`, `created_at`, `updated_at`) VALUES (73, 44, 1, '2013-03-18 10:03:42', '2016-07-20 02:14:56');
INSERT INTO `orders` (`id`, `user_id`, `payment_type_id`, `created_at`, `updated_at`) VALUES (74, 48, 1, '2014-05-04 08:02:45', '2018-12-08 23:19:38');
INSERT INTO `orders` (`id`, `user_id`, `payment_type_id`, `created_at`, `updated_at`) VALUES (75, 93, 1, '2019-03-14 02:25:55', '2015-04-08 05:04:48');
INSERT INTO `orders` (`id`, `user_id`, `payment_type_id`, `created_at`, `updated_at`) VALUES (76, 53, 1, '2018-05-18 13:47:29', '2015-11-14 07:03:49');
INSERT INTO `orders` (`id`, `user_id`, `payment_type_id`, `created_at`, `updated_at`) VALUES (77, 11, 2, '2010-05-18 04:37:00', '2018-08-10 19:30:31');
INSERT INTO `orders` (`id`, `user_id`, `payment_type_id`, `created_at`, `updated_at`) VALUES (78, 22, 1, '2014-07-19 06:53:01', '2015-01-26 00:06:48');
INSERT INTO `orders` (`id`, `user_id`, `payment_type_id`, `created_at`, `updated_at`) VALUES (79, 45, 1, '2011-07-10 21:59:53', '2010-12-04 05:14:27');
INSERT INTO `orders` (`id`, `user_id`, `payment_type_id`, `created_at`, `updated_at`) VALUES (80, 26, 1, '2014-06-01 00:24:20', '2015-02-26 13:10:38');
INSERT INTO `orders` (`id`, `user_id`, `payment_type_id`, `created_at`, `updated_at`) VALUES (81, 30, 1, '2014-12-11 11:55:55', '2010-09-21 20:11:51');
INSERT INTO `orders` (`id`, `user_id`, `payment_type_id`, `created_at`, `updated_at`) VALUES (82, 23, 1, '2018-08-26 15:07:25', '2017-10-29 03:49:01');
INSERT INTO `orders` (`id`, `user_id`, `payment_type_id`, `created_at`, `updated_at`) VALUES (83, 96, 1, '2014-06-17 06:32:23', '2011-01-05 02:26:17');
INSERT INTO `orders` (`id`, `user_id`, `payment_type_id`, `created_at`, `updated_at`) VALUES (84, 9, 1, '2011-05-09 03:28:31', '2020-03-10 02:21:58');
INSERT INTO `orders` (`id`, `user_id`, `payment_type_id`, `created_at`, `updated_at`) VALUES (85, 88, 1, '2019-10-26 11:19:01', '2012-04-20 15:44:29');
INSERT INTO `orders` (`id`, `user_id`, `payment_type_id`, `created_at`, `updated_at`) VALUES (86, 4, 1, '2013-04-26 04:23:22', '2010-07-21 15:54:32');
INSERT INTO `orders` (`id`, `user_id`, `payment_type_id`, `created_at`, `updated_at`) VALUES (87, 3, 2, '2014-11-14 01:51:05', '2016-10-01 12:37:34');
INSERT INTO `orders` (`id`, `user_id`, `payment_type_id`, `created_at`, `updated_at`) VALUES (88, 2, 1, '2014-09-09 05:17:32', '2014-11-15 22:59:53');
INSERT INTO `orders` (`id`, `user_id`, `payment_type_id`, `created_at`, `updated_at`) VALUES (89, 39, 1, '2012-04-26 18:40:33', '2016-10-28 22:10:14');
INSERT INTO `orders` (`id`, `user_id`, `payment_type_id`, `created_at`, `updated_at`) VALUES (90, 32, 2, '2011-08-19 16:16:36', '2014-08-21 04:30:29');
INSERT INTO `orders` (`id`, `user_id`, `payment_type_id`, `created_at`, `updated_at`) VALUES (91, 24, 1, '2015-01-08 19:15:31', '2013-04-12 08:59:18');
INSERT INTO `orders` (`id`, `user_id`, `payment_type_id`, `created_at`, `updated_at`) VALUES (92, 41, 2, '2012-10-16 16:22:37', '2017-09-21 14:08:33');
INSERT INTO `orders` (`id`, `user_id`, `payment_type_id`, `created_at`, `updated_at`) VALUES (93, 45, 1, '2015-12-04 09:48:48', '2012-04-16 05:00:39');
INSERT INTO `orders` (`id`, `user_id`, `payment_type_id`, `created_at`, `updated_at`) VALUES (94, 9, 2, '2015-08-05 19:11:35', '2014-09-09 23:45:54');
INSERT INTO `orders` (`id`, `user_id`, `payment_type_id`, `created_at`, `updated_at`) VALUES (95, 23, 2, '2015-07-08 22:10:50', '2016-02-25 23:35:56');
INSERT INTO `orders` (`id`, `user_id`, `payment_type_id`, `created_at`, `updated_at`) VALUES (96, 20, 2, '2013-02-06 04:16:21', '2019-11-19 07:53:56');
INSERT INTO `orders` (`id`, `user_id`, `payment_type_id`, `created_at`, `updated_at`) VALUES (97, 94, 1, '2012-08-31 14:01:13', '2013-06-06 08:15:21');
INSERT INTO `orders` (`id`, `user_id`, `payment_type_id`, `created_at`, `updated_at`) VALUES (98, 59, 1, '2017-08-17 04:18:38', '2010-08-13 23:31:54');
INSERT INTO `orders` (`id`, `user_id`, `payment_type_id`, `created_at`, `updated_at`) VALUES (99, 76, 1, '2010-10-20 18:13:37', '2019-12-16 10:26:44');
INSERT INTO `orders` (`id`, `user_id`, `payment_type_id`, `created_at`, `updated_at`) VALUES (100, 12, 1, '2013-12-01 16:44:18', '2018-08-29 07:19:20');

-- заполнение orders_delivery

INSERT INTO `orders_delivery` (`order_id`, `delivery_method_id`, `delivery_service_id`, `created_at`, `updated_at`) VALUES (1, 2, 34, '2010-11-25 19:25:40', '2020-03-27 17:36:45');
INSERT INTO `orders_delivery` (`order_id`, `delivery_method_id`, `delivery_service_id`, `created_at`, `updated_at`) VALUES (2, 1, 42, '2012-02-20 10:07:00', '2017-10-21 00:54:32');
INSERT INTO `orders_delivery` (`order_id`, `delivery_method_id`, `delivery_service_id`, `created_at`, `updated_at`) VALUES (3, 1, 71, '2014-08-02 08:46:39', '2017-04-15 17:08:34');
INSERT INTO `orders_delivery` (`order_id`, `delivery_method_id`, `delivery_service_id`, `created_at`, `updated_at`) VALUES (4, 2, 48, '2019-06-14 11:09:28', '2016-02-23 07:42:29');
INSERT INTO `orders_delivery` (`order_id`, `delivery_method_id`, `delivery_service_id`, `created_at`, `updated_at`) VALUES (5, 1, 44, '2011-12-28 02:53:55', '2017-02-06 00:40:35');
INSERT INTO `orders_delivery` (`order_id`, `delivery_method_id`, `delivery_service_id`, `created_at`, `updated_at`) VALUES (6, 2, 63, '2018-12-17 05:00:31', '2014-12-02 16:36:21');
INSERT INTO `orders_delivery` (`order_id`, `delivery_method_id`, `delivery_service_id`, `created_at`, `updated_at`) VALUES (7, 1, 58, '2011-01-19 07:49:49', '2017-06-22 02:01:51');
INSERT INTO `orders_delivery` (`order_id`, `delivery_method_id`, `delivery_service_id`, `created_at`, `updated_at`) VALUES (8, 1, 78, '2016-05-26 21:15:19', '2018-09-16 23:54:26');
INSERT INTO `orders_delivery` (`order_id`, `delivery_method_id`, `delivery_service_id`, `created_at`, `updated_at`) VALUES (9, 2, 18, '2018-06-15 06:59:14', '2016-11-12 15:00:04');
INSERT INTO `orders_delivery` (`order_id`, `delivery_method_id`, `delivery_service_id`, `created_at`, `updated_at`) VALUES (10, 1, 29, '2013-05-15 15:43:30', '2016-10-06 05:12:48');
INSERT INTO `orders_delivery` (`order_id`, `delivery_method_id`, `delivery_service_id`, `created_at`, `updated_at`) VALUES (11, 1, 21, '2017-02-05 01:35:21', '2011-02-24 17:45:42');
INSERT INTO `orders_delivery` (`order_id`, `delivery_method_id`, `delivery_service_id`, `created_at`, `updated_at`) VALUES (12, 1, 68, '2019-11-03 20:24:28', '2020-01-21 08:25:03');
INSERT INTO `orders_delivery` (`order_id`, `delivery_method_id`, `delivery_service_id`, `created_at`, `updated_at`) VALUES (13, 2, 41, '2015-06-23 20:54:24', '2012-07-08 22:40:41');
INSERT INTO `orders_delivery` (`order_id`, `delivery_method_id`, `delivery_service_id`, `created_at`, `updated_at`) VALUES (14, 2, 85, '2017-01-03 05:52:17', '2017-12-15 16:08:25');
INSERT INTO `orders_delivery` (`order_id`, `delivery_method_id`, `delivery_service_id`, `created_at`, `updated_at`) VALUES (15, 2, 37, '2016-05-29 04:35:42', '2010-05-15 17:08:22');
INSERT INTO `orders_delivery` (`order_id`, `delivery_method_id`, `delivery_service_id`, `created_at`, `updated_at`) VALUES (16, 1, 54, '2012-03-02 01:29:03', '2013-06-25 00:30:04');
INSERT INTO `orders_delivery` (`order_id`, `delivery_method_id`, `delivery_service_id`, `created_at`, `updated_at`) VALUES (17, 2, 13, '2016-01-08 08:18:32', '2014-06-01 05:07:59');
INSERT INTO `orders_delivery` (`order_id`, `delivery_method_id`, `delivery_service_id`, `created_at`, `updated_at`) VALUES (18, 2, 74, '2012-05-16 08:55:17', '2015-07-21 16:32:26');
INSERT INTO `orders_delivery` (`order_id`, `delivery_method_id`, `delivery_service_id`, `created_at`, `updated_at`) VALUES (19, 1, 80, '2014-03-09 22:22:12', '2017-10-17 03:24:49');
INSERT INTO `orders_delivery` (`order_id`, `delivery_method_id`, `delivery_service_id`, `created_at`, `updated_at`) VALUES (20, 2, 50, '2014-10-18 20:13:00', '2011-02-10 19:38:11');
INSERT INTO `orders_delivery` (`order_id`, `delivery_method_id`, `delivery_service_id`, `created_at`, `updated_at`) VALUES (21, 2, 11, '2020-01-01 13:11:02', '2019-09-07 15:49:45');
INSERT INTO `orders_delivery` (`order_id`, `delivery_method_id`, `delivery_service_id`, `created_at`, `updated_at`) VALUES (22, 1, 21, '2018-08-20 18:29:52', '2013-11-27 12:07:06');
INSERT INTO `orders_delivery` (`order_id`, `delivery_method_id`, `delivery_service_id`, `created_at`, `updated_at`) VALUES (23, 2, 35, '2016-12-11 17:21:41', '2016-05-22 00:47:20');
INSERT INTO `orders_delivery` (`order_id`, `delivery_method_id`, `delivery_service_id`, `created_at`, `updated_at`) VALUES (24, 1, 50, '2010-09-11 13:51:28', '2010-10-23 01:29:12');
INSERT INTO `orders_delivery` (`order_id`, `delivery_method_id`, `delivery_service_id`, `created_at`, `updated_at`) VALUES (25, 1, 55, '2013-05-05 08:25:05', '2018-03-27 06:42:31');
INSERT INTO `orders_delivery` (`order_id`, `delivery_method_id`, `delivery_service_id`, `created_at`, `updated_at`) VALUES (26, 1, 59, '2018-06-04 02:13:49', '2012-02-20 22:41:34');
INSERT INTO `orders_delivery` (`order_id`, `delivery_method_id`, `delivery_service_id`, `created_at`, `updated_at`) VALUES (27, 2, 34, '2015-06-25 01:07:17', '2012-04-03 22:54:19');
INSERT INTO `orders_delivery` (`order_id`, `delivery_method_id`, `delivery_service_id`, `created_at`, `updated_at`) VALUES (28, 1, 33, '2020-01-30 06:33:40', '2014-01-08 12:48:08');
INSERT INTO `orders_delivery` (`order_id`, `delivery_method_id`, `delivery_service_id`, `created_at`, `updated_at`) VALUES (29, 1, 75, '2013-08-10 11:53:51', '2014-10-09 14:00:28');
INSERT INTO `orders_delivery` (`order_id`, `delivery_method_id`, `delivery_service_id`, `created_at`, `updated_at`) VALUES (30, 1, 79, '2016-06-09 17:48:12', '2017-10-04 14:29:12');
INSERT INTO `orders_delivery` (`order_id`, `delivery_method_id`, `delivery_service_id`, `created_at`, `updated_at`) VALUES (31, 1, 99, '2013-12-02 09:35:39', '2012-02-23 22:46:31');
INSERT INTO `orders_delivery` (`order_id`, `delivery_method_id`, `delivery_service_id`, `created_at`, `updated_at`) VALUES (32, 2, 86, '2016-11-12 22:01:06', '2018-09-19 15:42:56');
INSERT INTO `orders_delivery` (`order_id`, `delivery_method_id`, `delivery_service_id`, `created_at`, `updated_at`) VALUES (33, 2, 38, '2014-10-12 20:23:37', '2015-04-29 11:41:17');
INSERT INTO `orders_delivery` (`order_id`, `delivery_method_id`, `delivery_service_id`, `created_at`, `updated_at`) VALUES (34, 1, 79, '2010-11-03 22:34:26', '2015-02-14 19:02:24');
INSERT INTO `orders_delivery` (`order_id`, `delivery_method_id`, `delivery_service_id`, `created_at`, `updated_at`) VALUES (35, 1, 80, '2020-04-09 02:54:01', '2011-12-27 01:14:09');
INSERT INTO `orders_delivery` (`order_id`, `delivery_method_id`, `delivery_service_id`, `created_at`, `updated_at`) VALUES (36, 1, 24, '2013-08-21 09:37:01', '2012-05-09 11:29:26');
INSERT INTO `orders_delivery` (`order_id`, `delivery_method_id`, `delivery_service_id`, `created_at`, `updated_at`) VALUES (37, 2, 3, '2013-03-12 23:23:15', '2013-12-29 22:48:55');
INSERT INTO `orders_delivery` (`order_id`, `delivery_method_id`, `delivery_service_id`, `created_at`, `updated_at`) VALUES (38, 2, 62, '2019-08-11 18:32:58', '2013-10-04 04:23:47');
INSERT INTO `orders_delivery` (`order_id`, `delivery_method_id`, `delivery_service_id`, `created_at`, `updated_at`) VALUES (39, 1, 89, '2017-10-28 11:46:14', '2014-06-01 02:08:23');
INSERT INTO `orders_delivery` (`order_id`, `delivery_method_id`, `delivery_service_id`, `created_at`, `updated_at`) VALUES (40, 1, 10, '2018-06-11 18:33:16', '2011-07-04 12:16:55');
INSERT INTO `orders_delivery` (`order_id`, `delivery_method_id`, `delivery_service_id`, `created_at`, `updated_at`) VALUES (41, 2, 64, '2019-11-11 03:04:16', '2013-10-27 15:43:58');
INSERT INTO `orders_delivery` (`order_id`, `delivery_method_id`, `delivery_service_id`, `created_at`, `updated_at`) VALUES (42, 2, 51, '2017-11-23 13:52:32', '2011-06-05 07:34:22');
INSERT INTO `orders_delivery` (`order_id`, `delivery_method_id`, `delivery_service_id`, `created_at`, `updated_at`) VALUES (43, 2, 27, '2014-02-18 03:36:01', '2016-01-21 16:05:15');
INSERT INTO `orders_delivery` (`order_id`, `delivery_method_id`, `delivery_service_id`, `created_at`, `updated_at`) VALUES (44, 1, 84, '2013-01-28 20:05:51', '2019-03-22 23:07:28');
INSERT INTO `orders_delivery` (`order_id`, `delivery_method_id`, `delivery_service_id`, `created_at`, `updated_at`) VALUES (45, 2, 90, '2018-10-02 20:00:05', '2014-03-28 15:52:38');
INSERT INTO `orders_delivery` (`order_id`, `delivery_method_id`, `delivery_service_id`, `created_at`, `updated_at`) VALUES (46, 2, 36, '2018-03-07 18:22:45', '2011-08-12 06:54:33');
INSERT INTO `orders_delivery` (`order_id`, `delivery_method_id`, `delivery_service_id`, `created_at`, `updated_at`) VALUES (47, 1, 59, '2017-06-07 13:57:35', '2011-11-04 03:51:31');
INSERT INTO `orders_delivery` (`order_id`, `delivery_method_id`, `delivery_service_id`, `created_at`, `updated_at`) VALUES (48, 2, 40, '2012-05-18 08:03:37', '2011-04-11 09:29:47');
INSERT INTO `orders_delivery` (`order_id`, `delivery_method_id`, `delivery_service_id`, `created_at`, `updated_at`) VALUES (49, 2, 21, '2017-01-22 19:59:42', '2012-11-30 14:19:57');
INSERT INTO `orders_delivery` (`order_id`, `delivery_method_id`, `delivery_service_id`, `created_at`, `updated_at`) VALUES (50, 2, 12, '2011-08-08 08:00:21', '2013-04-06 08:11:26');
INSERT INTO `orders_delivery` (`order_id`, `delivery_method_id`, `delivery_service_id`, `created_at`, `updated_at`) VALUES (51, 2, 34, '2014-07-24 02:35:31', '2018-09-18 08:14:16');
INSERT INTO `orders_delivery` (`order_id`, `delivery_method_id`, `delivery_service_id`, `created_at`, `updated_at`) VALUES (52, 2, 40, '2011-08-11 19:06:03', '2013-07-29 07:38:46');
INSERT INTO `orders_delivery` (`order_id`, `delivery_method_id`, `delivery_service_id`, `created_at`, `updated_at`) VALUES (53, 2, 95, '2011-11-01 06:00:02', '2011-11-06 09:29:20');
INSERT INTO `orders_delivery` (`order_id`, `delivery_method_id`, `delivery_service_id`, `created_at`, `updated_at`) VALUES (54, 2, 48, '2010-11-05 02:17:10', '2012-12-06 08:06:43');
INSERT INTO `orders_delivery` (`order_id`, `delivery_method_id`, `delivery_service_id`, `created_at`, `updated_at`) VALUES (55, 2, 92, '2017-04-07 13:07:20', '2011-09-20 20:02:45');
INSERT INTO `orders_delivery` (`order_id`, `delivery_method_id`, `delivery_service_id`, `created_at`, `updated_at`) VALUES (56, 1, 60, '2013-03-14 23:11:30', '2020-03-20 21:59:18');
INSERT INTO `orders_delivery` (`order_id`, `delivery_method_id`, `delivery_service_id`, `created_at`, `updated_at`) VALUES (57, 1, 64, '2012-02-20 15:24:04', '2018-07-25 10:55:30');
INSERT INTO `orders_delivery` (`order_id`, `delivery_method_id`, `delivery_service_id`, `created_at`, `updated_at`) VALUES (58, 1, 15, '2017-02-28 10:16:15', '2015-09-20 21:01:40');
INSERT INTO `orders_delivery` (`order_id`, `delivery_method_id`, `delivery_service_id`, `created_at`, `updated_at`) VALUES (59, 1, 35, '2015-01-10 00:19:15', '2016-10-02 01:29:39');
INSERT INTO `orders_delivery` (`order_id`, `delivery_method_id`, `delivery_service_id`, `created_at`, `updated_at`) VALUES (60, 2, 24, '2014-09-13 19:11:49', '2019-02-16 23:48:55');
INSERT INTO `orders_delivery` (`order_id`, `delivery_method_id`, `delivery_service_id`, `created_at`, `updated_at`) VALUES (61, 2, 18, '2016-10-19 15:09:41', '2011-02-06 19:38:21');
INSERT INTO `orders_delivery` (`order_id`, `delivery_method_id`, `delivery_service_id`, `created_at`, `updated_at`) VALUES (62, 2, 70, '2020-03-31 17:07:44', '2017-09-26 04:49:28');
INSERT INTO `orders_delivery` (`order_id`, `delivery_method_id`, `delivery_service_id`, `created_at`, `updated_at`) VALUES (63, 1, 39, '2014-01-30 18:48:13', '2020-01-25 11:06:06');
INSERT INTO `orders_delivery` (`order_id`, `delivery_method_id`, `delivery_service_id`, `created_at`, `updated_at`) VALUES (64, 1, 81, '2011-04-13 21:09:46', '2013-07-11 08:35:51');
INSERT INTO `orders_delivery` (`order_id`, `delivery_method_id`, `delivery_service_id`, `created_at`, `updated_at`) VALUES (65, 1, 94, '2019-09-26 12:08:16', '2014-01-28 17:54:29');
INSERT INTO `orders_delivery` (`order_id`, `delivery_method_id`, `delivery_service_id`, `created_at`, `updated_at`) VALUES (66, 2, 12, '2010-06-21 19:46:27', '2016-06-21 15:14:54');
INSERT INTO `orders_delivery` (`order_id`, `delivery_method_id`, `delivery_service_id`, `created_at`, `updated_at`) VALUES (67, 1, 100, '2013-01-22 01:07:27', '2011-11-26 20:08:43');
INSERT INTO `orders_delivery` (`order_id`, `delivery_method_id`, `delivery_service_id`, `created_at`, `updated_at`) VALUES (68, 2, 52, '2015-10-31 15:59:44', '2012-08-17 23:19:27');
INSERT INTO `orders_delivery` (`order_id`, `delivery_method_id`, `delivery_service_id`, `created_at`, `updated_at`) VALUES (69, 1, 96, '2014-05-10 21:32:47', '2013-08-30 11:47:25');
INSERT INTO `orders_delivery` (`order_id`, `delivery_method_id`, `delivery_service_id`, `created_at`, `updated_at`) VALUES (70, 1, 62, '2010-12-18 10:42:06', '2017-12-19 23:13:23');
INSERT INTO `orders_delivery` (`order_id`, `delivery_method_id`, `delivery_service_id`, `created_at`, `updated_at`) VALUES (71, 2, 90, '2013-10-23 02:56:52', '2018-07-24 23:33:35');
INSERT INTO `orders_delivery` (`order_id`, `delivery_method_id`, `delivery_service_id`, `created_at`, `updated_at`) VALUES (72, 1, 20, '2017-02-15 14:30:07', '2018-10-30 11:35:05');
INSERT INTO `orders_delivery` (`order_id`, `delivery_method_id`, `delivery_service_id`, `created_at`, `updated_at`) VALUES (73, 2, 16, '2010-08-15 01:12:19', '2012-11-06 05:51:55');
INSERT INTO `orders_delivery` (`order_id`, `delivery_method_id`, `delivery_service_id`, `created_at`, `updated_at`) VALUES (74, 1, 31, '2014-11-17 02:31:56', '2019-11-03 21:30:10');
INSERT INTO `orders_delivery` (`order_id`, `delivery_method_id`, `delivery_service_id`, `created_at`, `updated_at`) VALUES (75, 1, 88, '2017-01-13 07:14:20', '2018-10-27 10:11:04');
INSERT INTO `orders_delivery` (`order_id`, `delivery_method_id`, `delivery_service_id`, `created_at`, `updated_at`) VALUES (76, 2, 46, '2019-11-12 05:53:48', '2017-02-05 08:58:41');
INSERT INTO `orders_delivery` (`order_id`, `delivery_method_id`, `delivery_service_id`, `created_at`, `updated_at`) VALUES (77, 2, 86, '2017-09-16 10:30:51', '2018-01-30 23:15:31');
INSERT INTO `orders_delivery` (`order_id`, `delivery_method_id`, `delivery_service_id`, `created_at`, `updated_at`) VALUES (78, 2, 95, '2010-10-29 20:30:54', '2019-07-01 16:08:04');
INSERT INTO `orders_delivery` (`order_id`, `delivery_method_id`, `delivery_service_id`, `created_at`, `updated_at`) VALUES (79, 2, 61, '2019-02-17 06:25:27', '2014-11-26 11:09:19');
INSERT INTO `orders_delivery` (`order_id`, `delivery_method_id`, `delivery_service_id`, `created_at`, `updated_at`) VALUES (80, 2, 85, '2012-10-29 22:24:29', '2015-12-24 07:09:00');
INSERT INTO `orders_delivery` (`order_id`, `delivery_method_id`, `delivery_service_id`, `created_at`, `updated_at`) VALUES (81, 2, 91, '2011-07-09 05:48:32', '2011-03-10 14:18:04');
INSERT INTO `orders_delivery` (`order_id`, `delivery_method_id`, `delivery_service_id`, `created_at`, `updated_at`) VALUES (82, 1, 23, '2014-03-27 12:48:40', '2016-04-10 23:42:57');
INSERT INTO `orders_delivery` (`order_id`, `delivery_method_id`, `delivery_service_id`, `created_at`, `updated_at`) VALUES (83, 1, 83, '2012-10-12 04:18:38', '2017-02-02 19:04:27');
INSERT INTO `orders_delivery` (`order_id`, `delivery_method_id`, `delivery_service_id`, `created_at`, `updated_at`) VALUES (84, 1, 77, '2012-11-22 10:09:56', '2010-07-27 21:22:22');
INSERT INTO `orders_delivery` (`order_id`, `delivery_method_id`, `delivery_service_id`, `created_at`, `updated_at`) VALUES (85, 2, 47, '2011-09-01 00:54:52', '2015-05-26 22:25:11');
INSERT INTO `orders_delivery` (`order_id`, `delivery_method_id`, `delivery_service_id`, `created_at`, `updated_at`) VALUES (86, 1, 17, '2016-10-06 08:17:08', '2012-07-07 21:59:00');
INSERT INTO `orders_delivery` (`order_id`, `delivery_method_id`, `delivery_service_id`, `created_at`, `updated_at`) VALUES (87, 2, 28, '2017-09-29 11:05:23', '2015-10-04 22:02:20');
INSERT INTO `orders_delivery` (`order_id`, `delivery_method_id`, `delivery_service_id`, `created_at`, `updated_at`) VALUES (88, 2, 96, '2011-10-25 04:22:48', '2016-02-21 13:08:30');
INSERT INTO `orders_delivery` (`order_id`, `delivery_method_id`, `delivery_service_id`, `created_at`, `updated_at`) VALUES (89, 1, 71, '2014-09-04 19:59:37', '2016-03-12 08:24:34');
INSERT INTO `orders_delivery` (`order_id`, `delivery_method_id`, `delivery_service_id`, `created_at`, `updated_at`) VALUES (90, 2, 87, '2012-01-03 18:19:20', '2019-04-19 20:49:09');
INSERT INTO `orders_delivery` (`order_id`, `delivery_method_id`, `delivery_service_id`, `created_at`, `updated_at`) VALUES (91, 2, 92, '2015-02-01 02:39:48', '2016-04-24 09:53:20');
INSERT INTO `orders_delivery` (`order_id`, `delivery_method_id`, `delivery_service_id`, `created_at`, `updated_at`) VALUES (92, 2, 40, '2014-01-05 08:15:55', '2011-05-10 07:31:53');
INSERT INTO `orders_delivery` (`order_id`, `delivery_method_id`, `delivery_service_id`, `created_at`, `updated_at`) VALUES (93, 1, 21, '2019-02-26 18:43:07', '2017-07-21 14:21:26');
INSERT INTO `orders_delivery` (`order_id`, `delivery_method_id`, `delivery_service_id`, `created_at`, `updated_at`) VALUES (94, 1, 22, '2019-02-23 12:26:43', '2019-04-15 05:13:25');
INSERT INTO `orders_delivery` (`order_id`, `delivery_method_id`, `delivery_service_id`, `created_at`, `updated_at`) VALUES (95, 1, 88, '2012-01-27 20:05:27', '2010-10-07 21:15:01');
INSERT INTO `orders_delivery` (`order_id`, `delivery_method_id`, `delivery_service_id`, `created_at`, `updated_at`) VALUES (96, 1, 15, '2016-12-31 18:48:00', '2014-12-09 22:20:53');
INSERT INTO `orders_delivery` (`order_id`, `delivery_method_id`, `delivery_service_id`, `created_at`, `updated_at`) VALUES (97, 1, 46, '2013-10-18 08:55:50', '2011-03-15 16:22:55');
INSERT INTO `orders_delivery` (`order_id`, `delivery_method_id`, `delivery_service_id`, `created_at`, `updated_at`) VALUES (98, 2, 89, '2012-07-04 18:45:42', '2011-11-07 20:00:35');
INSERT INTO `orders_delivery` (`order_id`, `delivery_method_id`, `delivery_service_id`, `created_at`, `updated_at`) VALUES (99, 1, 20, '2017-08-12 13:01:13', '2012-02-15 09:42:06');
INSERT INTO `orders_delivery` (`order_id`, `delivery_method_id`, `delivery_service_id`, `created_at`, `updated_at`) VALUES (100, 2, 91, '2014-01-16 06:01:56', '2014-04-26 20:03:23');

-- заполнение orders_products

INSERT INTO `orders_products` (`order_id`, `product_id`, `created_at`, `updated_at`) VALUES (4, 61, '2019-11-07 18:57:40', '2015-02-20 02:42:14');
INSERT INTO `orders_products` (`order_id`, `product_id`, `created_at`, `updated_at`) VALUES (69, 75, '2012-08-05 18:58:42', '2019-07-08 16:14:05');
INSERT INTO `orders_products` (`order_id`, `product_id`, `created_at`, `updated_at`) VALUES (5, 86, '2013-03-31 05:56:22', '2011-12-23 06:29:19');
INSERT INTO `orders_products` (`order_id`, `product_id`, `created_at`, `updated_at`) VALUES (43, 78, '2015-04-15 07:12:52', '2014-12-13 07:59:11');
INSERT INTO `orders_products` (`order_id`, `product_id`, `created_at`, `updated_at`) VALUES (35, 24, '2017-08-20 23:41:34', '2020-01-03 20:11:28');
INSERT INTO `orders_products` (`order_id`, `product_id`, `created_at`, `updated_at`) VALUES (45, 53, '2015-01-07 01:02:02', '2019-03-21 02:45:28');
INSERT INTO `orders_products` (`order_id`, `product_id`, `created_at`, `updated_at`) VALUES (85, 52, '2012-08-06 08:31:16', '2020-04-13 09:21:10');
INSERT INTO `orders_products` (`order_id`, `product_id`, `created_at`, `updated_at`) VALUES (35, 26, '2013-06-01 12:47:49', '2017-07-21 08:52:34');
INSERT INTO `orders_products` (`order_id`, `product_id`, `created_at`, `updated_at`) VALUES (52, 92, '2018-02-21 08:04:45', '2018-12-06 07:04:09');
INSERT INTO `orders_products` (`order_id`, `product_id`, `created_at`, `updated_at`) VALUES (55, 56, '2012-01-27 21:51:55', '2018-08-17 18:37:45');
INSERT INTO `orders_products` (`order_id`, `product_id`, `created_at`, `updated_at`) VALUES (24, 91, '2013-05-12 16:04:27', '2012-07-01 03:12:57');
INSERT INTO `orders_products` (`order_id`, `product_id`, `created_at`, `updated_at`) VALUES (42, 87, '2010-07-12 00:26:43', '2016-02-29 16:26:02');
INSERT INTO `orders_products` (`order_id`, `product_id`, `created_at`, `updated_at`) VALUES (98, 45, '2018-10-02 06:53:06', '2016-05-18 06:33:44');
INSERT INTO `orders_products` (`order_id`, `product_id`, `created_at`, `updated_at`) VALUES (100, 39, '2010-05-24 19:04:36', '2014-05-30 21:00:40');
INSERT INTO `orders_products` (`order_id`, `product_id`, `created_at`, `updated_at`) VALUES (96, 94, '2018-08-16 21:55:04', '2014-10-04 15:04:28');
INSERT INTO `orders_products` (`order_id`, `product_id`, `created_at`, `updated_at`) VALUES (68, 36, '2012-06-05 23:19:13', '2016-04-05 01:03:00');
INSERT INTO `orders_products` (`order_id`, `product_id`, `created_at`, `updated_at`) VALUES (11, 16, '2017-06-11 11:13:38', '2017-11-21 02:20:44');
INSERT INTO `orders_products` (`order_id`, `product_id`, `created_at`, `updated_at`) VALUES (98, 65, '2013-09-05 03:21:52', '2010-05-28 06:30:39');
INSERT INTO `orders_products` (`order_id`, `product_id`, `created_at`, `updated_at`) VALUES (66, 2, '2019-04-17 17:29:09', '2013-02-04 23:27:30');
INSERT INTO `orders_products` (`order_id`, `product_id`, `created_at`, `updated_at`) VALUES (17, 53, '2014-04-29 12:26:42', '2017-05-02 20:46:08');
INSERT INTO `orders_products` (`order_id`, `product_id`, `created_at`, `updated_at`) VALUES (96, 91, '2010-12-20 05:38:13', '2017-09-23 01:24:00');
INSERT INTO `orders_products` (`order_id`, `product_id`, `created_at`, `updated_at`) VALUES (65, 16, '2019-05-14 05:00:17', '2011-11-05 23:56:47');
INSERT INTO `orders_products` (`order_id`, `product_id`, `created_at`, `updated_at`) VALUES (86, 10, '2011-05-30 21:45:33', '2019-09-23 03:28:42');
INSERT INTO `orders_products` (`order_id`, `product_id`, `created_at`, `updated_at`) VALUES (54, 93, '2013-07-31 18:33:50', '2013-02-24 22:48:39');
INSERT INTO `orders_products` (`order_id`, `product_id`, `created_at`, `updated_at`) VALUES (9, 71, '2020-01-29 09:38:13', '2019-10-28 19:59:12');
INSERT INTO `orders_products` (`order_id`, `product_id`, `created_at`, `updated_at`) VALUES (25, 82, '2017-06-12 11:35:52', '2019-05-03 16:29:42');
INSERT INTO `orders_products` (`order_id`, `product_id`, `created_at`, `updated_at`) VALUES (12, 23, '2017-12-19 03:01:49', '2019-07-09 13:47:05');
INSERT INTO `orders_products` (`order_id`, `product_id`, `created_at`, `updated_at`) VALUES (58, 100, '2010-10-04 10:49:20', '2016-08-17 13:52:12');
INSERT INTO `orders_products` (`order_id`, `product_id`, `created_at`, `updated_at`) VALUES (95, 92, '2019-06-06 23:18:41', '2011-01-23 21:47:48');
INSERT INTO `orders_products` (`order_id`, `product_id`, `created_at`, `updated_at`) VALUES (71, 63, '2011-11-18 18:08:50', '2013-12-14 07:45:22');
INSERT INTO `orders_products` (`order_id`, `product_id`, `created_at`, `updated_at`) VALUES (17, 4, '2019-11-22 07:07:57', '2013-02-06 04:35:39');
INSERT INTO `orders_products` (`order_id`, `product_id`, `created_at`, `updated_at`) VALUES (45, 100, '2019-05-30 16:55:20', '2012-01-01 16:37:48');
INSERT INTO `orders_products` (`order_id`, `product_id`, `created_at`, `updated_at`) VALUES (10, 97, '2013-12-10 15:38:09', '2015-11-06 21:35:52');
INSERT INTO `orders_products` (`order_id`, `product_id`, `created_at`, `updated_at`) VALUES (24, 6, '2011-09-07 16:05:38', '2012-02-13 07:51:16');
INSERT INTO `orders_products` (`order_id`, `product_id`, `created_at`, `updated_at`) VALUES (33, 44, '2011-01-24 02:12:10', '2012-09-17 00:26:13');
INSERT INTO `orders_products` (`order_id`, `product_id`, `created_at`, `updated_at`) VALUES (1, 92, '2013-09-12 07:30:37', '2017-11-14 19:41:49');
INSERT INTO `orders_products` (`order_id`, `product_id`, `created_at`, `updated_at`) VALUES (76, 72, '2012-04-30 05:37:11', '2019-02-12 11:19:34');
INSERT INTO `orders_products` (`order_id`, `product_id`, `created_at`, `updated_at`) VALUES (55, 64, '2010-12-10 02:13:44', '2020-03-01 14:00:04');
INSERT INTO `orders_products` (`order_id`, `product_id`, `created_at`, `updated_at`) VALUES (90, 51, '2017-05-02 06:24:19', '2018-01-18 07:50:42');
INSERT INTO `orders_products` (`order_id`, `product_id`, `created_at`, `updated_at`) VALUES (94, 72, '2014-07-04 08:31:38', '2016-04-19 14:37:51');
INSERT INTO `orders_products` (`order_id`, `product_id`, `created_at`, `updated_at`) VALUES (38, 58, '2010-07-25 00:20:31', '2016-03-01 05:38:57');
INSERT INTO `orders_products` (`order_id`, `product_id`, `created_at`, `updated_at`) VALUES (29, 39, '2011-01-03 21:56:26', '2017-01-31 19:20:08');
INSERT INTO `orders_products` (`order_id`, `product_id`, `created_at`, `updated_at`) VALUES (78, 51, '2018-11-04 06:29:22', '2012-08-28 22:48:35');
INSERT INTO `orders_products` (`order_id`, `product_id`, `created_at`, `updated_at`) VALUES (66, 67, '2018-03-27 23:06:02', '2010-07-12 04:19:10');
INSERT INTO `orders_products` (`order_id`, `product_id`, `created_at`, `updated_at`) VALUES (56, 75, '2014-06-25 09:20:24', '2018-05-09 01:24:37');
INSERT INTO `orders_products` (`order_id`, `product_id`, `created_at`, `updated_at`) VALUES (82, 6, '2013-02-19 22:53:43', '2012-08-20 18:13:58');
INSERT INTO `orders_products` (`order_id`, `product_id`, `created_at`, `updated_at`) VALUES (80, 2, '2012-10-25 06:02:10', '2016-11-16 12:18:06');
INSERT INTO `orders_products` (`order_id`, `product_id`, `created_at`, `updated_at`) VALUES (15, 38, '2014-07-30 08:20:42', '2011-07-19 01:01:14');
INSERT INTO `orders_products` (`order_id`, `product_id`, `created_at`, `updated_at`) VALUES (59, 91, '2016-12-13 09:20:04', '2017-11-19 18:13:00');
INSERT INTO `orders_products` (`order_id`, `product_id`, `created_at`, `updated_at`) VALUES (83, 15, '2019-05-30 03:01:20', '2015-04-16 12:30:34');
INSERT INTO `orders_products` (`order_id`, `product_id`, `created_at`, `updated_at`) VALUES (71, 80, '2015-01-14 19:02:35', '2011-12-15 06:48:42');
INSERT INTO `orders_products` (`order_id`, `product_id`, `created_at`, `updated_at`) VALUES (98, 64, '2019-11-28 18:25:56', '2010-07-20 22:00:15');
INSERT INTO `orders_products` (`order_id`, `product_id`, `created_at`, `updated_at`) VALUES (22, 27, '2012-10-07 09:26:34', '2017-05-17 10:58:27');
INSERT INTO `orders_products` (`order_id`, `product_id`, `created_at`, `updated_at`) VALUES (93, 60, '2018-12-11 19:42:46', '2019-08-13 08:03:31');
INSERT INTO `orders_products` (`order_id`, `product_id`, `created_at`, `updated_at`) VALUES (35, 63, '2017-05-29 10:05:11', '2015-09-19 04:42:45');
INSERT INTO `orders_products` (`order_id`, `product_id`, `created_at`, `updated_at`) VALUES (17, 69, '2011-03-04 14:05:59', '2010-11-30 13:53:14');
INSERT INTO `orders_products` (`order_id`, `product_id`, `created_at`, `updated_at`) VALUES (21, 28, '2010-10-20 12:04:58', '2014-05-20 06:10:32');
INSERT INTO `orders_products` (`order_id`, `product_id`, `created_at`, `updated_at`) VALUES (29, 25, '2017-01-26 22:38:52', '2016-02-07 08:35:09');
INSERT INTO `orders_products` (`order_id`, `product_id`, `created_at`, `updated_at`) VALUES (50, 78, '2012-11-16 10:24:27', '2016-12-17 20:18:31');
INSERT INTO `orders_products` (`order_id`, `product_id`, `created_at`, `updated_at`) VALUES (4, 25, '2019-10-14 17:21:03', '2020-04-09 14:59:00');
INSERT INTO `orders_products` (`order_id`, `product_id`, `created_at`, `updated_at`) VALUES (52, 54, '2015-06-15 14:00:54', '2018-07-16 01:17:10');
INSERT INTO `orders_products` (`order_id`, `product_id`, `created_at`, `updated_at`) VALUES (25, 77, '2018-09-04 07:48:01', '2018-04-03 15:22:08');
INSERT INTO `orders_products` (`order_id`, `product_id`, `created_at`, `updated_at`) VALUES (43, 68, '2011-04-04 08:11:50', '2017-10-30 09:37:46');
INSERT INTO `orders_products` (`order_id`, `product_id`, `created_at`, `updated_at`) VALUES (15, 24, '2013-08-15 01:44:07', '2014-05-07 07:38:38');
INSERT INTO `orders_products` (`order_id`, `product_id`, `created_at`, `updated_at`) VALUES (78, 47, '2016-08-27 05:49:49', '2013-09-24 04:50:09');
INSERT INTO `orders_products` (`order_id`, `product_id`, `created_at`, `updated_at`) VALUES (31, 63, '2019-05-28 11:29:57', '2015-10-19 12:11:07');
INSERT INTO `orders_products` (`order_id`, `product_id`, `created_at`, `updated_at`) VALUES (74, 40, '2018-03-18 10:39:52', '2013-11-25 18:18:10');
INSERT INTO `orders_products` (`order_id`, `product_id`, `created_at`, `updated_at`) VALUES (39, 57, '2015-10-05 17:19:25', '2015-02-12 09:48:37');
INSERT INTO `orders_products` (`order_id`, `product_id`, `created_at`, `updated_at`) VALUES (94, 82, '2018-07-17 04:16:01', '2017-04-23 14:42:59');
INSERT INTO `orders_products` (`order_id`, `product_id`, `created_at`, `updated_at`) VALUES (27, 78, '2016-10-10 03:25:32', '2014-12-11 11:43:54');
INSERT INTO `orders_products` (`order_id`, `product_id`, `created_at`, `updated_at`) VALUES (97, 66, '2011-03-14 20:04:24', '2019-01-16 07:34:36');
INSERT INTO `orders_products` (`order_id`, `product_id`, `created_at`, `updated_at`) VALUES (35, 29, '2015-06-08 03:37:48', '2016-09-12 19:36:26');
INSERT INTO `orders_products` (`order_id`, `product_id`, `created_at`, `updated_at`) VALUES (64, 11, '2014-06-28 20:20:52', '2016-12-05 14:09:16');
INSERT INTO `orders_products` (`order_id`, `product_id`, `created_at`, `updated_at`) VALUES (36, 63, '2015-05-06 10:24:30', '2017-01-28 01:00:45');
INSERT INTO `orders_products` (`order_id`, `product_id`, `created_at`, `updated_at`) VALUES (80, 55, '2018-02-21 16:16:32', '2018-03-28 08:09:02');
INSERT INTO `orders_products` (`order_id`, `product_id`, `created_at`, `updated_at`) VALUES (60, 94, '2018-09-24 08:39:14', '2014-05-16 23:30:40');
INSERT INTO `orders_products` (`order_id`, `product_id`, `created_at`, `updated_at`) VALUES (92, 59, '2017-10-22 05:33:05', '2017-01-17 04:21:13');
INSERT INTO `orders_products` (`order_id`, `product_id`, `created_at`, `updated_at`) VALUES (65, 4, '2013-02-24 11:32:52', '2016-12-08 23:46:05');
INSERT INTO `orders_products` (`order_id`, `product_id`, `created_at`, `updated_at`) VALUES (83, 9, '2019-07-20 03:46:42', '2012-12-02 06:45:22');
INSERT INTO `orders_products` (`order_id`, `product_id`, `created_at`, `updated_at`) VALUES (54, 9, '2016-01-03 14:55:42', '2012-01-22 22:55:26');
INSERT INTO `orders_products` (`order_id`, `product_id`, `created_at`, `updated_at`) VALUES (34, 27, '2019-02-05 00:06:30', '2014-06-12 04:38:36');
INSERT INTO `orders_products` (`order_id`, `product_id`, `created_at`, `updated_at`) VALUES (8, 37, '2018-03-11 21:48:08', '2019-03-24 10:11:02');
INSERT INTO `orders_products` (`order_id`, `product_id`, `created_at`, `updated_at`) VALUES (81, 77, '2010-10-05 04:02:41', '2016-09-09 16:49:01');
INSERT INTO `orders_products` (`order_id`, `product_id`, `created_at`, `updated_at`) VALUES (95, 54, '2014-09-04 15:44:19', '2014-10-30 07:57:32');
INSERT INTO `orders_products` (`order_id`, `product_id`, `created_at`, `updated_at`) VALUES (40, 93, '2011-08-01 11:10:53', '2011-11-17 03:47:13');
INSERT INTO `orders_products` (`order_id`, `product_id`, `created_at`, `updated_at`) VALUES (10, 34, '2019-10-27 05:12:38', '2015-11-11 16:32:43');
INSERT INTO `orders_products` (`order_id`, `product_id`, `created_at`, `updated_at`) VALUES (58, 29, '2013-09-16 14:40:08', '2020-04-15 17:47:16');
INSERT INTO `orders_products` (`order_id`, `product_id`, `created_at`, `updated_at`) VALUES (27, 66, '2012-12-09 01:24:46', '2018-11-30 10:47:30');
INSERT INTO `orders_products` (`order_id`, `product_id`, `created_at`, `updated_at`) VALUES (91, 100, '2014-08-21 10:17:13', '2012-03-25 02:55:14');
INSERT INTO `orders_products` (`order_id`, `product_id`, `created_at`, `updated_at`) VALUES (86, 16, '2011-01-18 19:55:51', '2013-08-05 07:24:37');
INSERT INTO `orders_products` (`order_id`, `product_id`, `created_at`, `updated_at`) VALUES (94, 52, '2013-07-06 20:05:49', '2018-09-22 22:39:44');
INSERT INTO `orders_products` (`order_id`, `product_id`, `created_at`, `updated_at`) VALUES (63, 78, '2016-04-27 06:43:58', '2013-12-24 04:07:20');
INSERT INTO `orders_products` (`order_id`, `product_id`, `created_at`, `updated_at`) VALUES (81, 49, '2012-11-10 15:01:40', '2011-04-15 02:12:12');
INSERT INTO `orders_products` (`order_id`, `product_id`, `created_at`, `updated_at`) VALUES (99, 73, '2014-02-03 13:44:47', '2011-05-24 08:23:36');
INSERT INTO `orders_products` (`order_id`, `product_id`, `created_at`, `updated_at`) VALUES (27, 41, '2014-04-16 18:14:19', '2011-06-24 07:23:05');
INSERT INTO `orders_products` (`order_id`, `product_id`, `created_at`, `updated_at`) VALUES (50, 50, '2013-07-07 20:46:37', '2012-06-28 12:43:53');
INSERT INTO `orders_products` (`order_id`, `product_id`, `created_at`, `updated_at`) VALUES (16, 96, '2010-07-16 17:08:32', '2017-10-18 23:55:10');
INSERT INTO `orders_products` (`order_id`, `product_id`, `created_at`, `updated_at`) VALUES (42, 23, '2019-05-26 18:21:06', '2014-11-06 22:52:04');
INSERT INTO `orders_products` (`order_id`, `product_id`, `created_at`, `updated_at`) VALUES (24, 58, '2018-11-04 07:06:00', '2013-02-19 17:27:11');
INSERT INTO `orders_products` (`order_id`, `product_id`, `created_at`, `updated_at`) VALUES (95, 86, '2019-11-12 12:58:00', '2018-07-19 11:45:57');

-- заполнение users_carts

INSERT INTO `users_carts` (`id`, `user_id`, `product_id`, `created_at`, `updated_at`) VALUES (1, 1, 1, '2017-01-19 07:16:34', '2017-07-17 22:49:34');
INSERT INTO `users_carts` (`id`, `user_id`, `product_id`, `created_at`, `updated_at`) VALUES (2, 2, 2, '2012-09-22 10:12:49', '2018-12-20 22:51:57');
INSERT INTO `users_carts` (`id`, `user_id`, `product_id`, `created_at`, `updated_at`) VALUES (3, 3, 3, '2013-05-14 12:14:08', '2014-06-29 09:27:43');
INSERT INTO `users_carts` (`id`, `user_id`, `product_id`, `created_at`, `updated_at`) VALUES (4, 4, 4, '2017-06-23 06:15:27', '2019-08-30 18:45:30');
INSERT INTO `users_carts` (`id`, `user_id`, `product_id`, `created_at`, `updated_at`) VALUES (5, 5, 5, '2016-02-17 16:37:35', '2019-12-24 20:09:00');
INSERT INTO `users_carts` (`id`, `user_id`, `product_id`, `created_at`, `updated_at`) VALUES (6, 6, 6, '2017-07-01 22:07:10', '2019-03-24 14:00:37');
INSERT INTO `users_carts` (`id`, `user_id`, `product_id`, `created_at`, `updated_at`) VALUES (7, 7, 7, '2012-12-11 18:29:13', '2019-05-19 12:07:26');
INSERT INTO `users_carts` (`id`, `user_id`, `product_id`, `created_at`, `updated_at`) VALUES (8, 8, 8, '2010-08-01 15:43:12', '2012-10-10 00:29:55');
INSERT INTO `users_carts` (`id`, `user_id`, `product_id`, `created_at`, `updated_at`) VALUES (9, 9, 9, '2012-04-03 09:38:21', '2020-03-27 19:46:25');
INSERT INTO `users_carts` (`id`, `user_id`, `product_id`, `created_at`, `updated_at`) VALUES (10, 10, 10, '2016-07-05 15:43:31', '2015-01-30 11:01:48');
INSERT INTO `users_carts` (`id`, `user_id`, `product_id`, `created_at`, `updated_at`) VALUES (11, 11, 11, '2011-12-15 20:46:22', '2015-04-06 16:52:53');
INSERT INTO `users_carts` (`id`, `user_id`, `product_id`, `created_at`, `updated_at`) VALUES (12, 12, 12, '2014-10-12 21:48:48', '2014-12-22 22:41:02');
INSERT INTO `users_carts` (`id`, `user_id`, `product_id`, `created_at`, `updated_at`) VALUES (13, 13, 13, '2018-05-13 00:23:45', '2011-07-30 07:47:56');
INSERT INTO `users_carts` (`id`, `user_id`, `product_id`, `created_at`, `updated_at`) VALUES (14, 14, 14, '2018-12-16 11:14:20', '2016-08-24 18:47:09');
INSERT INTO `users_carts` (`id`, `user_id`, `product_id`, `created_at`, `updated_at`) VALUES (15, 15, 15, '2016-10-06 01:19:27', '2011-03-09 18:54:17');
INSERT INTO `users_carts` (`id`, `user_id`, `product_id`, `created_at`, `updated_at`) VALUES (16, 16, 16, '2014-04-13 23:44:47', '2017-05-04 16:54:04');
INSERT INTO `users_carts` (`id`, `user_id`, `product_id`, `created_at`, `updated_at`) VALUES (17, 17, 17, '2019-05-24 13:38:48', '2020-02-11 20:35:29');
INSERT INTO `users_carts` (`id`, `user_id`, `product_id`, `created_at`, `updated_at`) VALUES (18, 18, 18, '2016-07-05 00:56:28', '2015-11-16 21:02:41');
INSERT INTO `users_carts` (`id`, `user_id`, `product_id`, `created_at`, `updated_at`) VALUES (19, 19, 19, '2017-04-28 08:59:05', '2015-04-22 09:15:28');
INSERT INTO `users_carts` (`id`, `user_id`, `product_id`, `created_at`, `updated_at`) VALUES (20, 20, 20, '2016-03-23 03:15:07', '2013-10-07 03:16:56');
INSERT INTO `users_carts` (`id`, `user_id`, `product_id`, `created_at`, `updated_at`) VALUES (21, 21, 21, '2016-09-21 07:26:06', '2012-04-14 03:54:22');
INSERT INTO `users_carts` (`id`, `user_id`, `product_id`, `created_at`, `updated_at`) VALUES (22, 22, 22, '2019-07-24 15:14:10', '2012-05-13 00:05:57');
INSERT INTO `users_carts` (`id`, `user_id`, `product_id`, `created_at`, `updated_at`) VALUES (23, 23, 23, '2018-10-21 23:25:31', '2017-08-22 20:03:49');
INSERT INTO `users_carts` (`id`, `user_id`, `product_id`, `created_at`, `updated_at`) VALUES (24, 24, 24, '2012-12-12 05:32:06', '2015-03-19 06:48:05');
INSERT INTO `users_carts` (`id`, `user_id`, `product_id`, `created_at`, `updated_at`) VALUES (25, 25, 25, '2014-11-29 07:03:37', '2014-08-05 04:33:52');
INSERT INTO `users_carts` (`id`, `user_id`, `product_id`, `created_at`, `updated_at`) VALUES (26, 26, 26, '2017-11-22 16:01:23', '2014-05-19 08:48:37');
INSERT INTO `users_carts` (`id`, `user_id`, `product_id`, `created_at`, `updated_at`) VALUES (27, 27, 27, '2015-04-01 02:34:38', '2013-11-28 00:09:53');
INSERT INTO `users_carts` (`id`, `user_id`, `product_id`, `created_at`, `updated_at`) VALUES (28, 28, 28, '2017-09-01 02:33:59', '2011-03-09 23:18:51');
INSERT INTO `users_carts` (`id`, `user_id`, `product_id`, `created_at`, `updated_at`) VALUES (29, 29, 29, '2012-01-18 23:36:15', '2014-12-01 21:13:34');
INSERT INTO `users_carts` (`id`, `user_id`, `product_id`, `created_at`, `updated_at`) VALUES (30, 30, 30, '2014-10-07 19:14:49', '2014-11-07 16:30:11');
INSERT INTO `users_carts` (`id`, `user_id`, `product_id`, `created_at`, `updated_at`) VALUES (31, 31, 31, '2016-10-29 11:35:46', '2012-11-21 11:32:00');
INSERT INTO `users_carts` (`id`, `user_id`, `product_id`, `created_at`, `updated_at`) VALUES (32, 32, 32, '2013-02-23 07:05:26', '2010-12-08 13:36:23');
INSERT INTO `users_carts` (`id`, `user_id`, `product_id`, `created_at`, `updated_at`) VALUES (33, 33, 33, '2012-01-30 21:00:35', '2013-08-07 11:20:54');
INSERT INTO `users_carts` (`id`, `user_id`, `product_id`, `created_at`, `updated_at`) VALUES (34, 34, 34, '2019-10-16 13:45:51', '2019-11-06 08:47:54');
INSERT INTO `users_carts` (`id`, `user_id`, `product_id`, `created_at`, `updated_at`) VALUES (35, 35, 35, '2019-10-13 06:45:47', '2018-12-15 12:44:39');
INSERT INTO `users_carts` (`id`, `user_id`, `product_id`, `created_at`, `updated_at`) VALUES (36, 36, 36, '2016-12-01 11:09:26', '2019-10-12 19:06:35');
INSERT INTO `users_carts` (`id`, `user_id`, `product_id`, `created_at`, `updated_at`) VALUES (37, 37, 37, '2013-08-04 23:22:36', '2015-01-07 07:52:49');
INSERT INTO `users_carts` (`id`, `user_id`, `product_id`, `created_at`, `updated_at`) VALUES (38, 38, 38, '2015-01-07 16:38:06', '2015-11-13 17:57:56');
INSERT INTO `users_carts` (`id`, `user_id`, `product_id`, `created_at`, `updated_at`) VALUES (39, 39, 39, '2012-12-08 03:06:46', '2016-11-07 22:00:43');
INSERT INTO `users_carts` (`id`, `user_id`, `product_id`, `created_at`, `updated_at`) VALUES (40, 40, 40, '2017-04-18 00:43:38', '2017-09-21 15:42:19');
INSERT INTO `users_carts` (`id`, `user_id`, `product_id`, `created_at`, `updated_at`) VALUES (41, 41, 41, '2011-05-20 19:44:46', '2014-11-06 15:46:15');
INSERT INTO `users_carts` (`id`, `user_id`, `product_id`, `created_at`, `updated_at`) VALUES (42, 42, 42, '2010-10-11 21:09:25', '2015-08-09 17:18:11');
INSERT INTO `users_carts` (`id`, `user_id`, `product_id`, `created_at`, `updated_at`) VALUES (43, 43, 43, '2013-04-11 09:40:51', '2016-10-15 18:39:18');
INSERT INTO `users_carts` (`id`, `user_id`, `product_id`, `created_at`, `updated_at`) VALUES (44, 44, 44, '2011-03-21 07:13:14', '2018-05-26 07:22:17');
INSERT INTO `users_carts` (`id`, `user_id`, `product_id`, `created_at`, `updated_at`) VALUES (45, 45, 45, '2014-11-16 00:22:49', '2017-06-29 09:47:16');
INSERT INTO `users_carts` (`id`, `user_id`, `product_id`, `created_at`, `updated_at`) VALUES (46, 46, 46, '2016-01-08 14:33:19', '2017-07-14 09:01:23');
INSERT INTO `users_carts` (`id`, `user_id`, `product_id`, `created_at`, `updated_at`) VALUES (47, 47, 47, '2013-01-13 01:28:19', '2015-07-06 21:43:45');
INSERT INTO `users_carts` (`id`, `user_id`, `product_id`, `created_at`, `updated_at`) VALUES (48, 48, 48, '2016-08-12 18:14:53', '2019-08-22 06:45:46');
INSERT INTO `users_carts` (`id`, `user_id`, `product_id`, `created_at`, `updated_at`) VALUES (49, 49, 49, '2018-10-29 15:53:37', '2018-12-16 06:14:20');
INSERT INTO `users_carts` (`id`, `user_id`, `product_id`, `created_at`, `updated_at`) VALUES (50, 50, 50, '2010-07-07 13:51:44', '2012-09-03 06:52:29');
INSERT INTO `users_carts` (`id`, `user_id`, `product_id`, `created_at`, `updated_at`) VALUES (51, 51, 51, '2011-12-04 05:20:28', '2016-02-01 22:33:59');
INSERT INTO `users_carts` (`id`, `user_id`, `product_id`, `created_at`, `updated_at`) VALUES (52, 52, 52, '2011-03-05 03:51:47', '2017-11-22 06:02:51');
INSERT INTO `users_carts` (`id`, `user_id`, `product_id`, `created_at`, `updated_at`) VALUES (53, 53, 53, '2020-01-14 14:46:25', '2016-10-04 14:08:55');
INSERT INTO `users_carts` (`id`, `user_id`, `product_id`, `created_at`, `updated_at`) VALUES (54, 54, 54, '2013-03-16 04:30:01', '2015-01-16 11:46:46');
INSERT INTO `users_carts` (`id`, `user_id`, `product_id`, `created_at`, `updated_at`) VALUES (55, 55, 55, '2014-08-01 07:22:03', '2011-11-21 17:28:28');
INSERT INTO `users_carts` (`id`, `user_id`, `product_id`, `created_at`, `updated_at`) VALUES (56, 56, 56, '2017-12-16 17:29:11', '2014-05-01 08:05:15');
INSERT INTO `users_carts` (`id`, `user_id`, `product_id`, `created_at`, `updated_at`) VALUES (57, 57, 57, '2015-04-05 03:13:19', '2017-10-27 08:44:24');
INSERT INTO `users_carts` (`id`, `user_id`, `product_id`, `created_at`, `updated_at`) VALUES (58, 58, 58, '2020-03-23 05:02:30', '2017-05-13 07:51:50');
INSERT INTO `users_carts` (`id`, `user_id`, `product_id`, `created_at`, `updated_at`) VALUES (59, 59, 59, '2019-12-03 08:11:56', '2013-04-08 22:46:41');
INSERT INTO `users_carts` (`id`, `user_id`, `product_id`, `created_at`, `updated_at`) VALUES (60, 60, 60, '2015-07-17 11:50:52', '2018-02-14 17:41:45');
INSERT INTO `users_carts` (`id`, `user_id`, `product_id`, `created_at`, `updated_at`) VALUES (61, 61, 61, '2018-11-05 21:08:17', '2016-05-02 07:29:28');
INSERT INTO `users_carts` (`id`, `user_id`, `product_id`, `created_at`, `updated_at`) VALUES (62, 62, 62, '2013-08-21 00:36:12', '2012-07-13 15:33:14');
INSERT INTO `users_carts` (`id`, `user_id`, `product_id`, `created_at`, `updated_at`) VALUES (63, 63, 63, '2010-05-26 00:34:20', '2019-08-21 06:02:12');
INSERT INTO `users_carts` (`id`, `user_id`, `product_id`, `created_at`, `updated_at`) VALUES (64, 64, 64, '2013-02-02 15:00:54', '2019-10-02 08:00:38');
INSERT INTO `users_carts` (`id`, `user_id`, `product_id`, `created_at`, `updated_at`) VALUES (65, 65, 65, '2013-06-08 16:13:00', '2014-09-27 15:51:59');
INSERT INTO `users_carts` (`id`, `user_id`, `product_id`, `created_at`, `updated_at`) VALUES (66, 66, 66, '2016-12-22 01:46:55', '2010-11-06 21:50:08');
INSERT INTO `users_carts` (`id`, `user_id`, `product_id`, `created_at`, `updated_at`) VALUES (67, 67, 67, '2015-03-21 07:39:12', '2015-10-30 06:44:04');
INSERT INTO `users_carts` (`id`, `user_id`, `product_id`, `created_at`, `updated_at`) VALUES (68, 68, 68, '2015-11-26 21:23:24', '2020-03-27 01:13:49');
INSERT INTO `users_carts` (`id`, `user_id`, `product_id`, `created_at`, `updated_at`) VALUES (69, 69, 69, '2014-11-07 07:51:51', '2016-05-09 05:52:26');
INSERT INTO `users_carts` (`id`, `user_id`, `product_id`, `created_at`, `updated_at`) VALUES (70, 70, 70, '2017-06-19 15:08:49', '2010-12-19 22:00:18');
INSERT INTO `users_carts` (`id`, `user_id`, `product_id`, `created_at`, `updated_at`) VALUES (71, 71, 71, '2011-06-20 05:26:05', '2014-09-02 00:13:19');
INSERT INTO `users_carts` (`id`, `user_id`, `product_id`, `created_at`, `updated_at`) VALUES (72, 72, 72, '2016-09-29 20:41:10', '2010-12-05 23:57:34');
INSERT INTO `users_carts` (`id`, `user_id`, `product_id`, `created_at`, `updated_at`) VALUES (73, 73, 73, '2017-08-04 20:17:18', '2017-10-04 16:16:30');
INSERT INTO `users_carts` (`id`, `user_id`, `product_id`, `created_at`, `updated_at`) VALUES (74, 74, 74, '2012-06-10 09:31:39', '2014-02-12 00:12:25');
INSERT INTO `users_carts` (`id`, `user_id`, `product_id`, `created_at`, `updated_at`) VALUES (75, 75, 75, '2019-01-05 17:06:53', '2012-08-17 08:27:23');
INSERT INTO `users_carts` (`id`, `user_id`, `product_id`, `created_at`, `updated_at`) VALUES (76, 76, 76, '2011-07-11 06:41:13', '2016-09-04 11:18:45');
INSERT INTO `users_carts` (`id`, `user_id`, `product_id`, `created_at`, `updated_at`) VALUES (77, 77, 77, '2015-12-12 10:43:47', '2017-12-19 22:53:44');
INSERT INTO `users_carts` (`id`, `user_id`, `product_id`, `created_at`, `updated_at`) VALUES (78, 78, 78, '2014-12-16 21:26:08', '2016-01-30 15:38:51');
INSERT INTO `users_carts` (`id`, `user_id`, `product_id`, `created_at`, `updated_at`) VALUES (79, 79, 79, '2012-02-18 23:03:00', '2015-11-20 09:22:20');
INSERT INTO `users_carts` (`id`, `user_id`, `product_id`, `created_at`, `updated_at`) VALUES (80, 80, 80, '2011-01-05 15:09:57', '2011-08-05 02:58:16');
INSERT INTO `users_carts` (`id`, `user_id`, `product_id`, `created_at`, `updated_at`) VALUES (81, 81, 81, '2016-01-20 10:06:59', '2013-11-05 07:02:59');
INSERT INTO `users_carts` (`id`, `user_id`, `product_id`, `created_at`, `updated_at`) VALUES (82, 82, 82, '2010-11-02 20:05:45', '2020-03-17 03:23:03');
INSERT INTO `users_carts` (`id`, `user_id`, `product_id`, `created_at`, `updated_at`) VALUES (83, 83, 83, '2017-03-03 07:37:07', '2016-12-08 01:28:10');
INSERT INTO `users_carts` (`id`, `user_id`, `product_id`, `created_at`, `updated_at`) VALUES (84, 84, 84, '2017-03-15 02:41:35', '2018-02-04 02:53:51');
INSERT INTO `users_carts` (`id`, `user_id`, `product_id`, `created_at`, `updated_at`) VALUES (85, 85, 85, '2014-08-03 22:51:45', '2014-08-11 13:31:44');
INSERT INTO `users_carts` (`id`, `user_id`, `product_id`, `created_at`, `updated_at`) VALUES (86, 86, 86, '2018-02-14 13:21:57', '2015-11-13 23:57:55');
INSERT INTO `users_carts` (`id`, `user_id`, `product_id`, `created_at`, `updated_at`) VALUES (87, 87, 87, '2012-06-03 04:44:43', '2012-09-22 18:07:52');
INSERT INTO `users_carts` (`id`, `user_id`, `product_id`, `created_at`, `updated_at`) VALUES (88, 88, 88, '2010-06-20 08:11:40', '2018-05-17 21:18:43');
INSERT INTO `users_carts` (`id`, `user_id`, `product_id`, `created_at`, `updated_at`) VALUES (89, 89, 89, '2016-04-23 08:15:09', '2017-01-16 04:54:30');
INSERT INTO `users_carts` (`id`, `user_id`, `product_id`, `created_at`, `updated_at`) VALUES (90, 90, 90, '2019-06-29 01:03:54', '2013-01-06 11:54:49');
INSERT INTO `users_carts` (`id`, `user_id`, `product_id`, `created_at`, `updated_at`) VALUES (91, 91, 91, '2011-12-25 04:42:43', '2019-06-26 11:49:09');
INSERT INTO `users_carts` (`id`, `user_id`, `product_id`, `created_at`, `updated_at`) VALUES (92, 92, 92, '2017-07-27 15:50:23', '2012-08-05 04:16:25');
INSERT INTO `users_carts` (`id`, `user_id`, `product_id`, `created_at`, `updated_at`) VALUES (93, 93, 93, '2012-08-25 03:46:05', '2012-05-16 17:37:39');
INSERT INTO `users_carts` (`id`, `user_id`, `product_id`, `created_at`, `updated_at`) VALUES (94, 94, 94, '2012-10-27 08:15:14', '2015-11-16 06:45:09');
INSERT INTO `users_carts` (`id`, `user_id`, `product_id`, `created_at`, `updated_at`) VALUES (95, 95, 95, '2018-02-27 05:28:12', '2013-09-20 21:34:21');
INSERT INTO `users_carts` (`id`, `user_id`, `product_id`, `created_at`, `updated_at`) VALUES (96, 96, 96, '2013-08-12 23:52:02', '2011-06-25 08:05:28');
INSERT INTO `users_carts` (`id`, `user_id`, `product_id`, `created_at`, `updated_at`) VALUES (97, 97, 97, '2012-08-11 23:35:26', '2013-12-24 02:43:55');
INSERT INTO `users_carts` (`id`, `user_id`, `product_id`, `created_at`, `updated_at`) VALUES (98, 98, 98, '2019-10-31 02:08:15', '2018-05-02 09:49:52');
INSERT INTO `users_carts` (`id`, `user_id`, `product_id`, `created_at`, `updated_at`) VALUES (99, 99, 99, '2019-09-13 22:44:15', '2017-01-14 12:38:48');
INSERT INTO `users_carts` (`id`, `user_id`, `product_id`, `created_at`, `updated_at`) VALUES (100, 100, 100, '2018-11-21 17:55:56', '2013-07-16 00:13:51');

-- заполнение storehouses

INSERT INTO `storehouses` (`id`, `name`, `created_at`, `updated_at`) VALUES (1, 'voluptatem', '2014-12-18 20:20:46', '2015-04-18 11:05:25');
INSERT INTO `storehouses` (`id`, `name`, `created_at`, `updated_at`) VALUES (2, 'minima', '2014-01-19 16:45:04', '2014-08-19 04:08:55');
INSERT INTO `storehouses` (`id`, `name`, `created_at`, `updated_at`) VALUES (3, 'eaque', '2018-12-17 04:08:15', '2016-04-30 09:07:06');
INSERT INTO `storehouses` (`id`, `name`, `created_at`, `updated_at`) VALUES (4, 'omnis', '2015-12-21 03:14:10', '2016-11-21 05:01:11');
INSERT INTO `storehouses` (`id`, `name`, `created_at`, `updated_at`) VALUES (5, 'voluptatem', '2015-05-16 06:48:03', '2019-05-17 15:53:50');
INSERT INTO `storehouses` (`id`, `name`, `created_at`, `updated_at`) VALUES (6, 'sint', '2017-06-25 22:52:42', '2016-01-04 19:42:30');
INSERT INTO `storehouses` (`id`, `name`, `created_at`, `updated_at`) VALUES (7, 'nemo', '2013-05-20 07:45:07', '2014-05-17 19:22:45');
INSERT INTO `storehouses` (`id`, `name`, `created_at`, `updated_at`) VALUES (8, 'molestiae', '2018-01-05 12:01:10', '2017-06-28 13:59:58');
INSERT INTO `storehouses` (`id`, `name`, `created_at`, `updated_at`) VALUES (9, 'voluptatem', '2018-07-27 20:56:02', '2011-08-30 01:39:28');
INSERT INTO `storehouses` (`id`, `name`, `created_at`, `updated_at`) VALUES (10, 'rem', '2016-07-25 12:39:12', '2010-09-27 22:45:10');
INSERT INTO `storehouses` (`id`, `name`, `created_at`, `updated_at`) VALUES (11, 'ratione', '2017-02-01 19:22:16', '2018-07-20 05:19:49');
INSERT INTO `storehouses` (`id`, `name`, `created_at`, `updated_at`) VALUES (12, 'consequatur', '2020-01-03 21:50:34', '2019-12-18 08:51:57');
INSERT INTO `storehouses` (`id`, `name`, `created_at`, `updated_at`) VALUES (13, 'expedita', '2016-09-22 22:09:15', '2015-06-22 18:41:09');
INSERT INTO `storehouses` (`id`, `name`, `created_at`, `updated_at`) VALUES (14, 'et', '2017-01-11 20:06:07', '2013-02-14 10:52:05');
INSERT INTO `storehouses` (`id`, `name`, `created_at`, `updated_at`) VALUES (15, 'consectetur', '2016-06-08 01:20:44', '2016-05-30 23:17:32');
INSERT INTO `storehouses` (`id`, `name`, `created_at`, `updated_at`) VALUES (16, 'at', '2013-05-01 10:30:14', '2019-08-17 23:33:50');
INSERT INTO `storehouses` (`id`, `name`, `created_at`, `updated_at`) VALUES (17, 'ad', '2018-02-13 11:14:25', '2019-06-19 16:06:38');
INSERT INTO `storehouses` (`id`, `name`, `created_at`, `updated_at`) VALUES (18, 'quibusdam', '2012-05-25 01:01:47', '2014-06-28 09:20:08');
INSERT INTO `storehouses` (`id`, `name`, `created_at`, `updated_at`) VALUES (19, 'et', '2017-04-15 22:07:23', '2014-10-20 20:40:33');
INSERT INTO `storehouses` (`id`, `name`, `created_at`, `updated_at`) VALUES (20, 'cumque', '2016-11-14 17:46:45', '2011-12-10 04:24:57');
INSERT INTO `storehouses` (`id`, `name`, `created_at`, `updated_at`) VALUES (21, 'voluptas', '2011-06-29 11:09:34', '2011-01-13 00:06:38');
INSERT INTO `storehouses` (`id`, `name`, `created_at`, `updated_at`) VALUES (22, 'fugiat', '2014-04-15 20:16:08', '2018-01-15 09:25:44');
INSERT INTO `storehouses` (`id`, `name`, `created_at`, `updated_at`) VALUES (23, 'dolores', '2018-01-19 09:00:52', '2017-11-10 06:17:38');
INSERT INTO `storehouses` (`id`, `name`, `created_at`, `updated_at`) VALUES (24, 'eos', '2012-03-21 01:32:28', '2011-08-10 05:45:38');
INSERT INTO `storehouses` (`id`, `name`, `created_at`, `updated_at`) VALUES (25, 'corrupti', '2018-05-18 08:47:17', '2013-02-06 01:14:36');
INSERT INTO `storehouses` (`id`, `name`, `created_at`, `updated_at`) VALUES (26, 'doloremque', '2018-04-21 14:41:42', '2012-02-01 06:17:53');
INSERT INTO `storehouses` (`id`, `name`, `created_at`, `updated_at`) VALUES (27, 'impedit', '2015-12-01 23:29:22', '2017-12-21 10:07:30');
INSERT INTO `storehouses` (`id`, `name`, `created_at`, `updated_at`) VALUES (28, 'occaecati', '2019-09-15 13:25:04', '2013-12-04 06:44:49');
INSERT INTO `storehouses` (`id`, `name`, `created_at`, `updated_at`) VALUES (29, 'rerum', '2015-10-04 05:18:26', '2013-03-07 04:37:00');
INSERT INTO `storehouses` (`id`, `name`, `created_at`, `updated_at`) VALUES (30, 'et', '2012-02-20 16:28:32', '2016-02-02 11:30:31');

-- заполнение storehouses_products

INSERT INTO `storehouses_products` (`storehouse_id`, `product_id`, `value`, `created_at`, `updated_at`) VALUES (1, 1, 928, '2017-11-08 04:51:14', '2016-08-12 04:07:05');
INSERT INTO `storehouses_products` (`storehouse_id`, `product_id`, `value`, `created_at`, `updated_at`) VALUES (2, 2, 65535, '2015-02-15 13:46:42', '2019-03-02 10:24:04');
INSERT INTO `storehouses_products` (`storehouse_id`, `product_id`, `value`, `created_at`, `updated_at`) VALUES (3, 3, 47801, '2012-07-24 20:24:26', '2010-09-20 11:18:46');
INSERT INTO `storehouses_products` (`storehouse_id`, `product_id`, `value`, `created_at`, `updated_at`) VALUES (4, 4, 65535, '2017-10-24 15:03:59', '2013-03-27 10:19:24');
INSERT INTO `storehouses_products` (`storehouse_id`, `product_id`, `value`, `created_at`, `updated_at`) VALUES (5, 5, 65535, '2018-01-06 02:50:36', '2011-12-19 01:08:36');
INSERT INTO `storehouses_products` (`storehouse_id`, `product_id`, `value`, `created_at`, `updated_at`) VALUES (6, 6, 65535, '2017-11-22 14:25:05', '2019-03-26 09:31:56');
INSERT INTO `storehouses_products` (`storehouse_id`, `product_id`, `value`, `created_at`, `updated_at`) VALUES (7, 7, 65535, '2018-09-16 17:21:35', '2019-12-02 06:35:44');
INSERT INTO `storehouses_products` (`storehouse_id`, `product_id`, `value`, `created_at`, `updated_at`) VALUES (8, 8, 7, '2010-07-22 12:31:24', '2019-01-08 00:48:28');
INSERT INTO `storehouses_products` (`storehouse_id`, `product_id`, `value`, `created_at`, `updated_at`) VALUES (9, 9, 6560, '2019-10-27 16:49:23', '2018-01-22 08:19:16');
INSERT INTO `storehouses_products` (`storehouse_id`, `product_id`, `value`, `created_at`, `updated_at`) VALUES (10, 10, 24, '2011-12-22 10:47:24', '2019-08-02 12:03:48');
INSERT INTO `storehouses_products` (`storehouse_id`, `product_id`, `value`, `created_at`, `updated_at`) VALUES (11, 11, 3, '2011-05-21 15:10:49', '2010-12-15 22:28:22');
INSERT INTO `storehouses_products` (`storehouse_id`, `product_id`, `value`, `created_at`, `updated_at`) VALUES (12, 12, 65535, '2014-08-02 06:00:33', '2019-10-05 04:16:41');
INSERT INTO `storehouses_products` (`storehouse_id`, `product_id`, `value`, `created_at`, `updated_at`) VALUES (13, 13, 95, '2018-05-05 11:12:16', '2019-05-30 17:00:20');
INSERT INTO `storehouses_products` (`storehouse_id`, `product_id`, `value`, `created_at`, `updated_at`) VALUES (14, 14, 552, '2015-06-03 05:55:08', '2016-07-15 18:49:52');
INSERT INTO `storehouses_products` (`storehouse_id`, `product_id`, `value`, `created_at`, `updated_at`) VALUES (15, 15, 65535, '2013-09-20 06:11:12', '2017-03-22 20:14:01');
INSERT INTO `storehouses_products` (`storehouse_id`, `product_id`, `value`, `created_at`, `updated_at`) VALUES (16, 16, 65535, '2010-08-01 02:39:08', '2012-01-23 01:33:12');
INSERT INTO `storehouses_products` (`storehouse_id`, `product_id`, `value`, `created_at`, `updated_at`) VALUES (17, 17, 13, '2017-01-14 09:15:27', '2010-09-25 19:52:10');
INSERT INTO `storehouses_products` (`storehouse_id`, `product_id`, `value`, `created_at`, `updated_at`) VALUES (18, 18, 65535, '2018-08-18 06:23:13', '2019-10-27 00:12:25');
INSERT INTO `storehouses_products` (`storehouse_id`, `product_id`, `value`, `created_at`, `updated_at`) VALUES (19, 19, 65535, '2016-01-08 17:20:42', '2013-05-19 09:43:02');
INSERT INTO `storehouses_products` (`storehouse_id`, `product_id`, `value`, `created_at`, `updated_at`) VALUES (20, 20, 65535, '2020-01-24 13:43:28', '2011-01-09 16:59:42');
INSERT INTO `storehouses_products` (`storehouse_id`, `product_id`, `value`, `created_at`, `updated_at`) VALUES (21, 21, 5, '2012-11-01 09:15:09', '2012-01-12 06:31:46');
INSERT INTO `storehouses_products` (`storehouse_id`, `product_id`, `value`, `created_at`, `updated_at`) VALUES (22, 22, 774, '2017-08-04 04:03:47', '2011-03-11 01:58:28');
INSERT INTO `storehouses_products` (`storehouse_id`, `product_id`, `value`, `created_at`, `updated_at`) VALUES (23, 23, 65535, '2011-05-21 03:48:03', '2018-07-14 01:03:19');
INSERT INTO `storehouses_products` (`storehouse_id`, `product_id`, `value`, `created_at`, `updated_at`) VALUES (24, 24, 597, '2014-03-18 16:46:48', '2014-05-30 01:21:41');
INSERT INTO `storehouses_products` (`storehouse_id`, `product_id`, `value`, `created_at`, `updated_at`) VALUES (25, 25, 4, '2018-05-19 00:05:32', '2016-04-11 11:32:24');
INSERT INTO `storehouses_products` (`storehouse_id`, `product_id`, `value`, `created_at`, `updated_at`) VALUES (26, 26, 65535, '2019-01-05 15:46:39', '2015-07-19 18:33:49');
INSERT INTO `storehouses_products` (`storehouse_id`, `product_id`, `value`, `created_at`, `updated_at`) VALUES (27, 27, 65535, '2016-02-06 06:04:13', '2014-05-07 10:30:32');
INSERT INTO `storehouses_products` (`storehouse_id`, `product_id`, `value`, `created_at`, `updated_at`) VALUES (28, 28, 65535, '2017-01-27 16:11:37', '2017-03-12 11:36:38');
INSERT INTO `storehouses_products` (`storehouse_id`, `product_id`, `value`, `created_at`, `updated_at`) VALUES (29, 29, 65535, '2015-11-18 19:22:53', '2014-01-06 16:44:17');
INSERT INTO `storehouses_products` (`storehouse_id`, `product_id`, `value`, `created_at`, `updated_at`) VALUES (30, 30, 58264, '2019-06-26 19:23:45', '2013-11-08 04:05:51');
INSERT INTO `storehouses_products` (`storehouse_id`, `product_id`, `value`, `created_at`, `updated_at`) VALUES (1, 31, 65535, '2012-01-03 07:35:31', '2016-05-15 03:53:20');
INSERT INTO `storehouses_products` (`storehouse_id`, `product_id`, `value`, `created_at`, `updated_at`) VALUES (2, 32, 65535, '2016-03-11 06:55:06', '2015-09-04 17:03:03');
INSERT INTO `storehouses_products` (`storehouse_id`, `product_id`, `value`, `created_at`, `updated_at`) VALUES (3, 33, 65535, '2013-10-02 00:42:45', '2013-05-04 09:31:06');
INSERT INTO `storehouses_products` (`storehouse_id`, `product_id`, `value`, `created_at`, `updated_at`) VALUES (4, 34, 0, '2011-04-21 10:18:01', '2011-03-27 01:01:05');
INSERT INTO `storehouses_products` (`storehouse_id`, `product_id`, `value`, `created_at`, `updated_at`) VALUES (5, 35, 49644, '2013-01-12 08:16:30', '2018-10-14 18:57:19');
INSERT INTO `storehouses_products` (`storehouse_id`, `product_id`, `value`, `created_at`, `updated_at`) VALUES (6, 36, 65535, '2012-05-11 04:08:49', '2016-05-30 15:22:50');
INSERT INTO `storehouses_products` (`storehouse_id`, `product_id`, `value`, `created_at`, `updated_at`) VALUES (7, 37, 65535, '2015-07-23 03:33:36', '2018-07-07 13:56:52');
INSERT INTO `storehouses_products` (`storehouse_id`, `product_id`, `value`, `created_at`, `updated_at`) VALUES (8, 38, 65535, '2010-09-26 07:41:14', '2011-12-24 16:25:05');
INSERT INTO `storehouses_products` (`storehouse_id`, `product_id`, `value`, `created_at`, `updated_at`) VALUES (9, 39, 65535, '2012-01-12 15:27:31', '2010-06-21 08:11:05');
INSERT INTO `storehouses_products` (`storehouse_id`, `product_id`, `value`, `created_at`, `updated_at`) VALUES (10, 40, 0, '2011-03-17 04:11:53', '2010-10-13 12:41:41');
INSERT INTO `storehouses_products` (`storehouse_id`, `product_id`, `value`, `created_at`, `updated_at`) VALUES (11, 41, 65535, '2015-08-29 11:37:12', '2011-06-05 10:34:43');
INSERT INTO `storehouses_products` (`storehouse_id`, `product_id`, `value`, `created_at`, `updated_at`) VALUES (12, 42, 65535, '2015-03-23 17:08:45', '2014-11-10 07:59:30');
INSERT INTO `storehouses_products` (`storehouse_id`, `product_id`, `value`, `created_at`, `updated_at`) VALUES (13, 43, 2286, '2015-05-17 22:18:10', '2013-12-26 01:47:32');
INSERT INTO `storehouses_products` (`storehouse_id`, `product_id`, `value`, `created_at`, `updated_at`) VALUES (14, 44, 2338, '2012-08-19 19:50:25', '2013-02-04 18:16:13');
INSERT INTO `storehouses_products` (`storehouse_id`, `product_id`, `value`, `created_at`, `updated_at`) VALUES (15, 45, 65535, '2018-05-12 18:13:01', '2016-03-12 02:53:54');
INSERT INTO `storehouses_products` (`storehouse_id`, `product_id`, `value`, `created_at`, `updated_at`) VALUES (16, 46, 9986, '2015-12-06 19:07:57', '2011-01-29 14:59:26');
INSERT INTO `storehouses_products` (`storehouse_id`, `product_id`, `value`, `created_at`, `updated_at`) VALUES (17, 47, 65535, '2019-03-30 09:01:55', '2013-12-07 00:27:24');
INSERT INTO `storehouses_products` (`storehouse_id`, `product_id`, `value`, `created_at`, `updated_at`) VALUES (18, 48, 65535, '2012-09-23 11:52:44', '2014-12-27 13:58:13');
INSERT INTO `storehouses_products` (`storehouse_id`, `product_id`, `value`, `created_at`, `updated_at`) VALUES (19, 49, 5, '2017-01-19 20:20:08', '2017-04-11 08:41:57');
INSERT INTO `storehouses_products` (`storehouse_id`, `product_id`, `value`, `created_at`, `updated_at`) VALUES (20, 50, 40677, '2011-09-19 11:00:22', '2010-08-23 07:44:38');
INSERT INTO `storehouses_products` (`storehouse_id`, `product_id`, `value`, `created_at`, `updated_at`) VALUES (21, 51, 0, '2010-07-02 19:16:23', '2019-03-09 16:56:53');
INSERT INTO `storehouses_products` (`storehouse_id`, `product_id`, `value`, `created_at`, `updated_at`) VALUES (22, 52, 0, '2013-12-16 01:34:48', '2015-01-19 10:23:29');
INSERT INTO `storehouses_products` (`storehouse_id`, `product_id`, `value`, `created_at`, `updated_at`) VALUES (23, 53, 65535, '2018-01-29 15:14:37', '2014-09-25 09:34:48');
INSERT INTO `storehouses_products` (`storehouse_id`, `product_id`, `value`, `created_at`, `updated_at`) VALUES (24, 54, 614, '2011-08-21 20:51:57', '2019-11-01 19:03:33');
INSERT INTO `storehouses_products` (`storehouse_id`, `product_id`, `value`, `created_at`, `updated_at`) VALUES (25, 55, 94, '2013-07-30 10:15:16', '2015-02-23 04:38:22');
INSERT INTO `storehouses_products` (`storehouse_id`, `product_id`, `value`, `created_at`, `updated_at`) VALUES (26, 56, 88, '2018-11-05 22:39:04', '2015-09-04 09:01:01');
INSERT INTO `storehouses_products` (`storehouse_id`, `product_id`, `value`, `created_at`, `updated_at`) VALUES (27, 57, 11203, '2011-12-27 10:05:53', '2011-07-24 02:33:58');
INSERT INTO `storehouses_products` (`storehouse_id`, `product_id`, `value`, `created_at`, `updated_at`) VALUES (28, 58, 5703, '2016-08-24 20:18:53', '2018-07-28 08:53:16');
INSERT INTO `storehouses_products` (`storehouse_id`, `product_id`, `value`, `created_at`, `updated_at`) VALUES (29, 59, 941, '2010-05-29 05:01:13', '2012-09-23 15:46:23');
INSERT INTO `storehouses_products` (`storehouse_id`, `product_id`, `value`, `created_at`, `updated_at`) VALUES (30, 60, 465, '2012-02-06 00:47:24', '2012-09-10 23:42:52');
INSERT INTO `storehouses_products` (`storehouse_id`, `product_id`, `value`, `created_at`, `updated_at`) VALUES (1, 61, 8, '2015-08-18 02:45:20', '2012-09-26 00:05:19');
INSERT INTO `storehouses_products` (`storehouse_id`, `product_id`, `value`, `created_at`, `updated_at`) VALUES (2, 62, 5, '2011-03-15 06:56:30', '2015-02-18 03:26:10');
INSERT INTO `storehouses_products` (`storehouse_id`, `product_id`, `value`, `created_at`, `updated_at`) VALUES (3, 63, 2, '2015-09-24 14:40:59', '2020-02-24 05:14:29');
INSERT INTO `storehouses_products` (`storehouse_id`, `product_id`, `value`, `created_at`, `updated_at`) VALUES (4, 64, 0, '2012-05-16 15:31:18', '2018-04-17 04:57:21');
INSERT INTO `storehouses_products` (`storehouse_id`, `product_id`, `value`, `created_at`, `updated_at`) VALUES (5, 65, 65535, '2011-08-20 18:21:17', '2014-04-17 22:40:21');
INSERT INTO `storehouses_products` (`storehouse_id`, `product_id`, `value`, `created_at`, `updated_at`) VALUES (6, 66, 975, '2013-01-08 02:56:43', '2018-03-19 12:24:04');
INSERT INTO `storehouses_products` (`storehouse_id`, `product_id`, `value`, `created_at`, `updated_at`) VALUES (7, 67, 65535, '2010-07-25 15:35:25', '2016-02-28 14:31:55');
INSERT INTO `storehouses_products` (`storehouse_id`, `product_id`, `value`, `created_at`, `updated_at`) VALUES (8, 68, 65535, '2018-02-10 07:46:05', '2012-06-03 17:55:32');
INSERT INTO `storehouses_products` (`storehouse_id`, `product_id`, `value`, `created_at`, `updated_at`) VALUES (9, 69, 65535, '2014-07-21 05:08:25', '2020-01-16 06:05:48');
INSERT INTO `storehouses_products` (`storehouse_id`, `product_id`, `value`, `created_at`, `updated_at`) VALUES (10, 70, 6885, '2014-01-23 08:34:25', '2012-11-01 17:10:07');
INSERT INTO `storehouses_products` (`storehouse_id`, `product_id`, `value`, `created_at`, `updated_at`) VALUES (11, 71, 65535, '2013-06-02 06:57:08', '2012-07-13 05:00:00');
INSERT INTO `storehouses_products` (`storehouse_id`, `product_id`, `value`, `created_at`, `updated_at`) VALUES (12, 72, 72, '2020-04-01 17:13:49', '2014-08-07 10:01:12');
INSERT INTO `storehouses_products` (`storehouse_id`, `product_id`, `value`, `created_at`, `updated_at`) VALUES (13, 73, 65535, '2018-03-03 16:55:31', '2017-09-24 14:39:05');
INSERT INTO `storehouses_products` (`storehouse_id`, `product_id`, `value`, `created_at`, `updated_at`) VALUES (14, 74, 65535, '2015-11-21 05:26:11', '2014-02-12 14:41:01');
INSERT INTO `storehouses_products` (`storehouse_id`, `product_id`, `value`, `created_at`, `updated_at`) VALUES (15, 75, 65535, '2010-05-16 21:44:33', '2015-07-27 09:54:46');
INSERT INTO `storehouses_products` (`storehouse_id`, `product_id`, `value`, `created_at`, `updated_at`) VALUES (16, 76, 65535, '2010-09-14 10:03:00', '2014-02-10 13:32:22');
INSERT INTO `storehouses_products` (`storehouse_id`, `product_id`, `value`, `created_at`, `updated_at`) VALUES (17, 77, 74, '2012-03-15 19:12:41', '2011-10-30 00:47:21');
INSERT INTO `storehouses_products` (`storehouse_id`, `product_id`, `value`, `created_at`, `updated_at`) VALUES (18, 78, 34116, '2019-06-01 02:25:23', '2018-04-13 09:25:58');
INSERT INTO `storehouses_products` (`storehouse_id`, `product_id`, `value`, `created_at`, `updated_at`) VALUES (19, 79, 8, '2014-05-09 01:51:37', '2017-03-04 17:14:58');
INSERT INTO `storehouses_products` (`storehouse_id`, `product_id`, `value`, `created_at`, `updated_at`) VALUES (20, 80, 53081, '2011-07-01 22:26:01', '2016-07-01 00:57:01');
INSERT INTO `storehouses_products` (`storehouse_id`, `product_id`, `value`, `created_at`, `updated_at`) VALUES (21, 81, 57, '2012-10-28 11:05:03', '2020-03-11 06:00:14');
INSERT INTO `storehouses_products` (`storehouse_id`, `product_id`, `value`, `created_at`, `updated_at`) VALUES (22, 82, 6, '2012-02-16 07:55:13', '2017-03-27 13:08:05');
INSERT INTO `storehouses_products` (`storehouse_id`, `product_id`, `value`, `created_at`, `updated_at`) VALUES (23, 83, 65535, '2013-11-02 12:44:56', '2019-04-25 22:14:04');
INSERT INTO `storehouses_products` (`storehouse_id`, `product_id`, `value`, `created_at`, `updated_at`) VALUES (24, 84, 988, '2011-04-17 03:14:21', '2013-10-25 08:30:44');
INSERT INTO `storehouses_products` (`storehouse_id`, `product_id`, `value`, `created_at`, `updated_at`) VALUES (25, 85, 291, '2016-07-04 11:28:23', '2018-07-22 14:50:56');
INSERT INTO `storehouses_products` (`storehouse_id`, `product_id`, `value`, `created_at`, `updated_at`) VALUES (26, 86, 6, '2015-03-21 11:27:59', '2017-02-12 23:36:07');
INSERT INTO `storehouses_products` (`storehouse_id`, `product_id`, `value`, `created_at`, `updated_at`) VALUES (27, 87, 65535, '2019-02-16 14:21:40', '2014-04-06 14:40:01');
INSERT INTO `storehouses_products` (`storehouse_id`, `product_id`, `value`, `created_at`, `updated_at`) VALUES (28, 88, 65535, '2019-04-13 12:33:57', '2012-10-03 01:04:40');
INSERT INTO `storehouses_products` (`storehouse_id`, `product_id`, `value`, `created_at`, `updated_at`) VALUES (29, 89, 30076, '2018-11-29 13:12:29', '2014-04-18 10:25:00');
INSERT INTO `storehouses_products` (`storehouse_id`, `product_id`, `value`, `created_at`, `updated_at`) VALUES (30, 90, 45643, '2010-06-28 18:41:21', '2015-03-05 17:36:11');
INSERT INTO `storehouses_products` (`storehouse_id`, `product_id`, `value`, `created_at`, `updated_at`) VALUES (1, 91, 0, '2013-01-15 08:24:30', '2011-09-18 10:13:03');
INSERT INTO `storehouses_products` (`storehouse_id`, `product_id`, `value`, `created_at`, `updated_at`) VALUES (2, 92, 0, '2019-05-17 18:48:53', '2017-08-12 22:54:07');
INSERT INTO `storehouses_products` (`storehouse_id`, `product_id`, `value`, `created_at`, `updated_at`) VALUES (3, 93, 65535, '2017-06-15 22:41:10', '2016-04-30 09:13:08');
INSERT INTO `storehouses_products` (`storehouse_id`, `product_id`, `value`, `created_at`, `updated_at`) VALUES (4, 94, 65535, '2019-01-20 22:29:01', '2012-04-17 11:11:15');
INSERT INTO `storehouses_products` (`storehouse_id`, `product_id`, `value`, `created_at`, `updated_at`) VALUES (5, 95, 0, '2013-03-28 15:59:51', '2013-02-10 17:00:47');
INSERT INTO `storehouses_products` (`storehouse_id`, `product_id`, `value`, `created_at`, `updated_at`) VALUES (6, 96, 55, '2010-07-01 22:35:19', '2016-05-06 00:51:08');
INSERT INTO `storehouses_products` (`storehouse_id`, `product_id`, `value`, `created_at`, `updated_at`) VALUES (7, 97, 740, '2018-07-20 04:56:44', '2019-04-26 04:30:45');
INSERT INTO `storehouses_products` (`storehouse_id`, `product_id`, `value`, `created_at`, `updated_at`) VALUES (8, 98, 65535, '2014-05-23 02:25:02', '2010-12-16 00:55:31');
INSERT INTO `storehouses_products` (`storehouse_id`, `product_id`, `value`, `created_at`, `updated_at`) VALUES (9, 99, 152, '2014-08-18 23:14:21', '2019-08-22 12:42:54');
INSERT INTO `storehouses_products` (`storehouse_id`, `product_id`, `value`, `created_at`, `updated_at`) VALUES (10, 100, 65535, '2017-10-16 10:51:29', '2012-12-09 22:05:51');

-- заполнение rewievs

INSERT INTO `reviews` (`id`, `user_id`, `title`, `review`, `created_at`, `updated_at`) VALUES (1, 1, 'Incidunt in eligendi deleniti tempora pariatur quia.', 'Aut voluptate ea ut asperiores repellendus libero. Omnis amet ut amet quisquam ipsam quia maxime. Suscipit quod ullam nulla. Veritatis quo neque ad tempora porro necessitatibus ut.', '2015-09-07 21:58:31', '2017-09-30 05:30:21');
INSERT INTO `reviews` (`id`, `user_id`, `title`, `review`, `created_at`, `updated_at`) VALUES (2, 2, 'Et et ut sunt aut veritatis natus.', 'Ad a delectus natus magnam. Quia iste temporibus dignissimos et similique eligendi.', '2015-06-12 23:09:15', '2015-02-18 10:27:35');
INSERT INTO `reviews` (`id`, `user_id`, `title`, `review`, `created_at`, `updated_at`) VALUES (3, 3, 'Tempora aperiam maxime ea nesciunt omnis.', 'Eaque reiciendis explicabo atque aut nihil numquam. Assumenda aut totam debitis laboriosam necessitatibus quis. Quas deserunt libero veritatis provident.', '2010-08-09 08:47:06', '2020-01-16 09:31:19');
INSERT INTO `reviews` (`id`, `user_id`, `title`, `review`, `created_at`, `updated_at`) VALUES (4, 4, 'Amet perferendis velit numquam nesciunt.', 'Fugit aut laboriosam harum quaerat facere eum distinctio labore. Voluptates quos vero non nesciunt veritatis quasi aut aut.', '2018-06-09 11:56:09', '2015-12-15 05:59:53');
INSERT INTO `reviews` (`id`, `user_id`, `title`, `review`, `created_at`, `updated_at`) VALUES (5, 5, 'Ipsum voluptatem amet ullam ipsum molestias consequuntur.', 'Quaerat voluptas nihil asperiores. Et ut voluptatum ut molestias cupiditate. Est ipsum vitae quas dolores vero molestiae nam laboriosam.', '2015-10-05 09:19:41', '2017-01-01 04:05:59');
INSERT INTO `reviews` (`id`, `user_id`, `title`, `review`, `created_at`, `updated_at`) VALUES (6, 6, 'Nulla qui enim ut maiores.', 'Dolorem aliquid odit tempora dolores suscipit quam quod. Quia quia accusamus facilis cupiditate velit provident. Sunt minima et unde ut sit ipsam sit.', '2019-07-05 19:50:56', '2017-06-24 03:15:39');
INSERT INTO `reviews` (`id`, `user_id`, `title`, `review`, `created_at`, `updated_at`) VALUES (7, 7, 'Aut aliquam corrupti temporibus sed corporis dolorum libero.', 'Debitis ducimus vel voluptatem non dolorum perferendis. Placeat ut delectus provident dolorem aut minus voluptas. Provident eaque deleniti commodi perspiciatis natus rerum temporibus enim. Incidunt tempora laborum voluptatem minus aut quo.', '2012-05-11 12:53:17', '2019-12-01 12:25:53');
INSERT INTO `reviews` (`id`, `user_id`, `title`, `review`, `created_at`, `updated_at`) VALUES (8, 8, 'Sit suscipit aperiam labore est ad.', 'Nisi quis qui veniam dolorum placeat non tempora. Quis excepturi rem deleniti molestiae accusantium dolorum dolor.', '2020-02-01 02:59:45', '2014-07-16 05:33:09');
INSERT INTO `reviews` (`id`, `user_id`, `title`, `review`, `created_at`, `updated_at`) VALUES (9, 9, 'Tenetur nesciunt ducimus vero voluptatum.', 'Est accusantium fuga nihil officiis ad voluptatem ut. Consectetur aut modi qui non dolorem dolorum. Veritatis nihil ut quia consequuntur vero quia expedita. Mollitia sunt quo expedita facilis culpa.', '2020-02-29 23:19:00', '2014-01-06 08:56:24');
INSERT INTO `reviews` (`id`, `user_id`, `title`, `review`, `created_at`, `updated_at`) VALUES (10, 10, 'Aut sed repellendus voluptatem exercitationem.', 'Nisi inventore ullam quia enim. Tempore distinctio suscipit numquam possimus quam ex ut. Molestias qui saepe veniam similique officia similique mollitia.', '2019-01-14 09:36:50', '2015-02-09 15:04:26');
INSERT INTO `reviews` (`id`, `user_id`, `title`, `review`, `created_at`, `updated_at`) VALUES (11, 11, 'Quia voluptatum facere velit commodi.', 'Deleniti doloremque enim reiciendis ratione ea. Sint culpa quas eum cumque accusamus dicta beatae vero. Hic est molestiae numquam voluptatibus. Doloribus sapiente harum et nostrum.', '2011-08-02 10:56:47', '2019-04-05 13:09:34');
INSERT INTO `reviews` (`id`, `user_id`, `title`, `review`, `created_at`, `updated_at`) VALUES (12, 12, 'Sed et ex ducimus corrupti sed modi.', 'Laudantium officia voluptatem porro quis eum expedita voluptate. Delectus repellat ut numquam delectus modi. Impedit sapiente iure voluptas consequatur quibusdam a sequi reprehenderit. Aut dolores dolores incidunt illum. Molestias voluptate quae et.', '2019-08-02 17:44:22', '2019-07-09 04:35:47');
INSERT INTO `reviews` (`id`, `user_id`, `title`, `review`, `created_at`, `updated_at`) VALUES (13, 13, 'Aut autem distinctio culpa voluptatem.', 'Eius ullam ea nihil ut veritatis iure a eos. Cum dolores aut ut qui repellendus. Quo labore sed sint quia quia repellat nihil.', '2018-12-23 16:03:55', '2011-08-10 14:34:22');
INSERT INTO `reviews` (`id`, `user_id`, `title`, `review`, `created_at`, `updated_at`) VALUES (14, 14, 'Et mollitia perferendis ut nostrum reprehenderit molestiae aperiam.', 'Vitae nobis eaque minima tempora eligendi ipsam veritatis. Consequuntur et culpa explicabo est nisi temporibus. Nisi numquam et cum magni quod non velit. Officiis vero animi labore ratione veritatis qui ullam. Dolorum incidunt nihil aperiam eos possimus est.', '2012-12-28 21:51:14', '2013-02-27 18:44:04');
INSERT INTO `reviews` (`id`, `user_id`, `title`, `review`, `created_at`, `updated_at`) VALUES (15, 15, 'Blanditiis atque perferendis est sint aperiam voluptatum exercitationem consequatur.', 'Possimus nobis placeat et nisi numquam sint quia. Ut numquam et ad eum. Aut exercitationem cumque officia consequatur illo.', '2014-01-02 02:19:43', '2012-07-12 16:11:38');
INSERT INTO `reviews` (`id`, `user_id`, `title`, `review`, `created_at`, `updated_at`) VALUES (16, 16, 'Eveniet corporis porro nam quisquam in.', 'Vel autem odit unde est ducimus. Qui illo repellat et. Sit voluptas distinctio eum.', '2018-11-12 10:34:32', '2017-12-02 09:16:12');
INSERT INTO `reviews` (`id`, `user_id`, `title`, `review`, `created_at`, `updated_at`) VALUES (17, 17, 'Molestiae id ratione velit tempore harum voluptatem.', 'Temporibus provident velit sit impedit vel similique dolores. Blanditiis quibusdam incidunt et ea delectus molestias modi. Aut facilis aut pariatur suscipit sint dicta. Quis pariatur explicabo sunt sit.', '2014-05-04 19:08:45', '2019-08-10 09:02:55');
INSERT INTO `reviews` (`id`, `user_id`, `title`, `review`, `created_at`, `updated_at`) VALUES (18, 18, 'Qui neque aliquid beatae mollitia.', 'In quae temporibus pariatur corrupti incidunt. Labore ipsum accusantium dignissimos quasi eius. Cumque nisi earum ut saepe ut. Ut quia esse est enim aliquam. Optio earum accusamus qui totam ad consequatur fugiat.', '2015-12-25 18:08:03', '2014-01-06 15:20:16');
INSERT INTO `reviews` (`id`, `user_id`, `title`, `review`, `created_at`, `updated_at`) VALUES (19, 19, 'Sit hic et sint temporibus facere.', 'Sit alias eos itaque est aut. Quibusdam ad recusandae autem consequatur.', '2013-08-30 03:07:16', '2018-05-05 12:43:48');
INSERT INTO `reviews` (`id`, `user_id`, `title`, `review`, `created_at`, `updated_at`) VALUES (20, 20, 'Doloremque vel reprehenderit voluptatem quidem alias id aut.', 'Vero voluptatibus et sit tenetur. Corrupti assumenda esse exercitationem quo dignissimos iste totam. Magni voluptas cupiditate ducimus et et. Non alias sit quisquam ipsa.', '2014-09-07 18:15:30', '2016-01-04 17:13:19');
INSERT INTO `reviews` (`id`, `user_id`, `title`, `review`, `created_at`, `updated_at`) VALUES (21, 21, 'Ut aliquid officiis atque consequuntur expedita.', 'Accusantium impedit eum iste. Doloremque enim modi nobis vel in necessitatibus cupiditate. Ut et unde et commodi veritatis consequuntur. Quam necessitatibus commodi odit consectetur eius autem.', '2016-08-30 03:58:20', '2018-05-16 04:47:30');
INSERT INTO `reviews` (`id`, `user_id`, `title`, `review`, `created_at`, `updated_at`) VALUES (22, 22, 'Et temporibus tenetur ex vero esse atque dolorem debitis.', 'Consectetur voluptatum distinctio vero. Sint nemo cumque quis provident fuga dolore id. Fugiat reprehenderit est fugit omnis minima nulla. Voluptatem debitis in impedit autem est autem.', '2011-06-12 01:30:42', '2017-08-08 09:58:34');
INSERT INTO `reviews` (`id`, `user_id`, `title`, `review`, `created_at`, `updated_at`) VALUES (23, 23, 'Vel accusamus nihil modi consequatur qui consequatur.', 'Impedit sequi nisi explicabo voluptas. Quae qui itaque modi vel repudiandae. Placeat ut odio velit et iusto laboriosam labore temporibus. Fugit laborum commodi ea. Culpa est sint autem omnis.', '2011-03-26 05:18:03', '2019-12-03 20:46:57');
INSERT INTO `reviews` (`id`, `user_id`, `title`, `review`, `created_at`, `updated_at`) VALUES (24, 24, 'Incidunt fugit ipsam itaque.', 'Provident molestiae atque ut dolor dolorum. Neque consectetur sequi vero veritatis animi. Non sapiente et perferendis sapiente.', '2012-06-25 11:03:20', '2014-07-14 14:55:21');
INSERT INTO `reviews` (`id`, `user_id`, `title`, `review`, `created_at`, `updated_at`) VALUES (25, 25, 'Autem optio et voluptas molestiae.', 'Repellendus aut inventore provident accusamus praesentium deleniti molestias. Illum est itaque deleniti ipsum. Animi sit perferendis ut quo officia aut iure.', '2018-10-26 01:29:47', '2013-12-24 13:17:22');
INSERT INTO `reviews` (`id`, `user_id`, `title`, `review`, `created_at`, `updated_at`) VALUES (26, 26, 'Suscipit eveniet voluptates est.', 'Molestias voluptate reprehenderit necessitatibus inventore nisi deleniti repellat voluptas. Adipisci non amet et voluptatem. Quia omnis aut modi nihil numquam. Est voluptas quo qui blanditiis quibusdam beatae nostrum.', '2013-11-25 21:37:10', '2017-09-10 22:04:21');
INSERT INTO `reviews` (`id`, `user_id`, `title`, `review`, `created_at`, `updated_at`) VALUES (27, 27, 'Fugiat adipisci consequatur error officia tempore ea.', 'Nostrum deleniti nobis earum exercitationem placeat soluta optio. Molestias ut ut assumenda tenetur. Facere culpa quo quisquam deleniti qui sint at architecto.', '2013-11-11 15:53:06', '2013-09-17 18:19:45');
INSERT INTO `reviews` (`id`, `user_id`, `title`, `review`, `created_at`, `updated_at`) VALUES (28, 28, 'Qui et ipsam excepturi expedita voluptatem voluptatem.', 'Officia voluptas excepturi omnis numquam tenetur tempora nemo. Dolores rerum illum architecto expedita et ex. Et ea suscipit ipsum cumque. Perspiciatis rerum eius soluta at eligendi fugiat exercitationem.', '2017-09-19 03:52:33', '2012-07-31 10:41:23');
INSERT INTO `reviews` (`id`, `user_id`, `title`, `review`, `created_at`, `updated_at`) VALUES (29, 29, 'Voluptatem sed quas rerum expedita illo.', 'Dolorem omnis distinctio eius ducimus illo quod eligendi. Rem expedita vel modi unde quo. Nihil exercitationem deleniti doloremque odio veritatis.', '2020-02-13 21:27:26', '2015-11-05 10:14:31');
INSERT INTO `reviews` (`id`, `user_id`, `title`, `review`, `created_at`, `updated_at`) VALUES (30, 30, 'Placeat et non non ullam qui nostrum.', 'Molestiae voluptatem suscipit repellat omnis blanditiis. Ipsa dolor rem omnis qui fuga totam maiores sint. Non possimus dolorem aut ducimus hic dignissimos. Ut vitae consequatur est illum dolor est assumenda. Hic eum ad illo nisi incidunt iste dolor.', '2015-07-19 10:57:14', '2010-09-06 16:41:32');
INSERT INTO `reviews` (`id`, `user_id`, `title`, `review`, `created_at`, `updated_at`) VALUES (31, 31, 'Consequatur aliquam ut corporis aut sed.', 'Eum maiores atque eos ex eaque sed. Sed fugiat adipisci recusandae quae quasi iste. Cupiditate magni provident maiores aut dolores atque molestias. Provident et qui labore ea rerum itaque.', '2011-05-01 09:32:48', '2014-05-23 15:16:55');
INSERT INTO `reviews` (`id`, `user_id`, `title`, `review`, `created_at`, `updated_at`) VALUES (32, 32, 'Ut sed enim pariatur omnis culpa nostrum corrupti.', 'Vel excepturi qui non et. Sed ea ea illum distinctio laudantium id autem. Nisi sit harum rerum iusto optio soluta dolorum. Eaque quis cum illo.', '2011-09-12 19:19:18', '2011-10-01 05:47:53');
INSERT INTO `reviews` (`id`, `user_id`, `title`, `review`, `created_at`, `updated_at`) VALUES (33, 33, 'Voluptas alias totam excepturi ullam ipsa laboriosam ex.', 'Ducimus quod qui fugiat et. Est eos consequatur sequi aut facere hic porro. Sunt quae consequatur cupiditate dolores quasi doloremque. Praesentium ea autem veritatis voluptas. Aut iure est dicta beatae debitis fuga consequatur quis.', '2010-07-13 21:48:32', '2017-09-19 17:38:54');
INSERT INTO `reviews` (`id`, `user_id`, `title`, `review`, `created_at`, `updated_at`) VALUES (34, 34, 'Ut nemo nesciunt eum fugiat velit maiores totam ut.', 'Ut provident ratione aut ullam. Omnis nemo vel consequatur quia. Qui praesentium omnis ipsa alias dolorum. Sed deserunt eligendi reiciendis numquam autem omnis.', '2012-02-29 01:51:34', '2011-03-28 14:35:03');
INSERT INTO `reviews` (`id`, `user_id`, `title`, `review`, `created_at`, `updated_at`) VALUES (35, 35, 'Corrupti ipsam expedita nostrum ut praesentium magni.', 'Debitis unde ut ut iure est perspiciatis. Minus quasi sunt impedit corporis doloribus voluptas. Sequi eos ut sequi omnis quasi et qui.', '2016-06-08 15:16:55', '2011-03-21 12:22:29');
INSERT INTO `reviews` (`id`, `user_id`, `title`, `review`, `created_at`, `updated_at`) VALUES (36, 36, 'Ut cupiditate repudiandae voluptate sit expedita.', 'Ea illo saepe rerum perferendis velit molestiae. Tempora sapiente quaerat accusamus voluptate. Ex expedita non reprehenderit nisi veritatis voluptatem nemo.', '2016-07-28 05:46:47', '2010-09-01 22:58:54');
INSERT INTO `reviews` (`id`, `user_id`, `title`, `review`, `created_at`, `updated_at`) VALUES (37, 37, 'Totam occaecati iste inventore commodi.', 'Distinctio omnis deleniti eum aut nihil nisi veniam. Assumenda harum officia natus nisi. Non suscipit accusantium veniam ratione exercitationem fugiat. Sit illo ipsam adipisci eligendi dolore voluptas.', '2018-08-09 12:17:56', '2015-10-07 14:21:40');
INSERT INTO `reviews` (`id`, `user_id`, `title`, `review`, `created_at`, `updated_at`) VALUES (38, 38, 'Doloribus quibusdam itaque rem officiis.', 'Eligendi quis fuga quis. Esse cupiditate et illum sed nisi ipsam. Eum qui repudiandae aut. Sequi soluta qui officiis facilis enim cum iste porro.', '2019-06-02 19:33:58', '2019-06-27 17:00:07');
INSERT INTO `reviews` (`id`, `user_id`, `title`, `review`, `created_at`, `updated_at`) VALUES (39, 39, 'Rerum quae reiciendis id voluptate vel voluptatum consequatur id.', 'Sapiente beatae modi debitis explicabo iste. Repudiandae temporibus quibusdam expedita delectus velit. Et quo illum velit dolorem sit.', '2019-01-08 13:17:28', '2016-03-26 16:43:08');
INSERT INTO `reviews` (`id`, `user_id`, `title`, `review`, `created_at`, `updated_at`) VALUES (40, 40, 'Recusandae praesentium vel tenetur id aliquid.', 'Ducimus debitis dolorem est nostrum assumenda accusantium odit. Est alias dolorem sapiente natus omnis eveniet qui tempora. Tempora possimus facilis quo eum voluptatem. Iusto voluptatem alias qui quia modi expedita corporis.', '2010-11-10 12:30:55', '2016-06-12 01:01:32');
INSERT INTO `reviews` (`id`, `user_id`, `title`, `review`, `created_at`, `updated_at`) VALUES (41, 41, 'Ducimus eum provident natus perspiciatis quisquam deserunt.', 'Praesentium error ad commodi deleniti. Quidem saepe minima non qui sit voluptatem excepturi. Alias autem eum perferendis quisquam.', '2019-03-24 06:18:07', '2012-06-10 21:24:21');
INSERT INTO `reviews` (`id`, `user_id`, `title`, `review`, `created_at`, `updated_at`) VALUES (42, 42, 'Eveniet unde magnam nemo saepe perferendis odio placeat.', 'Aut voluptas praesentium laborum aperiam aperiam. At consectetur ab consequuntur corrupti. Sit sed corrupti tenetur modi facilis. Officiis architecto laborum omnis quos ut.', '2011-02-07 03:10:39', '2018-03-12 13:59:50');
INSERT INTO `reviews` (`id`, `user_id`, `title`, `review`, `created_at`, `updated_at`) VALUES (43, 43, 'Enim natus corrupti non vero repellendus iste.', 'Tempore qui architecto voluptas repellendus accusamus sint dolorum. Nihil quibusdam repellendus et quisquam sit aut quidem. Dolorem officiis debitis laboriosam praesentium qui dolores. Voluptatibus et aperiam molestiae dignissimos nulla.', '2020-03-20 16:27:15', '2015-07-17 03:06:37');
INSERT INTO `reviews` (`id`, `user_id`, `title`, `review`, `created_at`, `updated_at`) VALUES (44, 44, 'Nihil et perspiciatis non officiis.', 'Beatae odio incidunt facilis itaque molestiae et possimus nesciunt. Atque perspiciatis dolor qui officia et impedit aut. Minima voluptatum rerum maiores est facere. Explicabo rerum culpa quia mollitia quia veniam officia.', '2011-02-26 08:26:46', '2016-07-09 05:41:53');
INSERT INTO `reviews` (`id`, `user_id`, `title`, `review`, `created_at`, `updated_at`) VALUES (45, 45, 'Porro sint sunt et laborum.', 'Libero et praesentium nostrum dolor. Quo perspiciatis natus dolorum totam exercitationem laboriosam tempora. Perspiciatis architecto consequuntur ex nobis est consequatur.', '2013-07-27 18:44:56', '2014-01-01 23:47:45');
INSERT INTO `reviews` (`id`, `user_id`, `title`, `review`, `created_at`, `updated_at`) VALUES (46, 46, 'Rerum perspiciatis omnis repellat temporibus qui aliquam adipisci.', 'Esse ab molestiae consequatur sapiente sed. Fugiat rerum magnam omnis dolor quasi. Quaerat fugiat deserunt dolor ut placeat dolor. Corporis aliquid mollitia et pariatur quibusdam.', '2014-08-19 23:56:07', '2014-01-02 12:13:32');
INSERT INTO `reviews` (`id`, `user_id`, `title`, `review`, `created_at`, `updated_at`) VALUES (47, 47, 'Temporibus enim eius ut dolor earum sit.', 'Officiis laboriosam earum velit debitis quia. Consequatur vel molestiae iusto esse provident. Expedita nulla eos est neque. Repellat id quas consequatur quis. Atque aut excepturi quis et aspernatur commodi non.', '2011-01-09 21:06:47', '2018-06-17 11:17:25');
INSERT INTO `reviews` (`id`, `user_id`, `title`, `review`, `created_at`, `updated_at`) VALUES (48, 48, 'Occaecati id soluta maxime consectetur esse excepturi deleniti.', 'Inventore molestiae impedit tenetur qui. Tempore velit consectetur praesentium impedit. Voluptatibus enim quia asperiores qui atque laboriosam.', '2015-07-22 16:40:13', '2012-03-19 13:33:22');
INSERT INTO `reviews` (`id`, `user_id`, `title`, `review`, `created_at`, `updated_at`) VALUES (49, 49, 'Suscipit placeat recusandae similique dolores nihil beatae sunt.', 'Commodi voluptatem sint nobis. Hic facere deleniti sit repellendus. Quibusdam magni mollitia dicta sit autem optio laboriosam quas. Earum ut alias ipsa totam incidunt. Sint cumque dolores eveniet ad.', '2017-08-19 14:10:36', '2013-09-21 14:19:20');
INSERT INTO `reviews` (`id`, `user_id`, `title`, `review`, `created_at`, `updated_at`) VALUES (50, 50, 'Quibusdam recusandae fuga voluptatibus impedit qui.', 'Quia ad ut inventore est eum est numquam. Sapiente sed at natus odio qui. Maiores quia ea voluptatem impedit sit officiis.', '2016-08-04 09:30:01', '2011-05-11 11:55:15');
INSERT INTO `reviews` (`id`, `user_id`, `title`, `review`, `created_at`, `updated_at`) VALUES (51, 51, 'Excepturi unde autem hic est.', 'Iusto ipsa et sit minima corporis rerum. Aut nihil praesentium quaerat tempora dicta. Ipsam eum libero cum accusamus nemo voluptatibus. Non repellendus consequatur maxime optio.', '2011-09-07 10:08:08', '2012-12-24 04:11:21');
INSERT INTO `reviews` (`id`, `user_id`, `title`, `review`, `created_at`, `updated_at`) VALUES (52, 52, 'Quae et cumque possimus nisi voluptas voluptatem vero.', 'Atque aut voluptatem qui tempora minima. Est inventore non sit doloribus adipisci assumenda voluptatem. Consequatur explicabo est aspernatur. Eum saepe suscipit nostrum laborum.', '2012-06-17 02:37:08', '2016-05-18 05:18:06');
INSERT INTO `reviews` (`id`, `user_id`, `title`, `review`, `created_at`, `updated_at`) VALUES (53, 53, 'Ad iusto minima doloribus placeat dolor aut voluptatem voluptates.', 'Sit qui consectetur perferendis modi magnam. Fuga ea consequatur dolores tenetur distinctio dolorum quibusdam.', '2011-11-27 22:26:51', '2017-06-19 10:29:13');
INSERT INTO `reviews` (`id`, `user_id`, `title`, `review`, `created_at`, `updated_at`) VALUES (54, 54, 'Quo repellat autem blanditiis est repudiandae aut.', 'Beatae quasi esse architecto quis sit distinctio repellendus ipsa. Libero eligendi quisquam dolor molestiae. Autem magnam assumenda sapiente. Culpa quidem dolor qui aliquid aperiam blanditiis soluta.', '2016-03-15 04:29:49', '2012-08-11 09:55:07');
INSERT INTO `reviews` (`id`, `user_id`, `title`, `review`, `created_at`, `updated_at`) VALUES (55, 55, 'Debitis omnis non illo illo voluptates non.', 'Adipisci quaerat expedita velit aut aliquid. Possimus non adipisci adipisci inventore illum ut distinctio. Nisi laborum qui fugit non excepturi.', '2016-03-23 21:28:17', '2017-08-15 04:44:11');
INSERT INTO `reviews` (`id`, `user_id`, `title`, `review`, `created_at`, `updated_at`) VALUES (56, 56, 'Accusantium sequi earum deserunt voluptatum ut.', 'Dolorum repellendus aliquid distinctio. Debitis libero enim corporis quas. Sit corrupti dolor quidem distinctio. Nisi deleniti voluptas quidem ut ut.', '2018-09-22 00:18:23', '2017-05-23 04:32:47');
INSERT INTO `reviews` (`id`, `user_id`, `title`, `review`, `created_at`, `updated_at`) VALUES (57, 57, 'Ipsum eum fuga error eos dolores.', 'Doloribus praesentium autem dicta doloribus quis fugit. Nam mollitia corporis velit cumque. Nobis omnis est vel velit commodi assumenda quos.', '2015-12-18 09:48:32', '2016-07-17 18:43:59');
INSERT INTO `reviews` (`id`, `user_id`, `title`, `review`, `created_at`, `updated_at`) VALUES (58, 58, 'Sit et sit pariatur est deleniti explicabo.', 'Aliquid ipsa iusto deleniti. Velit labore minus quaerat fuga autem sed totam. Quia asperiores aliquam soluta architecto sunt id. Praesentium et dolores ut incidunt doloremque.', '2010-07-29 23:04:00', '2015-07-13 14:19:42');
INSERT INTO `reviews` (`id`, `user_id`, `title`, `review`, `created_at`, `updated_at`) VALUES (59, 59, 'Et dolor blanditiis maiores impedit.', 'Harum dolorem omnis ea ut fuga accusamus quia. Commodi ipsum dicta ratione beatae velit qui. Natus eos dolorum omnis accusantium et mollitia. Sit qui a quia aut.', '2010-08-16 04:53:02', '2016-01-05 16:15:34');
INSERT INTO `reviews` (`id`, `user_id`, `title`, `review`, `created_at`, `updated_at`) VALUES (60, 60, 'Enim minus totam magni blanditiis quidem.', 'Aut molestiae perferendis dolore doloribus aut qui cum nulla. Culpa quia quod iusto sed. Et voluptatum animi fugit corporis sint non. Reprehenderit nulla culpa non sequi expedita vitae numquam.', '2016-04-22 06:16:19', '2013-06-17 12:07:52');
INSERT INTO `reviews` (`id`, `user_id`, `title`, `review`, `created_at`, `updated_at`) VALUES (61, 61, 'Assumenda sit ut voluptates odit voluptas eaque officia.', 'Deserunt a perferendis enim dolore nostrum. Perspiciatis nulla aperiam omnis cupiditate in tempore. Amet iure quo velit ut dignissimos doloribus sunt.', '2017-06-05 23:50:02', '2012-09-24 02:49:02');
INSERT INTO `reviews` (`id`, `user_id`, `title`, `review`, `created_at`, `updated_at`) VALUES (62, 62, 'Voluptas fugit itaque sit dolorum distinctio ea.', 'Voluptas minus est saepe et et ut. Ullam cum recusandae eaque praesentium. Molestiae ratione quae id nulla laboriosam. Nulla veniam ad veritatis est enim esse labore facere.', '2012-06-19 02:44:15', '2014-06-12 08:20:43');
INSERT INTO `reviews` (`id`, `user_id`, `title`, `review`, `created_at`, `updated_at`) VALUES (63, 63, 'Consequatur nulla ratione voluptatem maxime enim in quos.', 'Voluptatem velit quia doloremque aut aut. Laboriosam modi animi unde dicta corporis fugiat blanditiis.', '2017-11-22 05:17:21', '2011-08-02 16:52:17');
INSERT INTO `reviews` (`id`, `user_id`, `title`, `review`, `created_at`, `updated_at`) VALUES (64, 64, 'Velit molestiae voluptatem mollitia enim iure quisquam magni.', 'Iste optio rerum laboriosam. Qui aliquam laboriosam nulla doloremque necessitatibus ad quasi. Quae expedita voluptatem quidem corporis.', '2010-10-01 17:49:18', '2015-05-02 18:51:47');
INSERT INTO `reviews` (`id`, `user_id`, `title`, `review`, `created_at`, `updated_at`) VALUES (65, 65, 'Commodi eos libero optio quis.', 'Sed rerum voluptatem at harum a. Delectus rem occaecati quis soluta harum ullam.', '2011-09-29 08:38:53', '2016-01-06 04:02:09');
INSERT INTO `reviews` (`id`, `user_id`, `title`, `review`, `created_at`, `updated_at`) VALUES (66, 66, 'Autem quia enim laborum temporibus voluptas consequuntur.', 'Ad natus nihil atque sed est. Impedit quis sed reiciendis vitae est dolores. Et magnam voluptatem tenetur nulla labore dolor esse. Beatae optio id harum vel vel. Ab sapiente quas molestias ad magni.', '2020-01-25 15:49:31', '2017-03-28 06:13:19');
INSERT INTO `reviews` (`id`, `user_id`, `title`, `review`, `created_at`, `updated_at`) VALUES (67, 67, 'Quasi quidem non nulla quae itaque eum iusto.', 'Officiis culpa reprehenderit hic architecto. Cumque quam velit qui consequuntur ut. Ea ea non qui perferendis sapiente nulla numquam exercitationem. Voluptas magni quia dolor sapiente explicabo. Iure corporis soluta voluptate saepe deleniti cupiditate pariatur nihil.', '2014-05-05 15:42:15', '2016-02-17 23:39:25');
INSERT INTO `reviews` (`id`, `user_id`, `title`, `review`, `created_at`, `updated_at`) VALUES (68, 68, 'Aut corrupti accusamus autem consectetur illum animi.', 'Animi nihil qui impedit accusamus sunt. Ea consequatur asperiores quis. Iusto quibusdam sit minus commodi ullam omnis maxime aliquid.', '2012-08-25 16:25:39', '2014-12-10 01:00:22');
INSERT INTO `reviews` (`id`, `user_id`, `title`, `review`, `created_at`, `updated_at`) VALUES (69, 69, 'Perferendis reiciendis praesentium modi.', 'Dignissimos velit debitis doloribus in. Dolorem numquam necessitatibus deleniti sequi doloribus vel et. Ipsam culpa dicta sapiente. Unde quae alias dolorum eligendi reiciendis repudiandae sed.', '2016-09-20 19:21:19', '2017-02-20 00:20:04');
INSERT INTO `reviews` (`id`, `user_id`, `title`, `review`, `created_at`, `updated_at`) VALUES (70, 70, 'Ipsa ea occaecati odio ut voluptas nostrum.', 'Fugit odit vero consequuntur magni quis molestias. Enim tempore sapiente nam et. Fuga enim molestias ea eaque repellendus vero molestias. Ipsa voluptatibus accusamus est eius architecto.', '2012-07-27 12:57:35', '2011-05-14 14:48:12');
INSERT INTO `reviews` (`id`, `user_id`, `title`, `review`, `created_at`, `updated_at`) VALUES (71, 71, 'Ipsa nemo incidunt dolores quia optio laborum architecto.', 'Laborum magnam impedit optio vero et. Hic architecto magni voluptatibus rerum asperiores. Non molestiae rerum dolores.', '2013-06-16 11:51:47', '2019-08-20 12:40:10');
INSERT INTO `reviews` (`id`, `user_id`, `title`, `review`, `created_at`, `updated_at`) VALUES (72, 72, 'Est alias totam voluptatibus iusto qui voluptatem sequi.', 'Quia dolore error velit at. Facere qui similique voluptatibus repudiandae quae ex. Aliquam quos laborum praesentium laborum ex animi.', '2015-10-26 21:18:16', '2012-04-18 00:42:45');
INSERT INTO `reviews` (`id`, `user_id`, `title`, `review`, `created_at`, `updated_at`) VALUES (73, 73, 'Dolor laboriosam voluptatibus quos consequuntur officia.', 'Perspiciatis excepturi ad voluptatem aut assumenda. Laborum est dolorem occaecati distinctio veritatis aspernatur vitae impedit. Et vero facilis ea facilis omnis officiis ipsam.', '2013-10-03 22:39:07', '2019-07-26 11:43:11');
INSERT INTO `reviews` (`id`, `user_id`, `title`, `review`, `created_at`, `updated_at`) VALUES (74, 74, 'Enim numquam delectus incidunt doloremque expedita.', 'Cupiditate qui animi repudiandae ipsum quae. Dolore vel repudiandae consequatur debitis. Accusantium ex dignissimos error nihil quia officiis aliquid.', '2017-11-07 03:27:01', '2013-07-28 08:12:41');
INSERT INTO `reviews` (`id`, `user_id`, `title`, `review`, `created_at`, `updated_at`) VALUES (75, 75, 'Ab doloremque libero illo cumque.', 'Magni eveniet totam sint tenetur sapiente nobis necessitatibus. Velit labore laudantium et. Maxime et magni aut itaque.', '2010-10-21 12:31:27', '2019-07-18 15:21:05');
INSERT INTO `reviews` (`id`, `user_id`, `title`, `review`, `created_at`, `updated_at`) VALUES (76, 76, 'Ab cumque velit et voluptates praesentium officia facilis.', 'Aut sint unde aut. Provident nam accusantium corporis nisi rem nisi. Facere qui quos sed sint ut quis animi.', '2013-05-18 04:10:56', '2015-09-21 05:58:06');
INSERT INTO `reviews` (`id`, `user_id`, `title`, `review`, `created_at`, `updated_at`) VALUES (77, 77, 'Rem dolorum et maxime magni perspiciatis dolorem et.', 'Quos aliquam ea possimus et et impedit est. Animi sed vero rerum maxime quas alias architecto dolor. Voluptatem quos velit non ipsam unde iste quo. Saepe amet ducimus sequi quo facilis.', '2014-09-22 15:00:37', '2015-01-17 12:02:32');
INSERT INTO `reviews` (`id`, `user_id`, `title`, `review`, `created_at`, `updated_at`) VALUES (78, 78, 'Odio dolores soluta labore est ab nihil.', 'Tenetur voluptas deleniti rerum aut. Et aut voluptas aliquam. Quo voluptatibus deleniti mollitia sunt unde. Repellendus qui est aut est dolor.', '2012-11-03 02:28:55', '2019-02-22 04:37:12');
INSERT INTO `reviews` (`id`, `user_id`, `title`, `review`, `created_at`, `updated_at`) VALUES (79, 79, 'Vel voluptate autem beatae quibusdam qui.', 'Autem ea animi ut aliquam asperiores tempora aliquid. Molestiae in ut minus omnis maiores earum. Saepe aliquid veritatis est sed velit quas qui commodi.', '2018-10-29 09:00:49', '2012-09-13 06:07:47');
INSERT INTO `reviews` (`id`, `user_id`, `title`, `review`, `created_at`, `updated_at`) VALUES (80, 80, 'Maiores voluptatum non totam sit repellat ut occaecati.', 'Dignissimos quam doloremque quaerat. Maiores numquam optio deleniti mollitia. Aliquid vero quia quidem pariatur modi ea.', '2011-10-31 08:41:58', '2011-09-23 08:53:24');
INSERT INTO `reviews` (`id`, `user_id`, `title`, `review`, `created_at`, `updated_at`) VALUES (81, 81, 'Voluptas repellat aliquid vel.', 'Dolorem id molestias ut deleniti reprehenderit cumque est. Repellendus qui saepe est accusantium ex ipsum error. Modi molestias expedita et sunt velit quasi et.', '2019-08-28 13:47:23', '2014-11-27 13:56:29');
INSERT INTO `reviews` (`id`, `user_id`, `title`, `review`, `created_at`, `updated_at`) VALUES (82, 82, 'Corporis facere culpa et consectetur ut.', 'Accusamus nemo dolores ea nostrum suscipit qui pariatur in. Tenetur consequatur quia praesentium in. Ipsam molestiae odit rerum perspiciatis aliquid doloremque.', '2017-09-30 15:01:37', '2012-01-09 21:36:13');
INSERT INTO `reviews` (`id`, `user_id`, `title`, `review`, `created_at`, `updated_at`) VALUES (83, 83, 'Quasi qui consequuntur sit optio eos velit.', 'Aut assumenda est id doloremque. Vero error dolorem expedita est. Explicabo aut non labore quisquam.', '2017-05-06 04:51:42', '2018-07-25 11:37:50');
INSERT INTO `reviews` (`id`, `user_id`, `title`, `review`, `created_at`, `updated_at`) VALUES (84, 84, 'Ab id delectus officia accusantium optio.', 'Ipsa delectus nostrum suscipit aliquid voluptas et sed. Velit dolor fuga laborum.', '2011-11-23 23:42:05', '2017-12-22 06:36:59');
INSERT INTO `reviews` (`id`, `user_id`, `title`, `review`, `created_at`, `updated_at`) VALUES (85, 85, 'Reiciendis magni magnam quod animi rerum consequatur.', 'Nam repudiandae aliquam quisquam provident accusantium excepturi. Incidunt et assumenda vel vel ea. Dolore similique ullam ipsa aut quidem et quibusdam.', '2017-03-20 06:45:21', '2011-02-07 05:27:33');
INSERT INTO `reviews` (`id`, `user_id`, `title`, `review`, `created_at`, `updated_at`) VALUES (86, 86, 'Nihil quo eligendi vero.', 'Architecto sint dolorem aut alias suscipit. Assumenda unde autem quis doloremque esse reiciendis aliquam. Omnis recusandae est incidunt repellendus molestiae deleniti.', '2013-06-08 12:16:42', '2014-01-21 17:22:33');
INSERT INTO `reviews` (`id`, `user_id`, `title`, `review`, `created_at`, `updated_at`) VALUES (87, 87, 'Quis perspiciatis omnis consequatur consequatur numquam itaque.', 'Exercitationem cum dicta nesciunt. Ea enim harum nesciunt omnis est voluptatibus soluta. Qui sit velit totam repellat provident.', '2016-09-29 09:05:44', '2010-06-22 12:21:26');
INSERT INTO `reviews` (`id`, `user_id`, `title`, `review`, `created_at`, `updated_at`) VALUES (88, 88, 'Autem recusandae veritatis illo beatae sed officiis voluptatem.', 'Quo quia quibusdam dolore. Atque molestias corporis est illo rerum sint.', '2017-12-19 21:08:16', '2019-01-06 01:17:26');
INSERT INTO `reviews` (`id`, `user_id`, `title`, `review`, `created_at`, `updated_at`) VALUES (89, 89, 'Dolores quaerat iure ipsum ducimus repellat error.', 'Magni necessitatibus temporibus aut eum voluptatem fugit. Harum dicta enim impedit commodi enim nihil molestiae fugit. Minima dolor rerum quis eaque.', '2013-04-24 19:22:15', '2016-12-19 07:40:30');
INSERT INTO `reviews` (`id`, `user_id`, `title`, `review`, `created_at`, `updated_at`) VALUES (90, 90, 'Blanditiis non sit et voluptas necessitatibus reiciendis autem.', 'Nihil facere vitae hic est rerum est. Dolorem sunt et sed et magnam quo. Dolore natus eum quas fuga.', '2017-06-24 14:41:14', '2014-01-24 02:40:47');
INSERT INTO `reviews` (`id`, `user_id`, `title`, `review`, `created_at`, `updated_at`) VALUES (91, 91, 'Atque laudantium velit modi et vel ea qui maiores.', 'Aut dolore maiores atque eius. Culpa dolor deleniti unde suscipit ducimus voluptas. Voluptatem repellendus amet est labore voluptatem asperiores magni id. Necessitatibus excepturi architecto repudiandae amet consequatur.', '2010-09-23 04:41:23', '2014-10-22 19:24:30');
INSERT INTO `reviews` (`id`, `user_id`, `title`, `review`, `created_at`, `updated_at`) VALUES (92, 92, 'Odit quia est id recusandae error quo eum.', 'Eum cum illo delectus in. Et qui nam et nulla pariatur. Qui facilis quo consequatur aperiam at velit et.', '2015-08-13 20:39:14', '2011-09-17 14:39:28');
INSERT INTO `reviews` (`id`, `user_id`, `title`, `review`, `created_at`, `updated_at`) VALUES (93, 93, 'A iusto autem reprehenderit et.', 'Quod accusamus recusandae dolor dolorem iure at. Minima vel perferendis vel similique ut sequi distinctio et. Ut sunt aliquid magni laboriosam eligendi. Unde est aut possimus dolor vel sit. Dicta molestiae possimus dolorum odio distinctio natus minima.', '2014-06-26 05:14:29', '2012-06-09 22:53:36');
INSERT INTO `reviews` (`id`, `user_id`, `title`, `review`, `created_at`, `updated_at`) VALUES (94, 94, 'Suscipit est magni voluptatem velit velit.', 'Quia et corporis aperiam occaecati. Laudantium delectus facilis quod natus iste. Rerum esse magni ex minima incidunt autem voluptatum voluptas.', '2016-11-12 21:29:15', '2011-06-19 23:27:55');
INSERT INTO `reviews` (`id`, `user_id`, `title`, `review`, `created_at`, `updated_at`) VALUES (95, 95, 'Esse ut non aliquid occaecati ut nostrum.', 'Asperiores provident illo labore illum. Aperiam aliquam molestias dolorem qui et. Voluptas qui quis similique velit reprehenderit qui.', '2011-11-29 03:49:50', '2010-10-11 23:57:54');
INSERT INTO `reviews` (`id`, `user_id`, `title`, `review`, `created_at`, `updated_at`) VALUES (96, 96, 'Sunt sunt nesciunt voluptas modi tempore.', 'Distinctio aut odio et nihil. Officia corrupti sit quia ab ut tenetur consequatur. Nesciunt tempora sit ipsum harum provident excepturi ipsam.', '2012-06-02 16:05:02', '2010-06-03 20:18:58');
INSERT INTO `reviews` (`id`, `user_id`, `title`, `review`, `created_at`, `updated_at`) VALUES (97, 97, 'Qui at consequuntur id est assumenda quibusdam et.', 'Sit fugiat est odio id nobis quisquam quis minus. Asperiores qui sit quo. Doloremque velit voluptatem voluptas architecto ipsam.', '2018-09-18 21:42:25', '2019-12-25 07:23:28');
INSERT INTO `reviews` (`id`, `user_id`, `title`, `review`, `created_at`, `updated_at`) VALUES (98, 98, 'Voluptas quo ab sed est quisquam autem in provident.', 'Suscipit nihil vel et animi velit delectus sequi veniam. Dolor dolorem ullam modi omnis facere voluptatem quo. Enim fuga aut animi voluptates dolorum recusandae. Necessitatibus dicta amet libero et.', '2010-04-19 12:13:11', '2012-01-25 09:35:15');
INSERT INTO `reviews` (`id`, `user_id`, `title`, `review`, `created_at`, `updated_at`) VALUES (99, 99, 'Nesciunt ut omnis sequi adipisci sunt.', 'Omnis necessitatibus autem reiciendis sint neque quam. Molestiae illum minus dolorum voluptatem accusantium. Laudantium quas vitae inventore dolor minus vero. Architecto iste esse exercitationem autem.', '2020-02-06 18:17:14', '2016-10-12 22:14:04');
INSERT INTO `reviews` (`id`, `user_id`, `title`, `review`, `created_at`, `updated_at`) VALUES (100, 100, 'Cupiditate aperiam aut molestiae optio nulla.', 'Ea consequatur voluptatem maiores cupiditate. Minima sunt qui a aut delectus quis est nisi. Earum quo sunt dolores ipsum quod. Facere repudiandae debitis ut dolor est.', '2013-09-27 23:00:26', '2017-09-07 14:18:25');

-- заполнение rewiev_media

INSERT INTO `review_media` (`image_id`, `review_id`, `created_at`) VALUES (1, 1, '2017-09-09 01:41:57');
INSERT INTO `review_media` (`image_id`, `review_id`, `created_at`) VALUES (2, 2, '2017-07-09 16:40:53');
INSERT INTO `review_media` (`image_id`, `review_id`, `created_at`) VALUES (3, 3, '2020-04-04 10:46:47');
INSERT INTO `review_media` (`image_id`, `review_id`, `created_at`) VALUES (4, 4, '2018-07-31 21:08:34');
INSERT INTO `review_media` (`image_id`, `review_id`, `created_at`) VALUES (5, 5, '2018-10-10 23:25:13');
INSERT INTO `review_media` (`image_id`, `review_id`, `created_at`) VALUES (6, 6, '2010-05-29 23:19:30');
INSERT INTO `review_media` (`image_id`, `review_id`, `created_at`) VALUES (7, 7, '2015-03-05 04:40:27');
INSERT INTO `review_media` (`image_id`, `review_id`, `created_at`) VALUES (8, 8, '2019-03-15 01:02:48');
INSERT INTO `review_media` (`image_id`, `review_id`, `created_at`) VALUES (9, 9, '2011-10-16 01:15:36');
INSERT INTO `review_media` (`image_id`, `review_id`, `created_at`) VALUES (10, 10, '2014-03-15 13:14:52');
INSERT INTO `review_media` (`image_id`, `review_id`, `created_at`) VALUES (11, 11, '2013-04-19 03:34:39');
INSERT INTO `review_media` (`image_id`, `review_id`, `created_at`) VALUES (12, 12, '2018-02-01 10:27:17');
INSERT INTO `review_media` (`image_id`, `review_id`, `created_at`) VALUES (13, 13, '2016-06-27 09:33:01');
INSERT INTO `review_media` (`image_id`, `review_id`, `created_at`) VALUES (14, 14, '2010-06-08 19:34:31');
INSERT INTO `review_media` (`image_id`, `review_id`, `created_at`) VALUES (15, 15, '2018-12-21 03:20:21');
INSERT INTO `review_media` (`image_id`, `review_id`, `created_at`) VALUES (16, 16, '2012-03-09 09:10:47');
INSERT INTO `review_media` (`image_id`, `review_id`, `created_at`) VALUES (17, 17, '2012-08-09 18:25:26');
INSERT INTO `review_media` (`image_id`, `review_id`, `created_at`) VALUES (18, 18, '2018-12-01 18:42:37');
INSERT INTO `review_media` (`image_id`, `review_id`, `created_at`) VALUES (19, 19, '2017-08-07 20:14:06');
INSERT INTO `review_media` (`image_id`, `review_id`, `created_at`) VALUES (20, 20, '2016-01-19 00:02:01');
INSERT INTO `review_media` (`image_id`, `review_id`, `created_at`) VALUES (21, 21, '2015-08-07 06:02:42');
INSERT INTO `review_media` (`image_id`, `review_id`, `created_at`) VALUES (22, 22, '2016-06-18 01:37:02');
INSERT INTO `review_media` (`image_id`, `review_id`, `created_at`) VALUES (23, 23, '2012-04-15 19:28:21');
INSERT INTO `review_media` (`image_id`, `review_id`, `created_at`) VALUES (24, 24, '2013-02-24 08:26:23');
INSERT INTO `review_media` (`image_id`, `review_id`, `created_at`) VALUES (25, 25, '2011-09-24 16:59:09');
INSERT INTO `review_media` (`image_id`, `review_id`, `created_at`) VALUES (26, 26, '2010-11-09 11:43:59');
INSERT INTO `review_media` (`image_id`, `review_id`, `created_at`) VALUES (27, 27, '2018-06-23 23:11:05');
INSERT INTO `review_media` (`image_id`, `review_id`, `created_at`) VALUES (28, 28, '2019-12-21 14:49:23');
INSERT INTO `review_media` (`image_id`, `review_id`, `created_at`) VALUES (29, 29, '2016-11-29 01:10:05');
INSERT INTO `review_media` (`image_id`, `review_id`, `created_at`) VALUES (30, 30, '2016-07-31 23:11:38');
INSERT INTO `review_media` (`image_id`, `review_id`, `created_at`) VALUES (31, 31, '2011-01-21 16:56:52');
INSERT INTO `review_media` (`image_id`, `review_id`, `created_at`) VALUES (32, 32, '2019-08-15 23:47:16');
INSERT INTO `review_media` (`image_id`, `review_id`, `created_at`) VALUES (33, 33, '2017-01-29 17:16:17');
INSERT INTO `review_media` (`image_id`, `review_id`, `created_at`) VALUES (34, 34, '2012-09-04 20:58:14');
INSERT INTO `review_media` (`image_id`, `review_id`, `created_at`) VALUES (35, 35, '2019-12-10 00:35:46');
INSERT INTO `review_media` (`image_id`, `review_id`, `created_at`) VALUES (36, 36, '2018-07-29 02:29:24');
INSERT INTO `review_media` (`image_id`, `review_id`, `created_at`) VALUES (37, 37, '2015-08-02 09:23:30');
INSERT INTO `review_media` (`image_id`, `review_id`, `created_at`) VALUES (38, 38, '2010-11-25 07:12:27');
INSERT INTO `review_media` (`image_id`, `review_id`, `created_at`) VALUES (39, 39, '2012-08-17 11:48:37');
INSERT INTO `review_media` (`image_id`, `review_id`, `created_at`) VALUES (40, 40, '2018-03-04 05:15:24');
INSERT INTO `review_media` (`image_id`, `review_id`, `created_at`) VALUES (41, 41, '2014-09-30 19:03:17');
INSERT INTO `review_media` (`image_id`, `review_id`, `created_at`) VALUES (42, 42, '2019-04-05 02:11:49');
INSERT INTO `review_media` (`image_id`, `review_id`, `created_at`) VALUES (43, 43, '2019-07-22 19:06:04');
INSERT INTO `review_media` (`image_id`, `review_id`, `created_at`) VALUES (44, 44, '2012-05-14 01:34:40');
INSERT INTO `review_media` (`image_id`, `review_id`, `created_at`) VALUES (45, 45, '2019-09-30 17:26:20');
INSERT INTO `review_media` (`image_id`, `review_id`, `created_at`) VALUES (46, 46, '2015-03-05 06:52:25');
INSERT INTO `review_media` (`image_id`, `review_id`, `created_at`) VALUES (47, 47, '2017-08-21 07:24:40');
INSERT INTO `review_media` (`image_id`, `review_id`, `created_at`) VALUES (48, 48, '2020-04-01 22:38:11');
INSERT INTO `review_media` (`image_id`, `review_id`, `created_at`) VALUES (49, 49, '2011-02-12 06:57:29');
INSERT INTO `review_media` (`image_id`, `review_id`, `created_at`) VALUES (50, 50, '2012-02-08 18:36:17');
INSERT INTO `review_media` (`image_id`, `review_id`, `created_at`) VALUES (51, 51, '2012-08-02 21:30:38');
INSERT INTO `review_media` (`image_id`, `review_id`, `created_at`) VALUES (52, 52, '2013-08-24 06:08:48');
INSERT INTO `review_media` (`image_id`, `review_id`, `created_at`) VALUES (53, 53, '2013-10-11 13:23:55');
INSERT INTO `review_media` (`image_id`, `review_id`, `created_at`) VALUES (54, 54, '2012-08-22 22:09:31');
INSERT INTO `review_media` (`image_id`, `review_id`, `created_at`) VALUES (55, 55, '2015-09-10 17:22:43');
INSERT INTO `review_media` (`image_id`, `review_id`, `created_at`) VALUES (56, 56, '2018-08-18 14:53:52');
INSERT INTO `review_media` (`image_id`, `review_id`, `created_at`) VALUES (57, 57, '2011-12-31 10:14:09');
INSERT INTO `review_media` (`image_id`, `review_id`, `created_at`) VALUES (58, 58, '2014-06-30 03:46:58');
INSERT INTO `review_media` (`image_id`, `review_id`, `created_at`) VALUES (59, 59, '2011-07-17 22:28:04');
INSERT INTO `review_media` (`image_id`, `review_id`, `created_at`) VALUES (60, 60, '2011-05-20 10:03:39');
INSERT INTO `review_media` (`image_id`, `review_id`, `created_at`) VALUES (61, 61, '2013-07-14 17:54:55');
INSERT INTO `review_media` (`image_id`, `review_id`, `created_at`) VALUES (62, 62, '2015-11-28 04:58:51');
INSERT INTO `review_media` (`image_id`, `review_id`, `created_at`) VALUES (63, 63, '2016-08-08 19:45:12');
INSERT INTO `review_media` (`image_id`, `review_id`, `created_at`) VALUES (64, 64, '2013-05-19 21:09:02');
INSERT INTO `review_media` (`image_id`, `review_id`, `created_at`) VALUES (65, 65, '2015-05-15 17:45:59');
INSERT INTO `review_media` (`image_id`, `review_id`, `created_at`) VALUES (66, 66, '2019-06-24 05:28:35');
INSERT INTO `review_media` (`image_id`, `review_id`, `created_at`) VALUES (67, 67, '2012-07-11 20:02:58');
INSERT INTO `review_media` (`image_id`, `review_id`, `created_at`) VALUES (68, 68, '2019-06-24 15:27:33');
INSERT INTO `review_media` (`image_id`, `review_id`, `created_at`) VALUES (69, 69, '2017-12-10 15:42:53');
INSERT INTO `review_media` (`image_id`, `review_id`, `created_at`) VALUES (70, 70, '2013-11-07 01:21:56');
INSERT INTO `review_media` (`image_id`, `review_id`, `created_at`) VALUES (71, 71, '2016-10-08 03:57:24');
INSERT INTO `review_media` (`image_id`, `review_id`, `created_at`) VALUES (72, 72, '2012-10-29 04:19:54');
INSERT INTO `review_media` (`image_id`, `review_id`, `created_at`) VALUES (73, 73, '2019-12-11 05:53:40');
INSERT INTO `review_media` (`image_id`, `review_id`, `created_at`) VALUES (74, 74, '2019-09-22 12:41:27');
INSERT INTO `review_media` (`image_id`, `review_id`, `created_at`) VALUES (75, 75, '2018-05-05 01:12:27');
INSERT INTO `review_media` (`image_id`, `review_id`, `created_at`) VALUES (76, 76, '2019-10-23 20:19:51');
INSERT INTO `review_media` (`image_id`, `review_id`, `created_at`) VALUES (77, 77, '2013-03-31 12:38:41');
INSERT INTO `review_media` (`image_id`, `review_id`, `created_at`) VALUES (78, 78, '2011-08-05 15:51:32');
INSERT INTO `review_media` (`image_id`, `review_id`, `created_at`) VALUES (79, 79, '2014-09-07 20:09:42');
INSERT INTO `review_media` (`image_id`, `review_id`, `created_at`) VALUES (80, 80, '2013-07-21 05:43:54');
INSERT INTO `review_media` (`image_id`, `review_id`, `created_at`) VALUES (81, 81, '2013-02-09 02:13:17');
INSERT INTO `review_media` (`image_id`, `review_id`, `created_at`) VALUES (82, 82, '2018-03-16 05:15:30');
INSERT INTO `review_media` (`image_id`, `review_id`, `created_at`) VALUES (83, 83, '2014-04-21 05:21:37');
INSERT INTO `review_media` (`image_id`, `review_id`, `created_at`) VALUES (84, 84, '2016-04-03 10:57:02');
INSERT INTO `review_media` (`image_id`, `review_id`, `created_at`) VALUES (85, 85, '2017-02-11 04:42:08');
INSERT INTO `review_media` (`image_id`, `review_id`, `created_at`) VALUES (86, 86, '2015-10-13 04:16:39');
INSERT INTO `review_media` (`image_id`, `review_id`, `created_at`) VALUES (87, 87, '2012-09-25 15:34:13');
INSERT INTO `review_media` (`image_id`, `review_id`, `created_at`) VALUES (88, 88, '2017-03-17 00:52:43');
INSERT INTO `review_media` (`image_id`, `review_id`, `created_at`) VALUES (89, 89, '2016-03-16 16:55:24');
INSERT INTO `review_media` (`image_id`, `review_id`, `created_at`) VALUES (90, 90, '2018-12-20 10:16:32');
INSERT INTO `review_media` (`image_id`, `review_id`, `created_at`) VALUES (91, 91, '2012-04-12 00:24:10');
INSERT INTO `review_media` (`image_id`, `review_id`, `created_at`) VALUES (92, 92, '2017-05-11 18:11:04');
INSERT INTO `review_media` (`image_id`, `review_id`, `created_at`) VALUES (93, 93, '2015-12-20 13:20:05');
INSERT INTO `review_media` (`image_id`, `review_id`, `created_at`) VALUES (94, 94, '2014-09-07 02:44:46');
INSERT INTO `review_media` (`image_id`, `review_id`, `created_at`) VALUES (95, 95, '2018-12-04 19:56:44');
INSERT INTO `review_media` (`image_id`, `review_id`, `created_at`) VALUES (96, 96, '2017-03-14 10:14:18');
INSERT INTO `review_media` (`image_id`, `review_id`, `created_at`) VALUES (97, 97, '2011-11-21 21:24:42');
INSERT INTO `review_media` (`image_id`, `review_id`, `created_at`) VALUES (98, 98, '2019-01-19 03:12:06');
INSERT INTO `review_media` (`image_id`, `review_id`, `created_at`) VALUES (99, 99, '2016-12-19 06:50:31');
INSERT INTO `review_media` (`image_id`, `review_id`, `created_at`) VALUES (100, 100, '2020-01-31 07:53:54');

-- заполнение images

INSERT INTO `images` (`id`, `user_id`, `product_id`, `delivery_service_id`, `file_path`, `created_at`) VALUES (1, 1, 1, 24, 'http://lorempixel.com/640/480/', '2012-11-20 02:29:31');
INSERT INTO `images` (`id`, `user_id`, `product_id`, `delivery_service_id`, `file_path`, `created_at`) VALUES (2, 2, 2, 84, 'http://lorempixel.com/640/480/', '2017-03-14 06:02:46');
INSERT INTO `images` (`id`, `user_id`, `product_id`, `delivery_service_id`, `file_path`, `created_at`) VALUES (3, 3, 3, 30, 'http://lorempixel.com/640/480/', '2020-02-01 04:56:23');
INSERT INTO `images` (`id`, `user_id`, `product_id`, `delivery_service_id`, `file_path`, `created_at`) VALUES (4, 4, 4, 80, 'http://lorempixel.com/640/480/', '2011-02-05 01:12:07');
INSERT INTO `images` (`id`, `user_id`, `product_id`, `delivery_service_id`, `file_path`, `created_at`) VALUES (5, 5, 5, 94, 'http://lorempixel.com/640/480/', '2012-06-22 23:03:28');
INSERT INTO `images` (`id`, `user_id`, `product_id`, `delivery_service_id`, `file_path`, `created_at`) VALUES (6, 6, 6, 51, 'http://lorempixel.com/640/480/', '2016-07-22 12:42:22');
INSERT INTO `images` (`id`, `user_id`, `product_id`, `delivery_service_id`, `file_path`, `created_at`) VALUES (7, 7, 7, 70, 'http://lorempixel.com/640/480/', '2017-08-08 10:46:05');
INSERT INTO `images` (`id`, `user_id`, `product_id`, `delivery_service_id`, `file_path`, `created_at`) VALUES (8, 8, 8, 24, 'http://lorempixel.com/640/480/', '2014-02-09 04:59:20');
INSERT INTO `images` (`id`, `user_id`, `product_id`, `delivery_service_id`, `file_path`, `created_at`) VALUES (9, 9, 9, 29, 'http://lorempixel.com/640/480/', '2015-05-05 22:00:17');
INSERT INTO `images` (`id`, `user_id`, `product_id`, `delivery_service_id`, `file_path`, `created_at`) VALUES (10, 10, 10, 59, 'http://lorempixel.com/640/480/', '2013-09-14 16:25:59');
INSERT INTO `images` (`id`, `user_id`, `product_id`, `delivery_service_id`, `file_path`, `created_at`) VALUES (11, 11, 11, 89, 'http://lorempixel.com/640/480/', '2012-03-24 09:56:52');
INSERT INTO `images` (`id`, `user_id`, `product_id`, `delivery_service_id`, `file_path`, `created_at`) VALUES (12, 12, 12, 38, 'http://lorempixel.com/640/480/', '2014-12-01 11:01:48');
INSERT INTO `images` (`id`, `user_id`, `product_id`, `delivery_service_id`, `file_path`, `created_at`) VALUES (13, 13, 13, 80, 'http://lorempixel.com/640/480/', '2014-09-20 01:41:36');
INSERT INTO `images` (`id`, `user_id`, `product_id`, `delivery_service_id`, `file_path`, `created_at`) VALUES (14, 14, 14, 68, 'http://lorempixel.com/640/480/', '2010-06-10 10:45:25');
INSERT INTO `images` (`id`, `user_id`, `product_id`, `delivery_service_id`, `file_path`, `created_at`) VALUES (15, 15, 15, 18, 'http://lorempixel.com/640/480/', '2010-07-30 12:06:30');
INSERT INTO `images` (`id`, `user_id`, `product_id`, `delivery_service_id`, `file_path`, `created_at`) VALUES (16, 16, 16, 54, 'http://lorempixel.com/640/480/', '2016-04-04 03:59:55');
INSERT INTO `images` (`id`, `user_id`, `product_id`, `delivery_service_id`, `file_path`, `created_at`) VALUES (17, 17, 17, 41, 'http://lorempixel.com/640/480/', '2010-07-25 23:49:18');
INSERT INTO `images` (`id`, `user_id`, `product_id`, `delivery_service_id`, `file_path`, `created_at`) VALUES (18, 18, 18, 2, 'http://lorempixel.com/640/480/', '2012-09-06 22:51:43');
INSERT INTO `images` (`id`, `user_id`, `product_id`, `delivery_service_id`, `file_path`, `created_at`) VALUES (19, 19, 19, 19, 'http://lorempixel.com/640/480/', '2010-07-16 15:26:35');
INSERT INTO `images` (`id`, `user_id`, `product_id`, `delivery_service_id`, `file_path`, `created_at`) VALUES (20, 20, 20, 6, 'http://lorempixel.com/640/480/', '2011-01-24 01:54:37');
INSERT INTO `images` (`id`, `user_id`, `product_id`, `delivery_service_id`, `file_path`, `created_at`) VALUES (21, 21, 21, 75, 'http://lorempixel.com/640/480/', '2016-10-31 09:08:49');
INSERT INTO `images` (`id`, `user_id`, `product_id`, `delivery_service_id`, `file_path`, `created_at`) VALUES (22, 22, 22, 93, 'http://lorempixel.com/640/480/', '2013-05-03 11:40:32');
INSERT INTO `images` (`id`, `user_id`, `product_id`, `delivery_service_id`, `file_path`, `created_at`) VALUES (23, 23, 23, 91, 'http://lorempixel.com/640/480/', '2016-02-23 02:44:50');
INSERT INTO `images` (`id`, `user_id`, `product_id`, `delivery_service_id`, `file_path`, `created_at`) VALUES (24, 24, 24, 46, 'http://lorempixel.com/640/480/', '2020-04-12 10:26:38');
INSERT INTO `images` (`id`, `user_id`, `product_id`, `delivery_service_id`, `file_path`, `created_at`) VALUES (25, 25, 25, 100, 'http://lorempixel.com/640/480/', '2013-03-23 13:02:35');
INSERT INTO `images` (`id`, `user_id`, `product_id`, `delivery_service_id`, `file_path`, `created_at`) VALUES (26, 26, 26, 45, 'http://lorempixel.com/640/480/', '2011-10-21 02:53:49');
INSERT INTO `images` (`id`, `user_id`, `product_id`, `delivery_service_id`, `file_path`, `created_at`) VALUES (27, 27, 27, 13, 'http://lorempixel.com/640/480/', '2012-03-20 17:31:04');
INSERT INTO `images` (`id`, `user_id`, `product_id`, `delivery_service_id`, `file_path`, `created_at`) VALUES (28, 28, 28, 70, 'http://lorempixel.com/640/480/', '2012-12-27 16:06:57');
INSERT INTO `images` (`id`, `user_id`, `product_id`, `delivery_service_id`, `file_path`, `created_at`) VALUES (29, 29, 29, 98, 'http://lorempixel.com/640/480/', '2014-10-01 01:11:48');
INSERT INTO `images` (`id`, `user_id`, `product_id`, `delivery_service_id`, `file_path`, `created_at`) VALUES (30, 30, 30, 15, 'http://lorempixel.com/640/480/', '2019-08-06 12:43:19');
INSERT INTO `images` (`id`, `user_id`, `product_id`, `delivery_service_id`, `file_path`, `created_at`) VALUES (31, 31, 31, 17, 'http://lorempixel.com/640/480/', '2016-10-06 19:35:25');
INSERT INTO `images` (`id`, `user_id`, `product_id`, `delivery_service_id`, `file_path`, `created_at`) VALUES (32, 32, 32, 72, 'http://lorempixel.com/640/480/', '2017-01-10 06:20:56');
INSERT INTO `images` (`id`, `user_id`, `product_id`, `delivery_service_id`, `file_path`, `created_at`) VALUES (33, 33, 33, 11, 'http://lorempixel.com/640/480/', '2012-09-02 15:28:34');
INSERT INTO `images` (`id`, `user_id`, `product_id`, `delivery_service_id`, `file_path`, `created_at`) VALUES (34, 34, 34, 94, 'http://lorempixel.com/640/480/', '2017-04-17 07:16:02');
INSERT INTO `images` (`id`, `user_id`, `product_id`, `delivery_service_id`, `file_path`, `created_at`) VALUES (35, 35, 35, 100, 'http://lorempixel.com/640/480/', '2018-07-11 11:21:44');
INSERT INTO `images` (`id`, `user_id`, `product_id`, `delivery_service_id`, `file_path`, `created_at`) VALUES (36, 36, 36, 61, 'http://lorempixel.com/640/480/', '2011-04-06 11:57:45');
INSERT INTO `images` (`id`, `user_id`, `product_id`, `delivery_service_id`, `file_path`, `created_at`) VALUES (37, 37, 37, 29, 'http://lorempixel.com/640/480/', '2014-05-10 09:22:23');
INSERT INTO `images` (`id`, `user_id`, `product_id`, `delivery_service_id`, `file_path`, `created_at`) VALUES (38, 38, 38, 71, 'http://lorempixel.com/640/480/', '2010-05-01 10:27:59');
INSERT INTO `images` (`id`, `user_id`, `product_id`, `delivery_service_id`, `file_path`, `created_at`) VALUES (39, 39, 39, 62, 'http://lorempixel.com/640/480/', '2011-05-19 17:46:55');
INSERT INTO `images` (`id`, `user_id`, `product_id`, `delivery_service_id`, `file_path`, `created_at`) VALUES (40, 40, 40, 19, 'http://lorempixel.com/640/480/', '2011-12-03 03:24:59');
INSERT INTO `images` (`id`, `user_id`, `product_id`, `delivery_service_id`, `file_path`, `created_at`) VALUES (41, 41, 41, 42, 'http://lorempixel.com/640/480/', '2011-03-29 20:57:51');
INSERT INTO `images` (`id`, `user_id`, `product_id`, `delivery_service_id`, `file_path`, `created_at`) VALUES (42, 42, 42, 14, 'http://lorempixel.com/640/480/', '2018-12-28 11:37:21');
INSERT INTO `images` (`id`, `user_id`, `product_id`, `delivery_service_id`, `file_path`, `created_at`) VALUES (43, 43, 43, 93, 'http://lorempixel.com/640/480/', '2013-07-07 00:00:23');
INSERT INTO `images` (`id`, `user_id`, `product_id`, `delivery_service_id`, `file_path`, `created_at`) VALUES (44, 44, 44, 91, 'http://lorempixel.com/640/480/', '2014-03-20 16:53:10');
INSERT INTO `images` (`id`, `user_id`, `product_id`, `delivery_service_id`, `file_path`, `created_at`) VALUES (45, 45, 45, 42, 'http://lorempixel.com/640/480/', '2014-07-02 20:57:59');
INSERT INTO `images` (`id`, `user_id`, `product_id`, `delivery_service_id`, `file_path`, `created_at`) VALUES (46, 46, 46, 35, 'http://lorempixel.com/640/480/', '2018-11-11 13:07:51');
INSERT INTO `images` (`id`, `user_id`, `product_id`, `delivery_service_id`, `file_path`, `created_at`) VALUES (47, 47, 47, 96, 'http://lorempixel.com/640/480/', '2012-08-09 01:57:53');
INSERT INTO `images` (`id`, `user_id`, `product_id`, `delivery_service_id`, `file_path`, `created_at`) VALUES (48, 48, 48, 72, 'http://lorempixel.com/640/480/', '2014-09-23 21:08:11');
INSERT INTO `images` (`id`, `user_id`, `product_id`, `delivery_service_id`, `file_path`, `created_at`) VALUES (49, 49, 49, 88, 'http://lorempixel.com/640/480/', '2014-11-11 13:48:47');
INSERT INTO `images` (`id`, `user_id`, `product_id`, `delivery_service_id`, `file_path`, `created_at`) VALUES (50, 50, 50, 29, 'http://lorempixel.com/640/480/', '2019-11-14 11:45:30');
INSERT INTO `images` (`id`, `user_id`, `product_id`, `delivery_service_id`, `file_path`, `created_at`) VALUES (51, 51, 51, 89, 'http://lorempixel.com/640/480/', '2012-03-18 19:43:10');
INSERT INTO `images` (`id`, `user_id`, `product_id`, `delivery_service_id`, `file_path`, `created_at`) VALUES (52, 52, 52, 43, 'http://lorempixel.com/640/480/', '2017-08-10 19:12:52');
INSERT INTO `images` (`id`, `user_id`, `product_id`, `delivery_service_id`, `file_path`, `created_at`) VALUES (53, 53, 53, 12, 'http://lorempixel.com/640/480/', '2019-01-07 17:24:17');
INSERT INTO `images` (`id`, `user_id`, `product_id`, `delivery_service_id`, `file_path`, `created_at`) VALUES (54, 54, 54, 93, 'http://lorempixel.com/640/480/', '2011-10-08 15:40:40');
INSERT INTO `images` (`id`, `user_id`, `product_id`, `delivery_service_id`, `file_path`, `created_at`) VALUES (55, 55, 55, 64, 'http://lorempixel.com/640/480/', '2016-07-21 21:31:41');
INSERT INTO `images` (`id`, `user_id`, `product_id`, `delivery_service_id`, `file_path`, `created_at`) VALUES (56, 56, 56, 32, 'http://lorempixel.com/640/480/', '2017-01-22 00:11:17');
INSERT INTO `images` (`id`, `user_id`, `product_id`, `delivery_service_id`, `file_path`, `created_at`) VALUES (57, 57, 57, 39, 'http://lorempixel.com/640/480/', '2013-12-25 16:27:46');
INSERT INTO `images` (`id`, `user_id`, `product_id`, `delivery_service_id`, `file_path`, `created_at`) VALUES (58, 58, 58, 49, 'http://lorempixel.com/640/480/', '2010-07-22 13:16:45');
INSERT INTO `images` (`id`, `user_id`, `product_id`, `delivery_service_id`, `file_path`, `created_at`) VALUES (59, 59, 59, 46, 'http://lorempixel.com/640/480/', '2015-04-04 23:25:01');
INSERT INTO `images` (`id`, `user_id`, `product_id`, `delivery_service_id`, `file_path`, `created_at`) VALUES (60, 60, 60, 74, 'http://lorempixel.com/640/480/', '2012-06-26 05:32:04');
INSERT INTO `images` (`id`, `user_id`, `product_id`, `delivery_service_id`, `file_path`, `created_at`) VALUES (61, 61, 61, 77, 'http://lorempixel.com/640/480/', '2017-05-02 21:50:09');
INSERT INTO `images` (`id`, `user_id`, `product_id`, `delivery_service_id`, `file_path`, `created_at`) VALUES (62, 62, 62, 4, 'http://lorempixel.com/640/480/', '2014-04-27 17:05:49');
INSERT INTO `images` (`id`, `user_id`, `product_id`, `delivery_service_id`, `file_path`, `created_at`) VALUES (63, 63, 63, 96, 'http://lorempixel.com/640/480/', '2011-10-27 06:38:18');
INSERT INTO `images` (`id`, `user_id`, `product_id`, `delivery_service_id`, `file_path`, `created_at`) VALUES (64, 64, 64, 43, 'http://lorempixel.com/640/480/', '2012-01-15 08:03:35');
INSERT INTO `images` (`id`, `user_id`, `product_id`, `delivery_service_id`, `file_path`, `created_at`) VALUES (65, 65, 65, 52, 'http://lorempixel.com/640/480/', '2012-06-25 19:09:38');
INSERT INTO `images` (`id`, `user_id`, `product_id`, `delivery_service_id`, `file_path`, `created_at`) VALUES (66, 66, 66, 1, 'http://lorempixel.com/640/480/', '2011-04-03 20:04:45');
INSERT INTO `images` (`id`, `user_id`, `product_id`, `delivery_service_id`, `file_path`, `created_at`) VALUES (67, 67, 67, 57, 'http://lorempixel.com/640/480/', '2014-11-23 08:59:00');
INSERT INTO `images` (`id`, `user_id`, `product_id`, `delivery_service_id`, `file_path`, `created_at`) VALUES (68, 68, 68, 95, 'http://lorempixel.com/640/480/', '2020-01-04 12:18:25');
INSERT INTO `images` (`id`, `user_id`, `product_id`, `delivery_service_id`, `file_path`, `created_at`) VALUES (69, 69, 69, 42, 'http://lorempixel.com/640/480/', '2017-09-07 16:48:46');
INSERT INTO `images` (`id`, `user_id`, `product_id`, `delivery_service_id`, `file_path`, `created_at`) VALUES (70, 70, 70, 65, 'http://lorempixel.com/640/480/', '2018-12-08 01:43:36');
INSERT INTO `images` (`id`, `user_id`, `product_id`, `delivery_service_id`, `file_path`, `created_at`) VALUES (71, 71, 71, 4, 'http://lorempixel.com/640/480/', '2018-12-18 22:30:01');
INSERT INTO `images` (`id`, `user_id`, `product_id`, `delivery_service_id`, `file_path`, `created_at`) VALUES (72, 72, 72, 29, 'http://lorempixel.com/640/480/', '2016-02-22 19:48:09');
INSERT INTO `images` (`id`, `user_id`, `product_id`, `delivery_service_id`, `file_path`, `created_at`) VALUES (73, 73, 73, 18, 'http://lorempixel.com/640/480/', '2010-09-10 03:53:34');
INSERT INTO `images` (`id`, `user_id`, `product_id`, `delivery_service_id`, `file_path`, `created_at`) VALUES (74, 74, 74, 89, 'http://lorempixel.com/640/480/', '2013-01-07 20:55:39');
INSERT INTO `images` (`id`, `user_id`, `product_id`, `delivery_service_id`, `file_path`, `created_at`) VALUES (75, 75, 75, 86, 'http://lorempixel.com/640/480/', '2018-03-22 18:30:09');
INSERT INTO `images` (`id`, `user_id`, `product_id`, `delivery_service_id`, `file_path`, `created_at`) VALUES (76, 76, 76, 38, 'http://lorempixel.com/640/480/', '2018-03-05 01:19:03');
INSERT INTO `images` (`id`, `user_id`, `product_id`, `delivery_service_id`, `file_path`, `created_at`) VALUES (77, 77, 77, 11, 'http://lorempixel.com/640/480/', '2016-01-16 17:59:44');
INSERT INTO `images` (`id`, `user_id`, `product_id`, `delivery_service_id`, `file_path`, `created_at`) VALUES (78, 78, 78, 67, 'http://lorempixel.com/640/480/', '2017-05-19 04:06:32');
INSERT INTO `images` (`id`, `user_id`, `product_id`, `delivery_service_id`, `file_path`, `created_at`) VALUES (79, 79, 79, 24, 'http://lorempixel.com/640/480/', '2016-10-04 21:09:31');
INSERT INTO `images` (`id`, `user_id`, `product_id`, `delivery_service_id`, `file_path`, `created_at`) VALUES (80, 80, 80, 52, 'http://lorempixel.com/640/480/', '2018-09-30 12:34:20');
INSERT INTO `images` (`id`, `user_id`, `product_id`, `delivery_service_id`, `file_path`, `created_at`) VALUES (81, 81, 81, 99, 'http://lorempixel.com/640/480/', '2010-09-18 08:19:48');
INSERT INTO `images` (`id`, `user_id`, `product_id`, `delivery_service_id`, `file_path`, `created_at`) VALUES (82, 82, 82, 10, 'http://lorempixel.com/640/480/', '2019-11-20 20:38:35');
INSERT INTO `images` (`id`, `user_id`, `product_id`, `delivery_service_id`, `file_path`, `created_at`) VALUES (83, 83, 83, 23, 'http://lorempixel.com/640/480/', '2015-11-20 09:00:36');
INSERT INTO `images` (`id`, `user_id`, `product_id`, `delivery_service_id`, `file_path`, `created_at`) VALUES (84, 84, 84, 22, 'http://lorempixel.com/640/480/', '2018-01-29 07:53:42');
INSERT INTO `images` (`id`, `user_id`, `product_id`, `delivery_service_id`, `file_path`, `created_at`) VALUES (85, 85, 85, 38, 'http://lorempixel.com/640/480/', '2016-02-23 21:45:08');
INSERT INTO `images` (`id`, `user_id`, `product_id`, `delivery_service_id`, `file_path`, `created_at`) VALUES (86, 86, 86, 76, 'http://lorempixel.com/640/480/', '2010-12-19 16:14:47');
INSERT INTO `images` (`id`, `user_id`, `product_id`, `delivery_service_id`, `file_path`, `created_at`) VALUES (87, 87, 87, 46, 'http://lorempixel.com/640/480/', '2014-01-25 00:14:41');
INSERT INTO `images` (`id`, `user_id`, `product_id`, `delivery_service_id`, `file_path`, `created_at`) VALUES (88, 88, 88, 17, 'http://lorempixel.com/640/480/', '2012-07-04 06:24:15');
INSERT INTO `images` (`id`, `user_id`, `product_id`, `delivery_service_id`, `file_path`, `created_at`) VALUES (89, 89, 89, 89, 'http://lorempixel.com/640/480/', '2017-10-30 12:39:45');
INSERT INTO `images` (`id`, `user_id`, `product_id`, `delivery_service_id`, `file_path`, `created_at`) VALUES (90, 90, 90, 68, 'http://lorempixel.com/640/480/', '2011-01-28 10:20:38');
INSERT INTO `images` (`id`, `user_id`, `product_id`, `delivery_service_id`, `file_path`, `created_at`) VALUES (91, 91, 91, 5, 'http://lorempixel.com/640/480/', '2012-04-20 20:11:30');
INSERT INTO `images` (`id`, `user_id`, `product_id`, `delivery_service_id`, `file_path`, `created_at`) VALUES (92, 92, 92, 17, 'http://lorempixel.com/640/480/', '2011-05-08 02:22:36');
INSERT INTO `images` (`id`, `user_id`, `product_id`, `delivery_service_id`, `file_path`, `created_at`) VALUES (93, 93, 93, 65, 'http://lorempixel.com/640/480/', '2017-09-03 03:46:43');
INSERT INTO `images` (`id`, `user_id`, `product_id`, `delivery_service_id`, `file_path`, `created_at`) VALUES (94, 94, 94, 41, 'http://lorempixel.com/640/480/', '2019-01-29 04:07:15');
INSERT INTO `images` (`id`, `user_id`, `product_id`, `delivery_service_id`, `file_path`, `created_at`) VALUES (95, 95, 95, 82, 'http://lorempixel.com/640/480/', '2014-01-19 14:11:41');
INSERT INTO `images` (`id`, `user_id`, `product_id`, `delivery_service_id`, `file_path`, `created_at`) VALUES (96, 96, 96, 74, 'http://lorempixel.com/640/480/', '2013-06-04 15:08:50');
INSERT INTO `images` (`id`, `user_id`, `product_id`, `delivery_service_id`, `file_path`, `created_at`) VALUES (97, 97, 97, 62, 'http://lorempixel.com/640/480/', '2019-12-22 03:52:46');
INSERT INTO `images` (`id`, `user_id`, `product_id`, `delivery_service_id`, `file_path`, `created_at`) VALUES (98, 98, 98, 42, 'http://lorempixel.com/640/480/', '2014-03-15 05:13:40');
INSERT INTO `images` (`id`, `user_id`, `product_id`, `delivery_service_id`, `file_path`, `created_at`) VALUES (99, 99, 99, 85, 'http://lorempixel.com/640/480/', '2011-01-30 14:06:27');
INSERT INTO `images` (`id`, `user_id`, `product_id`, `delivery_service_id`, `file_path`, `created_at`) VALUES (100, 100, 100, 27, 'http://lorempixel.com/640/480/', '2013-05-23 20:37:13');

-- Корректировка данных:

-- users
UPDATE users SET phone = CONCAT(8, '(', FLOOR(899 + RAND() * 100), ')', FLOOR(100 + RAND() * 899), '-', FLOOR(10 + RAND() * 89), '-', FLOOR(10 + RAND() * 89));

-- profiles
UPDATE profiles SET created_at = NOW() WHERE created_at < birthday;
UPDATE profiles SET updated_at = NOW() WHERE updated_at < created_at;

-- figure_params
UPDATE figure_params SET weight = FLOOR(50 + RAND() * 100);
UPDATE figure_params SET sleeve_length = FLOOR(29 + RAND() * 42);
UPDATE figure_params SET shoes_size = FLOOR(34 + RAND() * 12);
UPDATE figure_params SET hip_girth = FLOOR(86 + RAND() * 68);
UPDATE figure_params SET waist_girth = FLOOR(58 + RAND() * 68);
UPDATE figure_params SET chest_girth = FLOOR(78 + RAND() * 68);
UPDATE figure_params SET height = FLOOR(140 + RAND() * 60);

-- user_addresses
UPDATE user_addresses SET mail_index = FLOOR(111111 + RAND() * 888888);
UPDATE user_addresses SET apart_num = FLOOR(1 + RAND() * 100);
UPDATE user_addresses SET house_num = FLOOR(1 + RAND() * 100);
UPDATE user_addresses SET user_id = FLOOR(1 + RAND() * 100);

-- requisites
UPDATE requisites SET user_id = FLOOR(1 + RAND() * 100);
UPDATE requisites SET BIC_bank = FLOOR(100000000 + RAND() * 899999999);
UPDATE requisites SET checking_account = CONCAT(FLOOR(1000000000 + RAND() * 8999999999), FLOOR(1000000000 + RAND() * 8999999999));

-- discounts
UPDATE discounts SET discount = 0.85 WHERE id = 1;
UPDATE discounts SET discount = 0.83 WHERE id = 2;
UPDATE discounts SET discount = 0.80 WHERE id = 3;
UPDATE discounts SET discount = 0.77 WHERE id = 4;
UPDATE discounts SET discount = 0.75 WHERE id = 5;
UPDATE discounts SET discount = RAND() WHERE id > 5;

-- notifications
UPDATE notifications SET user_id = FLOOR(1 + RAND() * 100);

-- catalogs
UPDATE catalogs SET updated_at = NOW() WHERE updated_at < created_at;

-- products
UPDATE products SET catalog_id = FLOOR(1 + RAND() * 16); 
UPDATE products SET price = ROUND(200 + RAND() * 10799, 2);

-- product_properties
UPDATE 
	product_properties 
SET 
	property_price = (
		SELECT * FROM (
			SELECT NULL UNION SELECT 1
			) AS p 
		ORDER BY RAND() LIMIT 1
	);

UPDATE product_properties SET property_price = FLOOR(100 + RAND() * 400) WHERE property_price = 1;


UPDATE 
	product_properties 
SET gender = (
		SELECT * FROM (
			SELECT NULL UNION SELECT 'm' UNION SELECT 'f'
			) AS g 
		ORDER BY RAND() LIMIT 1
	);

-- payment_types
UPDATE payment_types SET updated_at = NOW() WHERE updated_at < created_at;

-- delivery_methods
UPDATE delivery_methods SET updated_at = NOW() WHERE updated_at < created_at;

-- delivery_services
UPDATE delivery_services SET phone = CONCAT(8, '(', FLOOR(899 + RAND() * 100), ')', FLOOR(100 + RAND() * 899), '-', FLOOR(10 + RAND() * 89), '-', FLOOR(10 + RAND() * 89));

-- available_cities
UPDATE available_cities SET delivery_service_id = FLOOR(1 + RAND() * 100);
UPDATE available_cities SET price = FLOOR(499 + RAND() * 2001);

-- orders
UPDATE orders SET payment_type_id = FLOOR(1 + RAND() * 3);
UPDATE orders SET user_id = FLOOR(1 + RAND() * 100);

-- orders_delivery
UPDATE orders_delivery SET updated_at = NOW() WHERE updated_at < created_at;

-- orders_products
UPDATE orders_products SET updated_at = NOW() WHERE updated_at < created_at; 

-- users_carts
UPDATE users_carts SET user_id = FLOOR(1 + RAND() * 100);
UPDATE users_carts SET product_id = FLOOR(1 + RAND() * 100);

-- storehouses
UPDATE storehouses SET updated_at = NOW() WHERE updated_at < created_at;

-- storehouses_products
UPDATE storehouses_products SET storehouse_id = FLOOR(1 + RAND() * 30);
UPDATE storehouses_products SET value = FLOOR(30 + RAND() * 971);

-- rewievs
UPDATE reviews SET user_id = FLOOR(1 + RAND() * 100);

-- rewiev_media
UPDATE review_media SET image_id = FLOOR(1 + RAND() * 100);
UPDATE review_media SET review_id = FLOOR(1 + RAND() * 100);

-- images
UPDATE 
	images
SET 
	user_id = (
		SELECT * FROM (
			SELECT 1 UNION SELECT NULL
			) AS i 
		ORDER BY RAND() LIMIT 1
	);

UPDATE 
	images 
SET 
	product_id = (
		SELECT * FROM (
			SELECT 2 UNION SELECT NULL
			) AS i 
		ORDER BY RAND() LIMIT 1
	);

UPDATE 
	images
SET 
	delivery_service_id = (
		SELECT * FROM (
			SELECT 3 UNION SELECT NULL
			) AS p 
		ORDER BY RAND() LIMIT 1
	);

UPDATE images SET product_id = NULL WHERE user_id = 1;
UPDATE images SET delivery_service_id = NULL WHERE user_id = 1 OR product_id = 2;
UPDATE images SET user_id = FLOOR(1 + RAND() * 100) WHERE (user_id = 1 OR user_id IS NULL) AND product_id IS NULL AND delivery_service_id IS NULL;
UPDATE images SET product_id = FLOOR(1 + RAND() * 100) WHERE product_id = 2;
UPDATE images SET delivery_service_id = FLOOR(1 + RAND() * 100) WHERE delivery_service_id = 3;
UPDATE images SET file_path = CONCAT('http://dropbox.com/wb/file_', FLOOR(1000 + RAND() * 9000),'.img');
